"Classification","Path","Length","LastWriteUtc","Sha256"
"ignored",".trellis/.developer","55","2026-07-10T08:12:31.2078885Z","575d8f4f67054d759d220495d9ebbd3e3a803c2cc7610627296e25b6e9df51c6"
"ignored",".trellis/.runtime/sessions/codex_019f4af0-6343-7792-bdd5-d582429bae84.json","188","2026-07-13T02:17:09.2064457Z","6feaed2a9b9c241d830a8071bf47266e90ab9ec39d974115179eea8a212bfd74"
"ignored",".trellis/scripts/common/__pycache__/__init__.cpython-314.pyc","3152","2026-07-10T08:10:02.4180381Z","f48e0ecf90e41d5f60dd90b9fb68f8bd1dbdd4ce258176870bd03fcf8bc83834"
"ignored",".trellis/scripts/common/__pycache__/active_task.cpython-314.pyc","31494","2026-07-10T08:10:02.4537721Z","1730a876a73a8a98d863a9ca8ba00a45fa42af6ba457f9e7c2f285d8007b38f1"
"ignored",".trellis/scripts/common/__pycache__/config.cpython-314.pyc","18874","2026-07-10T08:10:02.5055376Z","2c3ee569746c41d07d6b224329d7ed81e4acaae3313d97faf68606b2eeb6f788"
"ignored",".trellis/scripts/common/__pycache__/developer.cpython-314.pyc","6616","2026-07-10T08:12:20.7757926Z","c324d931a4f13b8cfdfb8596f0c76c7073c30fea406d60cc002aa71bf9ea1ffc"
"ignored",".trellis/scripts/common/__pycache__/git.cpython-314.pyc","1545","2026-07-10T08:10:02.4759743Z","bc25d6e87dff123c6e6f4209a5d88e7020213869dcc83bcde73b48547465b15c"
"ignored",".trellis/scripts/common/__pycache__/git_context.cpython-314.pyc","3935","2026-07-10T08:10:02.4739751Z","9706b3a621271b5357ef1922f500f815d9303885e5e67100739fedf961591d4c"
"ignored",".trellis/scripts/common/__pycache__/io.cpython-314.pyc","1877","2026-07-10T08:10:02.5131714Z","9cad530f119d1ee03aeb30fe5a36ccdc4affa75db291ff2c190695c4ab3c29f1"
"ignored",".trellis/scripts/common/__pycache__/log.cpython-314.pyc","3085","2026-07-10T08:12:20.7883274Z","73d3819f1bb0fefcac21d80b8cd92c910b399efe98f73879cec3c8c3eb116fd6"
"ignored",".trellis/scripts/common/__pycache__/packages_context.cpython-314.pyc","10547","2026-07-10T08:10:02.5090517Z","0822d3ed6ba027de635b22a19375a76e3339a3b0fdf0d452057fd16046b8ca78"
"ignored",".trellis/scripts/common/__pycache__/paths.cpython-314.pyc","15006","2026-07-10T08:10:02.4292199Z","3f218f83c3a22c2357e44d44a289f3e7682e6f6aaac9d72b76d935a7cf45a64e"
"ignored",".trellis/scripts/common/__pycache__/safe_commit.cpython-314.pyc","13057","2026-07-10T08:12:20.8355795Z","816be761e5ba1076ff5d63d449ce93c32f82aa6b6db20e406a5ed5f805dbb696"
"ignored",".trellis/scripts/common/__pycache__/session_context.cpython-314.pyc","36247","2026-07-10T08:10:02.4932990Z","5fb51adebcaf19a12879098b21e37dede4784ee02bc4e26d4ae330235d677c29"
"ignored",".trellis/scripts/common/__pycache__/task_context.cpython-314.pyc","9684","2026-07-10T08:12:20.8451486Z","ce11764ced2c7549f7c591e40682b5dca9eca409d7091b0819155f7f4db2ceb4"
"ignored",".trellis/scripts/common/__pycache__/task_store.cpython-314.pyc","29765","2026-07-10T08:12:20.8210143Z","2e67f0631be4406557b0ff1755de7f3a553ba8290e1f35af0be121e43c781e43"
"ignored",".trellis/scripts/common/__pycache__/task_utils.cpython-314.pyc","10167","2026-07-10T08:12:20.7989799Z","baca68eb246bade92c82c27c5fe7b74682d6e054966feb8571dfaab4487efab1"
"ignored",".trellis/scripts/common/__pycache__/tasks.cpython-314.pyc","4914","2026-07-10T08:10:02.5111289Z","32b17cfc6d067d1a8434c4cb1283c2390b60a195263f7567c73c93ccac44bb6a"
"ignored",".trellis/scripts/common/__pycache__/trellis_config.cpython-314.pyc","6145","2026-07-10T08:10:02.5190233Z","e694c2ada907fdfc076546703c221016a371f901df60825cd8df3ec1d70ab095"
"ignored",".trellis/scripts/common/__pycache__/types.cpython-314.pyc","4518","2026-07-10T08:10:02.5155129Z","34c26448b62de155b395d517a95caf0da3c0b0c1fb208f093f4d4da3051f152d"
"ignored",".trellis/scripts/common/__pycache__/workflow_phase.cpython-314.pyc","9228","2026-07-10T08:10:02.5210512Z","ed7f7ddd536858b4713d3b61ae323f651aa0fad17ff6569538032d71422afd7c"
"ignored","ChurchReport.MemberInfo.Tests/obj/ChurchReport.MemberInfo.Tests.csproj.nuget.dgspec.json","316976","2026-07-13T01:51:39.1907994Z","81906d95dead8f682796c7dc2070abb15403a83621f256b7eaacaa96c79b27a1"
"ignored","ChurchReport.MemberInfo.Tests/obj/ChurchReport.MemberInfo.Tests.csproj.nuget.g.props","2836","2026-07-13T01:51:39.1827994Z","f5c7ee89494e630ce52ed85bbaebc8f1f330e1918f19fbfc5453cc3f2d3b3408"
"ignored","ChurchReport.MemberInfo.Tests/obj/ChurchReport.MemberInfo.Tests.csproj.nuget.g.targets","1875","2026-07-13T01:51:39.1837899Z","a1fb1cf831b0e65bd6c0be4e3f62d897ec83456efb3c0fb451ef6f5e8ec2d8da"
"ignored","ChurchReport.MemberInfo.Tests/obj/Debug/net10.0/.NETCoreApp,Version=v10.0.AssemblyAttributes.cs","200","2026-07-13T01:51:34.2272298Z","93d67476196ebfc80d1d7d8844b91146cfd678d105f5ce635eb900ca40610c9b"
"ignored","ChurchReport.MemberInfo.Tests/obj/Debug/net10.0/ChurchReport.MemberInfo.Tests.AssemblyInfo.cs","1136","2026-07-13T01:51:34.3100578Z","9dedfd7e94f6657b80375d1f73cd97e1a742491f2e693ee9e4455fafffaef710"
"ignored","ChurchReport.MemberInfo.Tests/obj/Debug/net10.0/ChurchReport.MemberInfo.Tests.AssemblyInfoInputs.cache","66","2026-07-13T01:51:34.3040601Z","37e177a2b2aed1979431a83b11e5776e4e9e1f0e2dffd83ede362a95fe4d1159"
"ignored","ChurchReport.MemberInfo.Tests/obj/Debug/net10.0/ChurchReport.MemberInfo.Tests.assets.cache","93824","2026-07-13T01:51:40.3575841Z","b6e26f4f8a19f74b34689dbcdfdb7614c79637b682270f522cf2e0ec8d4d0d4e"
"ignored","ChurchReport.MemberInfo.Tests/obj/Debug/net10.0/ChurchReport.MemberInfo.Tests.csproj.AssemblyReference.cache","34991","2026-07-13T01:51:40.9784927Z","11165c4ee13d33d763000fae7811a7d586c6fa9eac8c775dac103b6ef960d343"
"ignored","ChurchReport.MemberInfo.Tests/obj/Debug/net10.0/ChurchReport.MemberInfo.Tests.GeneratedMSBuildEditorConfig.editorconfig","921","2026-07-13T01:51:34.2272298Z","4c06e3471459bcd6bf222de732a02f1d1b70c7bb1f9b292f7fba529239755a4d"
"ignored","ChurchReport.MemberInfo.Tests/obj/Debug/net10.0/ChurchReport.MemberInfo.Tests.GlobalUsings.g.cs","239","2026-07-13T01:51:34.1182288Z","a3c6048bb4d922b1799a9977f84362a3787b68810cac67aa86ac3aa23295f227"
"ignored","ChurchReport.MemberInfo.Tests/obj/project.assets.json","217856","2026-07-13T01:51:39.1858009Z","849f7f24e692fda1ffc1942d5740c4861707d651d3430b1e787e6aa041004060"
"ignored","ChurchReport.MemberInfo.Tests/obj/project.nuget.cache","10840","2026-07-13T01:51:39.1877992Z","902c38d055104ec2b007994eee34f7aa92a18c4e1d69b17ddc09b291247c9bbb"
"ignored","Line.Messaging.Tests/obj/Debug/net10.0/.NETCoreApp,Version=v10.0.AssemblyAttributes.cs","200","2026-07-13T01:51:34.6336115Z","93d67476196ebfc80d1d7d8844b91146cfd678d105f5ce635eb900ca40610c9b"
"ignored","Line.Messaging.Tests/obj/Debug/net10.0/Line.Messaging.Tests.AssemblyInfo.cs","1109","2026-07-13T01:51:34.7366093Z","6221e618476a374fd15473ded9555623a97b136f88236f912dc010200ae0814b"
"ignored","Line.Messaging.Tests/obj/Debug/net10.0/Line.Messaging.Tests.AssemblyInfoInputs.cache","66","2026-07-13T01:51:34.7306094Z","beae242d2b3722e9a8fd3e6857fed7142b30db0b6e6fbe4a158fa92fabf5fda2"
"ignored","Line.Messaging.Tests/obj/Debug/net10.0/Line.Messaging.Tests.assets.cache","43844","2026-07-13T01:51:40.4132428Z","3ae442d4570fb5474fb1e3c0de1a1488025430a2196260a1bc79ce3f6a177bea"
"ignored","Line.Messaging.Tests/obj/Debug/net10.0/Line.Messaging.Tests.csproj.AssemblyReference.cache","19580","2026-07-13T01:51:40.4477584Z","4796a7d46424cdc4b11f5556788f3c1099e08621e7248d0106133e24e47c657a"
"ignored","Line.Messaging.Tests/obj/Debug/net10.0/Line.Messaging.Tests.GeneratedMSBuildEditorConfig.editorconfig","903","2026-07-13T01:51:34.6316106Z","379af4498ab80f212c4c50b976b19fa76943744acf50c786a372b9a01f68207e"
"ignored","Line.Messaging.Tests/obj/Debug/net10.0/Line.Messaging.Tests.GlobalUsings.g.cs","239","2026-07-13T01:51:34.5076131Z","a3c6048bb4d922b1799a9977f84362a3787b68810cac67aa86ac3aa23295f227"
"ignored","Line.Messaging.Tests/obj/Line.Messaging.Tests.csproj.nuget.dgspec.json","70129","2026-07-13T01:51:39.1297888Z","f60df42e931a04e64c01ffc65620bacb59ac22bf192d7891211752735e2d94e8"
"ignored","Line.Messaging.Tests/obj/Line.Messaging.Tests.csproj.nuget.g.props","2836","2026-07-13T01:51:39.1157876Z","f5c7ee89494e630ce52ed85bbaebc8f1f330e1918f19fbfc5453cc3f2d3b3408"
"ignored","Line.Messaging.Tests/obj/Line.Messaging.Tests.csproj.nuget.g.targets","921","2026-07-13T01:51:39.1177894Z","57285c9b35d8197d3df907f6627fe263b139ee519612ba9666a542c93b475bb2"
"ignored","Line.Messaging.Tests/obj/project.assets.json","95564","2026-07-13T01:51:39.1217892Z","9db2b5079b48919a9dfa9ac34c296beaad48be0451f6b4fe074158920ffa5d2e"
"ignored","Line.Messaging.Tests/obj/project.nuget.cache","4054","2026-07-13T01:51:39.1247880Z","48868f5a327dcbc73b32836444bdcdd0c8b253ef2b2b7821ca735263414e1674"
"ignored","Line.Messaging/obj/Debug/net10.0/.NETCoreApp,Version=v10.0.AssemblyAttributes.cs","200","2026-07-13T01:51:33.9377525Z","93d67476196ebfc80d1d7d8844b91146cfd678d105f5ce635eb900ca40610c9b"
"ignored","Line.Messaging/obj/Debug/net10.0/Line.Messaging.AssemblyInfo.cs","1447","2026-07-13T01:51:34.0227516Z","31764befc5fe84c0f1e881ce1acbfcac002e8112c9981c1bdcdc018ff3c83f02"
"ignored","Line.Messaging/obj/Debug/net10.0/Line.Messaging.AssemblyInfoInputs.cache","66","2026-07-13T01:51:34.0177537Z","7ef3f426ddd71ddce4e697f67d4879ab087f9d021593204be4163ddf4b56464d"
"ignored","Line.Messaging/obj/Debug/net10.0/Line.Messaging.assets.cache","997","2026-07-13T01:51:33.7961775Z","41dbebf660623d4ca711041466e7c0d886ed724dad283d6f57d29ae892fba279"
"ignored","Line.Messaging/obj/Debug/net10.0/Line.Messaging.csproj.AssemblyReference.cache","554","2026-07-13T01:51:33.8881775Z","3605dc4b625386bd542dacf3a54a2f11b943c90e385372beba3671472f1d4949"
"ignored","Line.Messaging/obj/Debug/net10.0/Line.Messaging.GeneratedMSBuildEditorConfig.editorconfig","891","2026-07-13T01:51:33.9357526Z","6992d1b149040be720c2010e741bedde0239b3fcbe364a4984eb933e143fd95a"
"ignored","Line.Messaging/obj/Line.Messaging.csproj.nuget.dgspec.json","22506","2026-07-10T10:50:40.0317338Z","8623b0d43ae601424bd60dd50a378257c90053d4773dc364fd5d87105c3ff090"
"ignored","Line.Messaging/obj/Line.Messaging.csproj.nuget.g.props","1318","2026-07-10T10:50:40.0001756Z","063ad93a2156b84af891458d0ce37e43848eff1d1e7bd80a32807d974e70f868"
"ignored","Line.Messaging/obj/Line.Messaging.csproj.nuget.g.targets","150","2026-07-10T10:50:40.0001756Z","971cc9b535384849b5c661d776cd7a80833a416265e32e8968e06c367368b8b5"
"ignored","Line.Messaging/obj/project.assets.json","23342","2026-07-10T10:50:40.0209956Z","c31085552f9d4e4b7bd69de2c3a3285bfcb21e1f59088c676e4955a8a1cd6a21"
"ignored","Line.Messaging/obj/project.nuget.cache","392","2026-07-10T10:50:40.0317338Z","f41926dc44d10c6c873ec6b11c574c3d67c80888621fa37368042a730357a65d"
"ignored","LineMessagingProcessor.AspNetCore.Tests/obj/Debug/net10.0/.NETCoreApp,Version=v10.0.AssemblyAttributes.cs","200","2026-07-13T01:51:34.6296122Z","93d67476196ebfc80d1d7d8844b91146cfd678d105f5ce635eb900ca40610c9b"
"ignored","LineMessagingProcessor.AspNetCore.Tests/obj/Debug/net10.0/LineMessagingProcessor.AspNetCore.Tests.AssemblyInfo.cs","1166","2026-07-13T01:51:34.7296113Z","9695c33a70439c3cc7976a85127a66b263fcb00b914ccfd1ea7a9cfc88a49ef3"
"ignored","LineMessagingProcessor.AspNetCore.Tests/obj/Debug/net10.0/LineMessagingProcessor.AspNetCore.Tests.AssemblyInfoInputs.cache","66","2026-07-13T01:51:34.7226097Z","d7680dd2fa0f7eea355da7d19b48cd3852b1a4d7b53de414724818e85e99f64a"
"ignored","LineMessagingProcessor.AspNetCore.Tests/obj/Debug/net10.0/LineMessagingProcessor.AspNetCore.Tests.assets.cache","43191","2026-07-13T01:51:40.2132769Z","966d2e13f9d789a7eb5b30bb6573f02e9ba429a950d978622bca2515b63923d3"
"ignored","LineMessagingProcessor.AspNetCore.Tests/obj/Debug/net10.0/LineMessagingProcessor.AspNetCore.Tests.csproj.AssemblyReference.cache","13119","2026-07-13T01:51:40.4371619Z","167139f065c50ea27697e8d692daa6ee3a266ab29d591743ea664dd806e9b84d"
"ignored","LineMessagingProcessor.AspNetCore.Tests/obj/Debug/net10.0/LineMessagingProcessor.AspNetCore.Tests.GeneratedMSBuildEditorConfig.editorconfig","941","2026-07-13T01:51:34.6276108Z","a662800e6174f1a6e24b57bbf027fed8efb06deeef99785f8c2953fe9c6fc263"
"ignored","LineMessagingProcessor.AspNetCore.Tests/obj/Debug/net10.0/LineMessagingProcessor.AspNetCore.Tests.GlobalUsings.g.cs","239","2026-07-13T01:51:34.5046098Z","a3c6048bb4d922b1799a9977f84362a3787b68810cac67aa86ac3aa23295f227"
"ignored","LineMessagingProcessor.AspNetCore.Tests/obj/LineMessagingProcessor.AspNetCore.Tests.csproj.nuget.dgspec.json","150875","2026-07-13T01:51:39.1227879Z","94d428bf68a3e52b0732a663b5baa5f219abb7639f6b4766e28dff64f862494c"
"ignored","LineMessagingProcessor.AspNetCore.Tests/obj/LineMessagingProcessor.AspNetCore.Tests.csproj.nuget.g.props","2836","2026-07-13T01:51:39.1157876Z","f5c7ee89494e630ce52ed85bbaebc8f1f330e1918f19fbfc5453cc3f2d3b3408"
"ignored","LineMessagingProcessor.AspNetCore.Tests/obj/LineMessagingProcessor.AspNetCore.Tests.csproj.nuget.g.targets","921","2026-07-13T01:51:39.1167897Z","57285c9b35d8197d3df907f6627fe263b139ee519612ba9666a542c93b475bb2"
"ignored","LineMessagingProcessor.AspNetCore.Tests/obj/project.assets.json","98771","2026-07-13T01:51:39.1187894Z","ac6ffc6fd04747345c52e754c1a1efbfa8a82433847a6e7bc636b48eec8e6e96"
"ignored","LineMessagingProcessor.AspNetCore.Tests/obj/project.nuget.cache","4092","2026-07-13T01:51:39.1207898Z","efd2486c2f0b357cf55db6acb768f396b02ccd46c81ebfdd4bba10b233a095f9"
"ignored","LineMessagingProcessor.AspNetCore/obj/Debug/net10.0/.NETCoreApp,Version=v10.0.AssemblyAttributes.cs","200","2026-07-13T01:51:34.6516098Z","93d67476196ebfc80d1d7d8844b91146cfd678d105f5ce635eb900ca40610c9b"
"ignored","LineMessagingProcessor.AspNetCore/obj/Debug/net10.0/LineMessagingProcessor.AspNetCore.AssemblyInfo.cs","1148","2026-07-13T01:51:34.7516121Z","93ee2012d775e0035db37ba7291c1233e5e55e1f21898bafed3a8dc1f053007b"
"ignored","LineMessagingProcessor.AspNetCore/obj/Debug/net10.0/LineMessagingProcessor.AspNetCore.AssemblyInfoInputs.cache","66","2026-07-13T01:51:34.7466106Z","3a6a71fe2731e5a7e5c2c79dc11d12064d6b4c402e79aff19f290ddbd9e87f53"
"ignored","LineMessagingProcessor.AspNetCore/obj/Debug/net10.0/LineMessagingProcessor.AspNetCore.assets.cache","1227","2026-07-13T01:51:40.2841018Z","ac55a2b1f24d013d96726f26d4631b046e893c7ddc2ff7449814af61b438d55f"
"ignored","LineMessagingProcessor.AspNetCore/obj/Debug/net10.0/LineMessagingProcessor.AspNetCore.csproj.AssemblyReference.cache","1069","2026-07-13T01:51:40.4251183Z","37c42cbf3041c0ce026ab4077876c67dff41fcc53387eeeb37e3ad9a7fa7e087"
"ignored","LineMessagingProcessor.AspNetCore/obj/Debug/net10.0/LineMessagingProcessor.AspNetCore.GeneratedMSBuildEditorConfig.editorconfig","929","2026-07-13T01:51:34.6506092Z","e822b0b5e578672c1fe85df07d8a48d04aa31b61a16f90d20529421c957eafbf"
"ignored","LineMessagingProcessor.AspNetCore/obj/Debug/net10.0/LineMessagingProcessor.AspNetCore.GlobalUsings.g.cs","239","2026-07-13T01:51:34.5076131Z","a3c6048bb4d922b1799a9977f84362a3787b68810cac67aa86ac3aa23295f227"
"ignored","LineMessagingProcessor.AspNetCore/obj/LineMessagingProcessor.AspNetCore.csproj.nuget.dgspec.json","125844","2026-07-13T01:51:39.0541888Z","d6c7199892507e7f0c7c871ea66ba43cb41917ee7df34ddb9ab9957917736e76"
"ignored","LineMessagingProcessor.AspNetCore/obj/LineMessagingProcessor.AspNetCore.csproj.nuget.g.props","1318","2026-07-13T01:51:39.0451991Z","063ad93a2156b84af891458d0ce37e43848eff1d1e7bd80a32807d974e70f868"
"ignored","LineMessagingProcessor.AspNetCore/obj/LineMessagingProcessor.AspNetCore.csproj.nuget.g.targets","150","2026-07-13T01:51:39.0471880Z","971cc9b535384849b5c661d776cd7a80833a416265e32e8968e06c367368b8b5"
"ignored","LineMessagingProcessor.AspNetCore/obj/project.assets.json","38640","2026-07-13T01:51:39.0481876Z","820e4b60d2fef24a4c777287668876745a64938b33e60e58294b7dd0dd1eeacf"
"ignored","LineMessagingProcessor.AspNetCore/obj/project.nuget.cache","533","2026-07-13T01:51:39.0491907Z","ee0d631f2d36b658479c0df04a977dadd72d371e8344e8040843c747f0a613cc"
"ignored","LineMessagingProcessor.RichMenus.Tests/obj/Debug/net10.0/.NETCoreApp,Version=v10.0.AssemblyAttributes.cs","200","2026-07-13T01:51:34.6296122Z","93d67476196ebfc80d1d7d8844b91146cfd678d105f5ce635eb900ca40610c9b"
"ignored","LineMessagingProcessor.RichMenus.Tests/obj/Debug/net10.0/LineMessagingProcessor.RichMenus.Tests.AssemblyInfo.cs","1163","2026-07-13T01:51:34.7296113Z","0c4e96fb6d6cc3be94e9b65e06c07b6798b9ac7a00dbdad2ebe49c9aa1b19997"
"ignored","LineMessagingProcessor.RichMenus.Tests/obj/Debug/net10.0/LineMessagingProcessor.RichMenus.Tests.AssemblyInfoInputs.cache","66","2026-07-13T01:51:34.7236094Z","318d37a0314a5f1a16d4f7f1c362d45f0874956221fc151e5ecb82926bf3fbb9"
"ignored","LineMessagingProcessor.RichMenus.Tests/obj/Debug/net10.0/LineMessagingProcessor.RichMenus.Tests.assets.cache","43291","2026-07-13T01:51:40.3690618Z","83d18af76fe55721147b454907c8da7d8e52b2307ab239ed906cdfd2bc1e6854"
"ignored","LineMessagingProcessor.RichMenus.Tests/obj/Debug/net10.0/LineMessagingProcessor.RichMenus.Tests.csproj.AssemblyReference.cache","19580","2026-07-13T01:51:40.4221813Z","4796a7d46424cdc4b11f5556788f3c1099e08621e7248d0106133e24e47c657a"
"ignored","LineMessagingProcessor.RichMenus.Tests/obj/Debug/net10.0/LineMessagingProcessor.RichMenus.Tests.GeneratedMSBuildEditorConfig.editorconfig","939","2026-07-13T01:51:34.6286113Z","512060ea9cc5ea2e9c43860518523e0213dcc423db06d9cd18c42a6b74d784a9"
"ignored","LineMessagingProcessor.RichMenus.Tests/obj/Debug/net10.0/LineMessagingProcessor.RichMenus.Tests.GlobalUsings.g.cs","239","2026-07-13T01:51:34.5076131Z","a3c6048bb4d922b1799a9977f84362a3787b68810cac67aa86ac3aa23295f227"
"ignored","LineMessagingProcessor.RichMenus.Tests/obj/LineMessagingProcessor.RichMenus.Tests.csproj.nuget.dgspec.json","93312","2026-07-13T01:51:39.1297888Z","7e594588b55921de1e3e75badacb2fd3f8da8efe5ac517793e587aacea982009"
"ignored","LineMessagingProcessor.RichMenus.Tests/obj/LineMessagingProcessor.RichMenus.Tests.csproj.nuget.g.props","2836","2026-07-13T01:51:39.1157876Z","f5c7ee89494e630ce52ed85bbaebc8f1f330e1918f19fbfc5453cc3f2d3b3408"
"ignored","LineMessagingProcessor.RichMenus.Tests/obj/LineMessagingProcessor.RichMenus.Tests.csproj.nuget.g.targets","921","2026-07-13T01:51:39.1177894Z","57285c9b35d8197d3df907f6627fe263b139ee519612ba9666a542c93b475bb2"
"ignored","LineMessagingProcessor.RichMenus.Tests/obj/project.assets.json","96303","2026-07-13T01:51:39.1217892Z","80545fd8a347626ed5d8b28dcb58176e41c192e48d012a778cb41b1dba3b7cb0"
"ignored","LineMessagingProcessor.RichMenus.Tests/obj/project.nuget.cache","4090","2026-07-13T01:51:39.1247880Z","6abbbec95a81dc30b11017a713acebc2cf234dd8ecaf2fa5f35733825c57561f"
"ignored","LineMessagingProcessor.RichMenus/obj/Debug/net10.0/.NETCoreApp,Version=v10.0.AssemblyAttributes.cs","200","2026-07-13T01:51:34.6326112Z","93d67476196ebfc80d1d7d8844b91146cfd678d105f5ce635eb900ca40610c9b"
"ignored","LineMessagingProcessor.RichMenus/obj/Debug/net10.0/LineMessagingProcessor.RichMenus.AssemblyInfo.cs","1145","2026-07-13T01:51:34.7316095Z","4a9fef4b73a2c0fa3f3e75761c9381f2f162ac33dbe6d512f39650fa45403aef"
"ignored","LineMessagingProcessor.RichMenus/obj/Debug/net10.0/LineMessagingProcessor.RichMenus.AssemblyInfoInputs.cache","66","2026-07-13T01:51:34.7256101Z","e3760a3285b8e674d884e70454699cbc02359bb0a81c04e592eea46aa78cecd1"
"ignored","LineMessagingProcessor.RichMenus/obj/Debug/net10.0/LineMessagingProcessor.RichMenus.assets.cache","7978","2026-07-13T01:51:40.2939946Z","401bd16c77c51ceae8cb5812903da6d88195185b731102a382a01ab363712248"
"ignored","LineMessagingProcessor.RichMenus/obj/Debug/net10.0/LineMessagingProcessor.RichMenus.csproj.AssemblyReference.cache","7530","2026-07-13T01:51:40.3376166Z","74febdde10f5878c9164bc1d5da0c07a5bd0a7d0a6581b565fa2e02a0292f51e"
"ignored","LineMessagingProcessor.RichMenus/obj/Debug/net10.0/LineMessagingProcessor.RichMenus.GeneratedMSBuildEditorConfig.editorconfig","927","2026-07-13T01:51:34.6316106Z","2d242c01dcc15e1e3dad0415e43e1fe9e17296cdee4a93c4c366428f96e353bd"
"ignored","LineMessagingProcessor.RichMenus/obj/Debug/net10.0/LineMessagingProcessor.RichMenus.GlobalUsings.g.cs","239","2026-07-13T01:51:34.5076131Z","a3c6048bb4d922b1799a9977f84362a3787b68810cac67aa86ac3aa23295f227"
"ignored","LineMessagingProcessor.RichMenus/obj/LineMessagingProcessor.RichMenus.csproj.nuget.dgspec.json","68984","2026-07-13T01:51:39.0801891Z","012e65e86eb0ff12b1722a41cc740c0bb54bb51524649e1616090b484876ce16"
"ignored","LineMessagingProcessor.RichMenus/obj/LineMessagingProcessor.RichMenus.csproj.nuget.g.props","1318","2026-07-13T01:51:39.0691904Z","063ad93a2156b84af891458d0ce37e43848eff1d1e7bd80a32807d974e70f868"
"ignored","LineMessagingProcessor.RichMenus/obj/LineMessagingProcessor.RichMenus.csproj.nuget.g.targets","150","2026-07-13T01:51:39.0701890Z","971cc9b535384849b5c661d776cd7a80833a416265e32e8968e06c367368b8b5"
"ignored","LineMessagingProcessor.RichMenus/obj/project.assets.json","47034","2026-07-13T01:51:39.0741901Z","f8e70c68a3f6b46f3a928ac7a10b84b336c1529766239ff359dfd67354ce35b9"
"ignored","LineMessagingProcessor.RichMenus/obj/project.nuget.cache","2046","2026-07-13T01:51:39.0761899Z","ffad00a5d139eb68100fc5f44abeab05e2a589dbc6a04c1d0d7e24ff648114b7"
"ignored","LineMessagingProcessor.Tests/obj/Debug/net10.0/.NETCoreApp,Version=v10.0.AssemblyAttributes.cs","200","2026-07-13T01:51:34.6326112Z","93d67476196ebfc80d1d7d8844b91146cfd678d105f5ce635eb900ca40610c9b"
"ignored","LineMessagingProcessor.Tests/obj/Debug/net10.0/LineMessagingProcessor.Tests.AssemblyInfo.cs","1133","2026-07-13T01:51:34.7326094Z","99652b615d175e44074b12ceb3d13a124d23242e3a841291109b585a8dfa1228"
"ignored","LineMessagingProcessor.Tests/obj/Debug/net10.0/LineMessagingProcessor.Tests.AssemblyInfoInputs.cache","66","2026-07-13T01:51:34.7266100Z","16891e12edc2dfa91189a2e06175481a67d5af977c9d9229db42ad9cb0c145b7"
"ignored","LineMessagingProcessor.Tests/obj/Debug/net10.0/LineMessagingProcessor.Tests.assets.cache","43291","2026-07-13T01:51:40.1578604Z","34706ea3614af50ca001afbb7be0e39ce694b36ede5b4aa0c48b179ebc425c45"
"ignored","LineMessagingProcessor.Tests/obj/Debug/net10.0/LineMessagingProcessor.Tests.csproj.AssemblyReference.cache","19580","2026-07-13T01:51:40.3626658Z","4796a7d46424cdc4b11f5556788f3c1099e08621e7248d0106133e24e47c657a"
"ignored","LineMessagingProcessor.Tests/obj/Debug/net10.0/LineMessagingProcessor.Tests.GeneratedMSBuildEditorConfig.editorconfig","919","2026-07-13T01:51:34.6316106Z","e09aa9ca6654575e2b2ac61d28b23c85e5ee7fed6ff64566cafb043a0bbceed3"
"ignored","LineMessagingProcessor.Tests/obj/Debug/net10.0/LineMessagingProcessor.Tests.GlobalUsings.g.cs","239","2026-07-13T01:51:34.5056106Z","a3c6048bb4d922b1799a9977f84362a3787b68810cac67aa86ac3aa23295f227"
"ignored","LineMessagingProcessor.Tests/obj/LineMessagingProcessor.Tests.csproj.nuget.dgspec.json","69810","2026-07-13T01:51:39.1297888Z","3718cf31752d0dbba799b44da7092ab90650016ad60daa948b3b95b1b8612c9f"
"ignored","LineMessagingProcessor.Tests/obj/LineMessagingProcessor.Tests.csproj.nuget.g.props","2836","2026-07-13T01:51:39.1167897Z","f5c7ee89494e630ce52ed85bbaebc8f1f330e1918f19fbfc5453cc3f2d3b3408"
"ignored","LineMessagingProcessor.Tests/obj/LineMessagingProcessor.Tests.csproj.nuget.g.targets","921","2026-07-13T01:51:39.1187894Z","57285c9b35d8197d3df907f6627fe263b139ee519612ba9666a542c93b475bb2"
"ignored","LineMessagingProcessor.Tests/obj/project.assets.json","95040","2026-07-13T01:51:39.1227879Z","4a8350a74682ff401f1b3f7e9e3877d9383f5c431910b07426ef525cc312a6cb"
"ignored","LineMessagingProcessor.Tests/obj/project.nuget.cache","4070","2026-07-13T01:51:39.1267877Z","83760dd8a0c59ae91e514920ee159c4032d1f898926e2acf07927da955bf25bf"
"ignored","LineMessagingProcessor.Workflows.Tests/obj/Debug/net10.0/.NETCoreApp,Version=v10.0.AssemblyAttributes.cs","200","2026-07-13T01:51:34.6376102Z","93d67476196ebfc80d1d7d8844b91146cfd678d105f5ce635eb900ca40610c9b"
"ignored","LineMessagingProcessor.Workflows.Tests/obj/Debug/net10.0/LineMessagingProcessor.Workflows.Tests.AssemblyInfo.cs","1163","2026-07-13T01:51:34.7416127Z","d05eb7ddd8a745c2508bd0a08f3d4d84d327a01c7bc0cf95664c1ab312e8b5d1"
"ignored","LineMessagingProcessor.Workflows.Tests/obj/Debug/net10.0/LineMessagingProcessor.Workflows.Tests.AssemblyInfoInputs.cache","66","2026-07-13T01:51:34.7366093Z","582f7f3a0c9d6233183ce3e58d1bcb16d9a5035393915b87b187d2494a997466"
"ignored","LineMessagingProcessor.Workflows.Tests/obj/Debug/net10.0/LineMessagingProcessor.Workflows.Tests.assets.cache","43291","2026-07-13T01:51:40.2579025Z","49e8563e8a14764423ed28e9baec71ce65d87cac7a60249972e0e153974af268"
"ignored","LineMessagingProcessor.Workflows.Tests/obj/Debug/net10.0/LineMessagingProcessor.Workflows.Tests.csproj.AssemblyReference.cache","19580","2026-07-13T01:51:40.4251183Z","4796a7d46424cdc4b11f5556788f3c1099e08621e7248d0106133e24e47c657a"
"ignored","LineMessagingProcessor.Workflows.Tests/obj/Debug/net10.0/LineMessagingProcessor.Workflows.Tests.GeneratedMSBuildEditorConfig.editorconfig","939","2026-07-13T01:51:34.6366107Z","af0a5b7045f44d970a465c13d725fd09f4ab30a1a6e6b867db4c367dd576c418"
"ignored","LineMessagingProcessor.Workflows.Tests/obj/Debug/net10.0/LineMessagingProcessor.Workflows.Tests.GlobalUsings.g.cs","239","2026-07-13T01:51:34.5076131Z","a3c6048bb4d922b1799a9977f84362a3787b68810cac67aa86ac3aa23295f227"
"ignored","LineMessagingProcessor.Workflows.Tests/obj/LineMessagingProcessor.Workflows.Tests.csproj.nuget.dgspec.json","93312","2026-07-13T01:51:39.1307882Z","ecbc83ee94f8b229ae83251c4e942fa39992d380bad3e0cb46e9d1af8f5642b0"
"ignored","LineMessagingProcessor.Workflows.Tests/obj/LineMessagingProcessor.Workflows.Tests.csproj.nuget.g.props","2836","2026-07-13T01:51:39.1167897Z","f5c7ee89494e630ce52ed85bbaebc8f1f330e1918f19fbfc5453cc3f2d3b3408"
"ignored","LineMessagingProcessor.Workflows.Tests/obj/LineMessagingProcessor.Workflows.Tests.csproj.nuget.g.targets","921","2026-07-13T01:51:39.1187894Z","57285c9b35d8197d3df907f6627fe263b139ee519612ba9666a542c93b475bb2"
"ignored","LineMessagingProcessor.Workflows.Tests/obj/project.assets.json","96303","2026-07-13T01:51:39.1227879Z","cfb13f6e227dee96785e27850e9aaa27e8f98275bb4db47e92e769831fafe24f"
"ignored","LineMessagingProcessor.Workflows.Tests/obj/project.nuget.cache","4090","2026-07-13T01:51:39.1257890Z","b7fd59d0c76251acfc1a4b0b08a000aa1994b60be7c431ee6ba60bd80ae8bb63"
"ignored","LineMessagingProcessor.Workflows/obj/Debug/net10.0/.NETCoreApp,Version=v10.0.AssemblyAttributes.cs","200","2026-07-13T01:51:34.6316106Z","93d67476196ebfc80d1d7d8844b91146cfd678d105f5ce635eb900ca40610c9b"
"ignored","LineMessagingProcessor.Workflows/obj/Debug/net10.0/LineMessagingProcessor.Workflows.AssemblyInfo.cs","1145","2026-07-13T01:51:34.7256101Z","7264949ff6688124b597fd86e4893a8c277462b196127a564d4f8996c742c232"
"ignored","LineMessagingProcessor.Workflows/obj/Debug/net10.0/LineMessagingProcessor.Workflows.AssemblyInfoInputs.cache","66","2026-07-13T01:51:34.7206093Z","30be006dd063e33172124fe0195d297ded323aaab52ec610b403688dd34fc58c"
"ignored","LineMessagingProcessor.Workflows/obj/Debug/net10.0/LineMessagingProcessor.Workflows.assets.cache","7978","2026-07-13T01:51:40.2501972Z","353ce43610a496029e3aa379634ce4e0cb473cf65f71752c6d1e533951d41338"
"ignored","LineMessagingProcessor.Workflows/obj/Debug/net10.0/LineMessagingProcessor.Workflows.csproj.AssemblyReference.cache","7530","2026-07-13T01:51:40.3575841Z","74febdde10f5878c9164bc1d5da0c07a5bd0a7d0a6581b565fa2e02a0292f51e"
"ignored","LineMessagingProcessor.Workflows/obj/Debug/net10.0/LineMessagingProcessor.Workflows.GeneratedMSBuildEditorConfig.editorconfig","927","2026-07-13T01:51:34.6306121Z","08e54bacdb84f903360316fd628a626ae54d7454aebf34a45035f201c5858415"
"ignored","LineMessagingProcessor.Workflows/obj/Debug/net10.0/LineMessagingProcessor.Workflows.GlobalUsings.g.cs","239","2026-07-13T01:51:34.5076131Z","a3c6048bb4d922b1799a9977f84362a3787b68810cac67aa86ac3aa23295f227"
"ignored","LineMessagingProcessor.Workflows/obj/LineMessagingProcessor.Workflows.csproj.nuget.dgspec.json","68984","2026-07-13T01:51:39.0801891Z","73170e90ddeab7140bed65465c6c19a39f79cf20b43f8ca643ecde12233bce18"
"ignored","LineMessagingProcessor.Workflows/obj/LineMessagingProcessor.Workflows.csproj.nuget.g.props","1318","2026-07-13T01:51:39.0691904Z","063ad93a2156b84af891458d0ce37e43848eff1d1e7bd80a32807d974e70f868"
"ignored","LineMessagingProcessor.Workflows/obj/LineMessagingProcessor.Workflows.csproj.nuget.g.targets","150","2026-07-13T01:51:39.0701890Z","971cc9b535384849b5c661d776cd7a80833a416265e32e8968e06c367368b8b5"
"ignored","LineMessagingProcessor.Workflows/obj/project.assets.json","47034","2026-07-13T01:51:39.0731916Z","486e7216e18d8ae4a6a54c189696aa514af7196895ff5c00169277a2374a6991"
"ignored","LineMessagingProcessor.Workflows/obj/project.nuget.cache","2046","2026-07-13T01:51:39.0761899Z","ced983d8cd0a4d4c02361a38be9fdbe4e1eeb228f71d332995369890c0df5222"
"ignored","LineMessagingProcessor/obj/Debug/net10.0/.NETCoreApp,Version=v10.0.AssemblyAttributes.cs","200","2026-07-13T01:51:34.2990612Z","93d67476196ebfc80d1d7d8844b91146cfd678d105f5ce635eb900ca40610c9b"
"ignored","LineMessagingProcessor/obj/Debug/net10.0/LineMessagingProcessor.AssemblyInfo.cs","1115","2026-07-13T01:51:34.3830578Z","03174d91823be63892aacf0ead634f0bf4a39c6ee3eb8c29f0c7c27a9379c275"
"ignored","LineMessagingProcessor/obj/Debug/net10.0/LineMessagingProcessor.AssemblyInfoInputs.cache","66","2026-07-13T01:51:34.3780562Z","1e6d24e6a13dd40ec727189f10ce031f9ac7e66d8cdb1640aefb1fbbc6bf0ec3"
"ignored","LineMessagingProcessor/obj/Debug/net10.0/LineMessagingProcessor.assets.cache","9030","2026-07-13T01:51:40.2579025Z","dddfe78aa293d7ee4b40d4764ac7f3cfe57bfe4b50a6fc8fa5bafcd18e121b48"
"ignored","LineMessagingProcessor/obj/Debug/net10.0/LineMessagingProcessor.csproj.AssemblyReference.cache","7530","2026-07-13T01:51:40.2900728Z","74febdde10f5878c9164bc1d5da0c07a5bd0a7d0a6581b565fa2e02a0292f51e"
"ignored","LineMessagingProcessor/obj/Debug/net10.0/LineMessagingProcessor.GeneratedMSBuildEditorConfig.editorconfig","907","2026-07-13T01:51:34.2980574Z","6aa3f155178187e3b35e0b0766d22cd50c01464a07f324bee30c1e0711c21265"
"ignored","LineMessagingProcessor/obj/LineMessagingProcessor.csproj.nuget.dgspec.json","45970","2026-07-13T01:51:39.0721921Z","a4279bc1da456a38012d5238e9b18e2bdb661c42e83b5dc8058983f384d85620"
"ignored","LineMessagingProcessor/obj/LineMessagingProcessor.csproj.nuget.g.props","1318","2026-07-13T01:51:39.0681895Z","063ad93a2156b84af891458d0ce37e43848eff1d1e7bd80a32807d974e70f868"
"ignored","LineMessagingProcessor/obj/LineMessagingProcessor.csproj.nuget.g.targets","150","2026-07-13T01:51:39.0681895Z","971cc9b535384849b5c661d776cd7a80833a416265e32e8968e06c367368b8b5"
"ignored","LineMessagingProcessor/obj/project.assets.json","46773","2026-07-13T01:51:39.0691904Z","07ca376ed93ec94a63580910e08b3dc99da8dabcd2c850c1db079b782b305587"
"ignored","LineMessagingProcessor/obj/project.nuget.cache","2026","2026-07-13T01:51:39.0711900Z","99206430815d2b9dca8abf67e3b7a18a1efa1bb05861cea2aee1b2c135d9c2c6"
"ignored","PowerPlatform.Dataverse.Client/obj/Debug/net10.0/.NETCoreApp,Version=v10.0.AssemblyAttributes.cs","200","2026-07-13T01:51:32.7857875Z","93d67476196ebfc80d1d7d8844b91146cfd678d105f5ce635eb900ca40610c9b"
"ignored","PowerPlatform.Dataverse.Client/obj/Debug/net10.0/PowerPlatform.Dataverse.Client.AssemblyInfo.cs","2654","2026-07-13T01:51:32.9154058Z","aada7ec0cb22ecc06e44d6ed488e4f834aaa2c1cbaec4a4fcd93c14d13ae6d22"
"ignored","PowerPlatform.Dataverse.Client/obj/Debug/net10.0/PowerPlatform.Dataverse.Client.AssemblyInfoInputs.cache","66","2026-07-13T01:51:32.9054124Z","c814733e60db5f260186b5916c6f5121ff186c56c3d8958ba4c537c2953320ed"
"ignored","PowerPlatform.Dataverse.Client/obj/Debug/net10.0/PowerPlatform.Dataverse.Client.assets.cache","43272","2026-07-13T01:51:32.5907897Z","f41342721ecf59ec9193bcef6c18270cb72b6bcbbeb0b3f551a4d87074b86e1b"
"ignored","PowerPlatform.Dataverse.Client/obj/Debug/net10.0/PowerPlatform.Dataverse.Client.csproj.AssemblyReference.cache","26785","2026-07-13T01:51:32.7177898Z","318887188a5ae08dff94334ef05e8192eae65e80dd2a9ddd2623f364a1155d92"
"ignored","PowerPlatform.Dataverse.Client/obj/Debug/net10.0/PowerPlatform.Dataverse.Client.GeneratedMSBuildEditorConfig.editorconfig","923","2026-07-13T01:51:32.7847871Z","2b38e4eccb909c3a75bc9f3719e01332a71b5e0bcdf74786ced418396e293b24"
"ignored","PowerPlatform.Dataverse.Client/obj/PowerPlatform.Dataverse.Client.csproj.nuget.dgspec.json","23412","2026-07-10T10:50:40.0948886Z","c2c87cf687e62b6e8ece7a00fc2083a79290b21c3a27c125ab70b351772e0dff"
"ignored","PowerPlatform.Dataverse.Client/obj/PowerPlatform.Dataverse.Client.csproj.nuget.g.props","1318","2026-07-10T10:50:40.0948886Z","063ad93a2156b84af891458d0ce37e43848eff1d1e7bd80a32807d974e70f868"
"ignored","PowerPlatform.Dataverse.Client/obj/PowerPlatform.Dataverse.Client.csproj.nuget.g.targets","581","2026-07-10T10:50:40.0948886Z","027768c4119bd7dc3443d3b1cc49a0e59134f63fce8d244c3e4b88fffa0364a3"
"ignored","PowerPlatform.Dataverse.Client/obj/project.assets.json","103402","2026-07-10T10:50:40.0948886Z","11021f32ea33daba9950e161c5626488cb910af395810d205e170bd66bf32853"
"ignored","PowerPlatform.Dataverse.Client/obj/project.nuget.cache","5792","2026-07-10T10:50:40.0948886Z","ac6f12bc291154b29688447393004f5769a6d18b53a002e82c9cd70f17ceb5ae"
"ignored","SpeechMessage.Payments.AspNetCore/obj/Debug/net10.0/.NETCoreApp,Version=v10.0.AssemblyAttributes.cs","200","2026-07-13T01:51:33.9187528Z","93d67476196ebfc80d1d7d8844b91146cfd678d105f5ce635eb900ca40610c9b"
"ignored","SpeechMessage.Payments.AspNetCore/obj/Debug/net10.0/SpeechMessage.Payments.AspNetCore.AssemblyInfo.cs","1148","2026-07-13T01:51:34.0087527Z","7c84c75adee0f132cd7123e22b14bc06cf35d532ee47da1589151dc1b5595083"
"ignored","SpeechMessage.Payments.AspNetCore/obj/Debug/net10.0/SpeechMessage.Payments.AspNetCore.AssemblyInfoInputs.cache","66","2026-07-13T01:51:34.0027522Z","303125b9872e7b79c6be1e05e9d7d51f86e19fec45703153a578bc1c1120635c"
"ignored","SpeechMessage.Payments.AspNetCore/obj/Debug/net10.0/SpeechMessage.Payments.AspNetCore.assets.cache","810","2026-07-13T01:51:40.2210205Z","e1a41c38d6bb258018eb98a7527a5cdfe014b2c79ccec7efa155d7c4d352006f"
"ignored","SpeechMessage.Payments.AspNetCore/obj/Debug/net10.0/SpeechMessage.Payments.AspNetCore.csproj.AssemblyReference.cache","554","2026-07-13T01:51:40.5419195Z","3605dc4b625386bd542dacf3a54a2f11b943c90e385372beba3671472f1d4949"
"ignored","SpeechMessage.Payments.AspNetCore/obj/Debug/net10.0/SpeechMessage.Payments.AspNetCore.GeneratedMSBuildEditorConfig.editorconfig","929","2026-07-13T01:51:33.9177535Z","48c708fbc3d4f4cb723634b7fc76a1abb256f11004b10177253403311e78c1f7"
"ignored","SpeechMessage.Payments.AspNetCore/obj/Debug/net10.0/SpeechMessage.Payments.AspNetCore.GlobalUsings.g.cs","239","2026-07-13T01:51:33.7861770Z","a3c6048bb4d922b1799a9977f84362a3787b68810cac67aa86ac3aa23295f227"
"ignored","SpeechMessage.Payments.AspNetCore/obj/project.assets.json","35230","2026-07-13T01:51:39.0481876Z","483b0aea4543bbda78ce62663f1cfe25bec6e841f912cc02e5d9ca409bdba7a3"
"ignored","SpeechMessage.Payments.AspNetCore/obj/project.nuget.cache","430","2026-07-13T01:51:39.0491907Z","f1d01778f368dc6b303e6178540f50515d1a4448fdec1db98facbc0d8db8e4ee"
"ignored","SpeechMessage.Payments.AspNetCore/obj/SpeechMessage.Payments.AspNetCore.csproj.nuget.dgspec.json","79135","2026-07-13T01:51:39.0511885Z","36c09106ab7d94c58a64679a66921980ebc9e5a9437e1ed7ec912a50a5942c10"
"ignored","SpeechMessage.Payments.AspNetCore/obj/SpeechMessage.Payments.AspNetCore.csproj.nuget.g.props","1318","2026-07-13T01:51:39.0451991Z","063ad93a2156b84af891458d0ce37e43848eff1d1e7bd80a32807d974e70f868"
"ignored","SpeechMessage.Payments.AspNetCore/obj/SpeechMessage.Payments.AspNetCore.csproj.nuget.g.targets","150","2026-07-13T01:51:39.0461876Z","971cc9b535384849b5c661d776cd7a80833a416265e32e8968e06c367368b8b5"
"ignored","SpeechMessage.Payments.Tests/obj/Debug/net10.0/.NETCoreApp,Version=v10.0.AssemblyAttributes.cs","200","2026-07-13T01:51:34.2152292Z","93d67476196ebfc80d1d7d8844b91146cfd678d105f5ce635eb900ca40610c9b"
"ignored","SpeechMessage.Payments.Tests/obj/Debug/net10.0/SpeechMessage.Payments.Tests.AssemblyInfo.cs","1133","2026-07-13T01:51:34.2990612Z","f2b057c9c24c707099f8d10011e1580a693cc8e6a6ff2aef312748f5a4827968"
"ignored","SpeechMessage.Payments.Tests/obj/Debug/net10.0/SpeechMessage.Payments.Tests.AssemblyInfoInputs.cache","66","2026-07-13T01:51:34.2950621Z","da27b7f47fec8dc1c080caf2a5779012288c66ec8c0a832c3965284ad1acdb5c"
"ignored","SpeechMessage.Payments.Tests/obj/Debug/net10.0/SpeechMessage.Payments.Tests.assets.cache","50163","2026-07-13T01:51:40.0835610Z","a268b7901b5d38cb6855d95b2b13c0e39475e720ce315c1cf53f76bd633a1735"
"ignored","SpeechMessage.Payments.Tests/obj/Debug/net10.0/SpeechMessage.Payments.Tests.csproj.AssemblyReference.cache","25196","2026-07-13T01:51:40.5733815Z","a8f64b352253a118989ee633a4a9580e37822493e2d394ba49ba23b384c4fdb7"
"ignored","SpeechMessage.Payments.Tests/obj/Debug/net10.0/SpeechMessage.Payments.Tests.GeneratedMSBuildEditorConfig.editorconfig","919","2026-07-13T01:51:34.2142301Z","37832a1abcaa0be361f06318dd5db7e6651dbf8c7a96d38ef9876fdfa7928acc"
"ignored","SpeechMessage.Payments.Tests/obj/Debug/net10.0/SpeechMessage.Payments.Tests.GlobalUsings.g.cs","239","2026-07-13T01:51:34.1082295Z","a3c6048bb4d922b1799a9977f84362a3787b68810cac67aa86ac3aa23295f227"
"ignored","SpeechMessage.Payments.Tests/obj/project.assets.json","122197","2026-07-13T01:51:39.1247880Z","848cae400d32b220d737b7b3d8811a0ea8c3b573738c7b575361325e65919707"
"ignored","SpeechMessage.Payments.Tests/obj/project.nuget.cache","5374","2026-07-13T01:51:39.1277891Z","22f385cef5b69479c16096b440f92f761851c4afe7d40e5289b61e847046b5c9"
"ignored","SpeechMessage.Payments.Tests/obj/SpeechMessage.Payments.Tests.csproj.nuget.dgspec.json","70358","2026-07-13T01:51:39.1317872Z","d8149537bb021db397ff567339087a7a82614fbfbc6f8fb9d0b14dcf3bf7bab9"
"ignored","SpeechMessage.Payments.Tests/obj/SpeechMessage.Payments.Tests.csproj.nuget.g.props","2836","2026-07-13T01:51:39.1187894Z","f5c7ee89494e630ce52ed85bbaebc8f1f330e1918f19fbfc5453cc3f2d3b3408"
"ignored","SpeechMessage.Payments.Tests/obj/SpeechMessage.Payments.Tests.csproj.nuget.g.targets","1875","2026-07-13T01:51:39.1217892Z","7e23acad64f784730adc362b0129ec7cfd2eebb84bcbc0516eafc7550e37cfc2"
"ignored","SpeechMessage.Payments.Workflows/obj/Debug/net10.0/.NETCoreApp,Version=v10.0.AssemblyAttributes.cs","200","2026-07-13T01:51:33.9047526Z","93d67476196ebfc80d1d7d8844b91146cfd678d105f5ce635eb900ca40610c9b"
"ignored","SpeechMessage.Payments.Workflows/obj/Debug/net10.0/SpeechMessage.Payments.Workflows.AssemblyInfo.cs","1145","2026-07-13T01:51:33.9947515Z","456590bc80e377b97455f3750581114af32c0a83920d6e61e9e27a454ad9654f"
"ignored","SpeechMessage.Payments.Workflows/obj/Debug/net10.0/SpeechMessage.Payments.Workflows.AssemblyInfoInputs.cache","66","2026-07-13T01:51:33.9887512Z","798b17d827aa79d12643f29d9efbe7ab7f5e20b1be1ea903ba19043fa8cbb13a"
"ignored","SpeechMessage.Payments.Workflows/obj/Debug/net10.0/SpeechMessage.Payments.Workflows.assets.cache","10522","2026-07-13T01:51:40.1959033Z","b52fb419b24ea28d9856d3aa22d50eb95af553ede456991a3e73d144ad3fe478"
"ignored","SpeechMessage.Payments.Workflows/obj/Debug/net10.0/SpeechMessage.Payments.Workflows.csproj.AssemblyReference.cache","9534","2026-07-13T01:51:40.4995247Z","742de6903cb4c1c44d3c2e7869d227fe627d8f21a8a0ac67f064bc2df53c0bf3"
"ignored","SpeechMessage.Payments.Workflows/obj/Debug/net10.0/SpeechMessage.Payments.Workflows.GeneratedMSBuildEditorConfig.editorconfig","927","2026-07-13T01:51:33.9037523Z","78ff10d3259d59fa83465a1286d2898257118ac585d194e31772554c1c75e4a3"
"ignored","SpeechMessage.Payments.Workflows/obj/Debug/net10.0/SpeechMessage.Payments.Workflows.GlobalUsings.g.cs","239","2026-07-13T01:51:33.7841770Z","a3c6048bb4d922b1799a9977f84362a3787b68810cac67aa86ac3aa23295f227"
"ignored","SpeechMessage.Payments.Workflows/obj/project.assets.json","60794","2026-07-13T01:51:39.1207898Z","41bd400462a0297f516c8ffd2e4f17d78fd4cd31056f9061074184a7223d9ab0"
"ignored","SpeechMessage.Payments.Workflows/obj/project.nuget.cache","2501","2026-07-13T01:51:39.1237903Z","55c1688c87e791fcd3785b2c57ab9a833c6da0c1696c56d78441e5081fc59108"
"ignored","SpeechMessage.Payments.Workflows/obj/SpeechMessage.Payments.Workflows.csproj.nuget.dgspec.json","46013","2026-07-13T01:51:39.1277891Z","0c455e1365dd046be70f1b89be621cd3e4c42569d51a23ae881c1c6f19c76d6b"
"ignored","SpeechMessage.Payments.Workflows/obj/SpeechMessage.Payments.Workflows.csproj.nuget.g.props","1318","2026-07-13T01:51:39.1147894Z","063ad93a2156b84af891458d0ce37e43848eff1d1e7bd80a32807d974e70f868"
"ignored","SpeechMessage.Payments.Workflows/obj/SpeechMessage.Payments.Workflows.csproj.nuget.g.targets","1207","2026-07-13T01:51:39.1167897Z","0210e15b492bf4ff61a0312d11750f20437cdf9e12d35cbdd3f2f13fdb47dffc"
"ignored","SpeechMessage.Payments/obj/Debug/net10.0/.NETCoreApp,Version=v10.0.AssemblyAttributes.cs","200","2026-07-13T01:51:32.9784052Z","93d67476196ebfc80d1d7d8844b91146cfd678d105f5ce635eb900ca40610c9b"
"ignored","SpeechMessage.Payments/obj/Debug/net10.0/SpeechMessage.Payments.AssemblyInfo.cs","1115","2026-07-13T01:51:33.0824047Z","4546df9edf300cda5c1346b533eecc9cfc9b5cf29fd8b996cf7b0f3227e5abb5"
"ignored","SpeechMessage.Payments/obj/Debug/net10.0/SpeechMessage.Payments.AssemblyInfoInputs.cache","66","2026-07-13T01:51:33.0764049Z","1c19ac4c8bf3bb5b2b46a3f38ba35a089e8bbf97029b4074caf39453b5266a00"
"ignored","SpeechMessage.Payments/obj/Debug/net10.0/SpeechMessage.Payments.assets.cache","11602","2026-07-13T01:51:40.1882313Z","6c01248d9ab5f2c755711fac6a3d3a2298a7184414594a8c89e0230af863e373"
"ignored","SpeechMessage.Payments/obj/Debug/net10.0/SpeechMessage.Payments.csproj.AssemblyReference.cache","9534","2026-07-13T01:51:40.2163207Z","742de6903cb4c1c44d3c2e7869d227fe627d8f21a8a0ac67f064bc2df53c0bf3"
"ignored","SpeechMessage.Payments/obj/Debug/net10.0/SpeechMessage.Payments.GeneratedMSBuildEditorConfig.editorconfig","907","2026-07-13T01:51:32.9774057Z","28ed22ed7d4be9fa6242b944c7410c2fe49050e555fb940f75bc364bacf3d495"
"ignored","SpeechMessage.Payments/obj/Debug/net10.0/SpeechMessage.Payments.GlobalUsings.g.cs","239","2026-07-13T01:51:32.9204075Z","a3c6048bb4d922b1799a9977f84362a3787b68810cac67aa86ac3aa23295f227"
"ignored","SpeechMessage.Payments/obj/project.assets.json","60574","2026-07-13T01:51:39.1227879Z","4223f5c6df66097aacadf513d53282c46102ed544eada1a1169412bddd0d52b0"
"ignored","SpeechMessage.Payments/obj/project.nuget.cache","2481","2026-07-13T01:51:39.1257890Z","5e56e073ebcea1a47328f0e3e820d17eb3302c833ae0672f05de303e651244f6"
"ignored","SpeechMessage.Payments/obj/SpeechMessage.Payments.csproj.nuget.dgspec.json","23335","2026-07-13T01:51:39.1297888Z","b0747fd74da9048584bed03851492be5db671f64570eba781cb9386c84c79548"
"ignored","SpeechMessage.Payments/obj/SpeechMessage.Payments.csproj.nuget.g.props","1318","2026-07-13T01:51:39.1177894Z","063ad93a2156b84af891458d0ce37e43848eff1d1e7bd80a32807d974e70f868"
"ignored","SpeechMessage.Payments/obj/SpeechMessage.Payments.csproj.nuget.g.targets","1207","2026-07-13T01:51:39.1207898Z","0210e15b492bf4ff61a0312d11750f20437cdf9e12d35cbdd3f2f13fdb47dffc"
"ignored","SpeechMessageProducts.ChurchReport/obj/Debug/net10.0/.NETCoreApp,Version=v10.0.AssemblyAttributes.cs","200","2026-07-13T01:51:34.7156093Z","93d67476196ebfc80d1d7d8844b91146cfd678d105f5ce635eb900ca40610c9b"
"ignored","SpeechMessageProducts.ChurchReport/obj/Debug/net10.0/rpswa.dswa.cache.json","840058","2026-07-13T01:51:35.6102885Z","0146077e0cea3f8f7d6b5e2dd47029de0488558e0ed239d6ba3cdf894fb8d297"
"ignored","SpeechMessageProducts.ChurchReport/obj/Debug/net10.0/SpeechMessageProducts.ChurchReport.AssemblyInfo.cs","1151","2026-07-13T01:51:34.8216112Z","a8d4d1892d1bb8a0f696177e869601868c217fa172979a60005af552a6b75621"
"ignored","SpeechMessageProducts.ChurchReport/obj/Debug/net10.0/SpeechMessageProducts.ChurchReport.AssemblyInfoInputs.cache","66","2026-07-13T01:51:34.8156179Z","b2b31e18ab0ed9e2903fc2f644ec4590a40168cf63a9542b5d466a6234cf0403"
"ignored","SpeechMessageProducts.ChurchReport/obj/Debug/net10.0/SpeechMessageProducts.ChurchReport.assets.cache","41852","2026-07-13T01:51:40.3908439Z","437b60ef16a4e15cbbf3579792c59e064fa1e631ffb386a5472eca3f8cc5cdf0"
"ignored","SpeechMessageProducts.ChurchReport/obj/Debug/net10.0/SpeechMessageProducts.ChurchReport.csproj.AssemblyReference.cache","23000","2026-07-13T01:51:40.6292382Z","e228569ec492d38eb68b3146cacdbc452a4acd0436e5726d810641a3476f1490"
"ignored","SpeechMessageProducts.ChurchReport/obj/Debug/net10.0/SpeechMessageProducts.ChurchReport.GeneratedMSBuildEditorConfig.editorconfig","27180","2026-07-13T01:51:34.7136116Z","5da9e79aec327c11640110ca8c494cc7715c200fb1a1452d887cc4e9b9e9aa10"
"ignored","SpeechMessageProducts.ChurchReport/obj/Debug/net10.0/SpeechMessageProducts.ChurchReport.RazorAssemblyInfo.cache","66","2026-07-13T01:51:34.8236128Z","f8c8a3e2e2fb599efc8641842f86c2050435b60e905330f4ce886f29a03a49e3"
"ignored","SpeechMessageProducts.ChurchReport/obj/Debug/net10.0/SpeechMessageProducts.ChurchReport.RazorAssemblyInfo.cs","767","2026-07-13T01:51:34.8256104Z","be6cdb29e6a00ee14badbce064459a92a43db4b60c91ca8781e4a3eb77e94d6a"
"ignored","SpeechMessageProducts.ChurchReport/obj/Debug/net10.0/staticwebassets.removed.txt","0","2026-07-13T01:51:35.7062871Z","e3b0c44298fc1c149afbf4c8996fb92427ae41e4649b934ca495991b7852b855"
"ignored","SpeechMessageProducts.ChurchReport/obj/project.assets.json","149194","2026-07-13T01:51:39.1907994Z","4efb5efaba2950b838de6f91c5c8ab106942c4d417e9a55c6525bba3be4ca435"
"ignored","SpeechMessageProducts.ChurchReport/obj/project.nuget.cache","5793","2026-07-13T01:51:39.1928037Z","658c840ed4dec6ecebca6ecd4761a19d8e1c1ea4b9d96ad405b3810f700cf91d"
"ignored","SpeechMessageProducts.ChurchReport/obj/SpeechMessageProducts.ChurchReport.csproj.nuget.dgspec.json","291927","2026-07-13T01:51:39.1967988Z","1d209d3b9a71e481f454af8e3afbebbc74d91ae8f14be6e3c265e94b2b92e9da"
"ignored","SpeechMessageProducts.ChurchReport/obj/SpeechMessageProducts.ChurchReport.csproj.nuget.g.props","1617","2026-07-13T01:51:39.1867889Z","47692f575c21e97f27c86cb14339508df4f6f7ef9beec7ffcf9059e9d0c1c85d"
"ignored","SpeechMessageProducts.ChurchReport/obj/SpeechMessageProducts.ChurchReport.csproj.nuget.g.targets","150","2026-07-13T01:51:39.1877992Z","971cc9b535384849b5c661d776cd7a80833a416265e32e8968e06c367368b8b5"
"ignored","ToolUtility.Tests/obj/project.assets.json","115506","2026-07-10T10:50:40.1192891Z","8070e31e16a7feadecc4377746687d9aa6427b9f0a2695b2527d2e04008c063a"
"ignored","ToolUtility.Tests/obj/project.nuget.cache","7219","2026-07-10T10:50:40.1579106Z","cf62565869de453e37aa74be492393214da9392a3c7a33fdca42551965527562"
"ignored","ToolUtility.Tests/obj/ToolUtility.Tests.csproj.nuget.dgspec.json","76849","2026-07-10T10:50:40.1579106Z","a665c365e7f48b388da13f11b4fa296bb099e3f8c5073df516979b053681a29e"
"ignored","ToolUtility.Tests/obj/ToolUtility.Tests.csproj.nuget.g.props","3027","2026-07-10T10:50:40.1192891Z","ec2b81a788139fd4c07467f7e69fa3fb881f079cdae6e937f2a8a57d6da257c9"
"ignored","ToolUtility.Tests/obj/ToolUtility.Tests.csproj.nuget.g.targets","1917","2026-07-10T10:50:40.1192891Z","7022b90cb15ce6afc5dc61e4a55068b908ed02837c4bda3f5e39d800f7cbe83d"
"ignored","ToolUtility/obj/Debug/net10.0/.NETCoreApp,Version=v10.0.AssemblyAttributes.cs","200","2026-07-13T01:51:34.3160572Z","93d67476196ebfc80d1d7d8844b91146cfd678d105f5ce635eb900ca40610c9b"
"ignored","ToolUtility/obj/Debug/net10.0/ToolUtility.AssemblyInfo.cs","1082","2026-07-13T01:51:34.4006062Z","a7990b0c92e06c477710d0824ff393ac5dd6adf30ebb92b696f841a90e1ebe0d"
"ignored","ToolUtility/obj/Debug/net10.0/ToolUtility.AssemblyInfoInputs.cache","66","2026-07-13T01:51:34.3960579Z","3fa5b411cd847c41adaf17088a181532b163b2a68367f9753a6cd86e8781761b"
"ignored","ToolUtility/obj/Debug/net10.0/ToolUtility.assets.cache","55023","2026-07-13T01:51:33.4016051Z","fcb54295d59317ebdcbbc6947ee0b7087542f42303130b517f4cf5a8d8134a86"
"ignored","ToolUtility/obj/Debug/net10.0/ToolUtility.csproj.AssemblyReference.cache","31673","2026-07-13T01:51:34.3020591Z","398e505e712b16c92edc3c02d822b05897210fb7d8e2b84f072e378c1c02bcab"
"ignored","ToolUtility/obj/Debug/net10.0/ToolUtility.GeneratedMSBuildEditorConfig.editorconfig","885","2026-07-13T01:51:34.3150581Z","e1ad6ccf3865f783697add5ef2c86771a1256ee73fe249642ab082d7d4e55139"
"ignored","ToolUtility/obj/project.assets.json","146221","2026-07-10T10:50:40.0948886Z","11025604d7ec77f20b78cf28b4d541e7628245007295c22a6e9e2be694a27121"
"ignored","ToolUtility/obj/project.nuget.cache","7270","2026-07-10T10:50:40.0948886Z","a2110ac6dca85ac6e834e875bcbc7a965785c7290779fe103c7520631128e9e3"
"ignored","ToolUtility/obj/ToolUtility.csproj.nuget.dgspec.json","72081","2026-07-10T10:50:40.1107385Z","b5281f694b941bbb7476973e9e09af27d211b5c861509da85083f81a84a6cfec"
"ignored","ToolUtility/obj/ToolUtility.csproj.nuget.g.props","1318","2026-07-10T10:50:40.0948886Z","063ad93a2156b84af891458d0ce37e43848eff1d1e7bd80a32807d974e70f868"
"ignored","ToolUtility/obj/ToolUtility.csproj.nuget.g.targets","1201","2026-07-10T10:50:40.0948886Z","707aa3e3d3ed45826a1cfcb21c48023c97b4c2afdf7d6f2ba7cb26c5f23c63a3"
"tracked",".agents/skills/trellis-before-dev/SKILL.md","1892","2026-07-10T07:36:30.1420856Z","199d45432ad0a66ee051f2a1fcbd977126984037e4977d87b9c805daa3422fec"
"tracked",".agents/skills/trellis-brainstorm/SKILL.md","6324","2026-07-10T07:36:30.1420856Z","3073a0ebb23ce5657f04d1f20a71805fd3ec74d3490dd788fb4858fe55094c02"
"tracked",".agents/skills/trellis-break-loop/SKILL.md","7151","2026-07-10T07:36:30.1430843Z","2452e59334062e5676977377c6e5f7c6d286a343bfc4ca01177ef46df02fc07a"
"tracked",".agents/skills/trellis-channel/references/command-reference.md","17845","2026-07-10T07:36:30.1450849Z","8004e33542861c6621c8b99d9e33652503f3a6bdd9d19c803bb5a4064a6173c7"
"tracked",".agents/skills/trellis-channel/references/forum.md","8203","2026-07-10T07:36:30.1450849Z","b642d4d12671751e04284df2482627a01a77316e68b6c53d243b1482925ccc75"
"tracked",".agents/skills/trellis-channel/references/progress-debugging.md","8721","2026-07-10T07:36:30.1460848Z","e93f1860ede2c46bb7ff6fb7567243b8e42e854b78973f5af3b6de4329995c22"
"tracked",".agents/skills/trellis-channel/references/workers.md","11427","2026-07-10T07:36:30.1460848Z","39da7671f5ab889958bdbc7cf6968fa50440882acb997976b88fd17ff39c2bce"
"tracked",".agents/skills/trellis-channel/references/workflows.md","4616","2026-07-10T07:36:30.1470839Z","ebb1b721103b93b2e923ddd96d347ac7e7d7eeff8438bdf38b1fc27a46f8ebe4"
"tracked",".agents/skills/trellis-channel/SKILL.md","4939","2026-07-10T07:36:30.1440863Z","6d31e55ee8adc2312f365bbab8c4d0b4e66d4f5461e797460a3855b032d3fd0e"
"tracked",".agents/skills/trellis-check/SKILL.md","2911","2026-07-10T07:36:30.1470839Z","5c260db51826a7217eb71c3f5b1a02ae3a211335d46f6f08dd2a461037bd5656"
"tracked",".agents/skills/trellis-continue/SKILL.md","2721","2026-07-10T07:36:30.1480851Z","2d8ce531178f22ea469ecd2d107531a8c4aa0b294ab121192a137fbddd3edb26"
"tracked",".agents/skills/trellis-finish-work/SKILL.md","3767","2026-07-10T07:36:30.1490849Z","fabbc33001ad052dac963ead8644a20e044eb9d9a23c859935eb7f5c282d8292"
"tracked",".agents/skills/trellis-meta/references/customize-local/add-project-local-conventions.md","2589","2026-07-10T07:36:30.1500856Z","089fbe708369bbac4e9cb7fdaed610b312b29cc1ab771ac8f7f6b43408af42f1"
"tracked",".agents/skills/trellis-meta/references/customize-local/change-agents.md","2723","2026-07-10T07:36:30.1515875Z","9eaed26ef4e94114ae0b6dd6a0de2b740d76321f1e869197004721eaadb045d8"
"tracked",".agents/skills/trellis-meta/references/customize-local/change-context-loading.md","3386","2026-07-10T07:36:30.1525879Z","04035e5dcbda3c6304154e663ff35a709d817914317e0dc3ab950dfec7c6e6ba"
"tracked",".agents/skills/trellis-meta/references/customize-local/change-hooks.md","2369","2026-07-10T07:36:30.1525879Z","787a1d25fdb08ae06f29154b8322ab69da671f22d6e4bb38b0906f4a009961fe"
"tracked",".agents/skills/trellis-meta/references/customize-local/change-skills-or-commands.md","7077","2026-07-10T07:36:30.1535878Z","f499570fce5d62a600ec8d8826bf12fbf54471fc820005682c7fc2c592a8402e"
"tracked",".agents/skills/trellis-meta/references/customize-local/change-spec-structure.md","2467","2026-07-10T07:36:30.1535878Z","8c82ae1e03139caac072d46a5cd54aaa0cdfa348fb2e205cbe93e1a5e972fd74"
"tracked",".agents/skills/trellis-meta/references/customize-local/change-task-lifecycle.md","4682","2026-07-10T07:36:30.1535878Z","de533a68a41fa1e80f569b5c4e1a6c04b76ad372d9e511d3b471835072cef855"
"tracked",".agents/skills/trellis-meta/references/customize-local/change-workflow.md","4349","2026-07-10T07:36:30.1550936Z","2cc9cd7c5062c648398c090796e4caf68e9ce690a0602482b180e66cd819a05e"
"tracked",".agents/skills/trellis-meta/references/customize-local/overview.md","2922","2026-07-10T07:36:30.1550936Z","07b6a438e77d80e5735e7825248ed813374167f31018fbe0f67d2bf2bf6a8d8d"
"tracked",".agents/skills/trellis-meta/references/local-architecture/bundled-skills.md","11680","2026-07-10T07:36:30.1561007Z","26368580731217a38fb0e073a1d95b68ab67077be1f92cc77c29c9cc9f8d296b"
"tracked",".agents/skills/trellis-meta/references/local-architecture/context-injection.md","4133","2026-07-10T07:36:30.1571025Z","5eb6e756a3fec86af78712fcfcc282393b0c65d3d7575dcbd4001640b555e596"
"tracked",".agents/skills/trellis-meta/references/local-architecture/generated-files.md","3983","2026-07-10T07:36:30.1571025Z","fabea03153a7b41d0db677e48881682b2289eb2d47aba4d5a81f2113b3a45181"
"tracked",".agents/skills/trellis-meta/references/local-architecture/multi-agent-channel.md","6854","2026-07-10T07:36:30.1581001Z","b4066fbbea77fcfa7cfd974b2528e332208767101c7def163b69a099df82de26"
"tracked",".agents/skills/trellis-meta/references/local-architecture/overview.md","3798","2026-07-10T07:36:30.1581001Z","22fd95cb76cddce926caed8cac2425321781f9c7b5680b72e86c0205ff8412ae"
"tracked",".agents/skills/trellis-meta/references/local-architecture/spec-system.md","3536","2026-07-10T07:36:30.1591002Z","76635be6c17a7215748bc283cfba6ef8acc00ef6128ad52dbb6ba228d6209fc8"
"tracked",".agents/skills/trellis-meta/references/local-architecture/task-system.md","6234","2026-07-10T07:36:30.1591002Z","262acc2c9698007defcdc95289dc844def7a1a0bcd9390a77c6b42a18228d708"
"tracked",".agents/skills/trellis-meta/references/local-architecture/workflow.md","3831","2026-07-10T07:36:30.1600997Z","afd32df7503d557ad61ee0c6198c9b9c38a9d27a16df5a2ab97dd25f4f2a2645"
"tracked",".agents/skills/trellis-meta/references/local-architecture/workspace-memory.md","2835","2026-07-10T07:36:30.1600997Z","9e4f6af739c8b97f53d002ee50043dfc05580512979ab29cbe5d3768f9d9dfc8"
"tracked",".agents/skills/trellis-meta/references/platform-files/agents.md","3977","2026-07-10T07:36:30.1611302Z","3c8fa6352a4cf263480232f3f545caf6b0dace64b3d177f28ff59f29d33a71a5"
"tracked",".agents/skills/trellis-meta/references/platform-files/hooks-and-settings.md","4150","2026-07-10T07:36:30.1611302Z","c412080495c1af9096f8b4f976e9afb6f2fd237f23ca5866f8dfeed08ad261a2"
"tracked",".agents/skills/trellis-meta/references/platform-files/overview.md","3483","2026-07-10T07:36:30.1621307Z","74b4121fff22554d447a53ecbea3721b297739d4c0e1df3a1a6b329936b02ff3"
"tracked",".agents/skills/trellis-meta/references/platform-files/platform-map.md","5155","2026-07-10T07:36:30.1621307Z","a0f47010afffd84ede0d2e50e61b598197fb70243ddae0202bb889ef8d87ec26"
"tracked",".agents/skills/trellis-meta/references/platform-files/skills-and-commands.md","4013","2026-07-10T07:36:30.1631307Z","7330d730aa2edac0f8fc94f76eda8ba4d38ca320ad29a10cb265effd2d6e9e44"
"tracked",".agents/skills/trellis-meta/SKILL.md","12679","2026-07-10T07:36:30.1500856Z","6dbcfad7e3f8f8b3df12abf0bc4ebade138bf2e7b3a73c279cdfb45179175c6c"
"tracked",".agents/skills/trellis-session-insight/references/cli-quick-reference.md","6899","2026-07-10T07:36:30.1641308Z","ed74b8f6072c3e0df081acff348f30747c227fdce5f477b5b34781537f874fb9"
"tracked",".agents/skills/trellis-session-insight/references/triggering-patterns.md","4151","2026-07-10T07:36:30.1651301Z","65c14f0d6356ac2fe174b08d1004a9bb218e0e99bb9de27619e842f16300a060"
"tracked",".agents/skills/trellis-session-insight/SKILL.md","6460","2026-07-10T07:36:30.1641308Z","153afa9df17f44444402cb79978dc4ca92ec53010c902f2f03570a9df8f3da11"
"tracked",".agents/skills/trellis-spec-bootstrap/references/mcp-setup.md","2856","2026-07-10T07:36:30.1671304Z","324e149a07d5a4b7acf7b162cac466736938d3d2d08147bf139780ee3cfcef97"
"tracked",".agents/skills/trellis-spec-bootstrap/references/repository-analysis.md","2804","2026-07-10T07:36:30.1671304Z","9e24113607f362e51d64fb9228872bab32790d929d2474aeca1a985ac3a724ee"
"tracked",".agents/skills/trellis-spec-bootstrap/references/spec-task-planning.md","2292","2026-07-10T07:36:30.1681292Z","976903865d2918fdb07f12df32044eeb8e6a544b4b0e78a911fec7c9283bf436"
"tracked",".agents/skills/trellis-spec-bootstrap/references/spec-writing.md","2246","2026-07-10T07:36:30.1681292Z","022092cf1e94030bd17232b446f6cbf5c9355915178612419ac6246e95beddf8"
"tracked",".agents/skills/trellis-spec-bootstrap/SKILL.md","2720","2026-07-10T07:36:30.1661315Z","073887f5db840632d51e2933625965527e42898ff02ade7a028a78385c6eb12c"
"tracked",".agents/skills/trellis-start/SKILL.md","2892","2026-07-10T07:36:30.1691306Z","01003fba68849bbd693d8f8ecec1c14c2b342f2ec5581c602a5a61c126aa23e0"
"tracked",".agents/skills/trellis-update-spec/SKILL.md","10465","2026-07-10T07:36:30.1701310Z","27be6d654dbaa1b47f044346b64fcd5d513c3515bb55cf02bfbe914695390511"
"tracked",".ccg/dual-model-runs/20260704-135739-review-task/ccg-health-20260704-135756.json","12821","2026-07-10T07:36:30.1711578Z","335fe020db803e033cdd90db8882bbe2574c19b77eda925638fb7bd8b0e3ebe0"
"tracked",".ccg/dual-model-runs/20260704-135739-review-task/claude-reviewer-attempt-1.prompt.md","8700","2026-07-10T07:36:30.1721597Z","bdcd64b2c2a4a11d514af6b0033f510008e0ad8fc738800cfe78b1cca37d350f"
"tracked",".ccg/dual-model-runs/20260704-135739-review-task/claude-reviewer-attempt-1.stderr.md","296","2026-07-10T07:36:30.1721597Z","d7d52d87a1fe42ff0caee5d0dfcff7bc5fca1a6271cc07241180f7cffbf02505"
"tracked",".ccg/dual-model-runs/20260704-135739-review-task/claude-reviewer-attempt-1.stdout.md","4501","2026-07-10T07:36:30.1731587Z","e2653a11c9d65ef4d5c36b52e8a0b6d89b13c5c0eac02284bd10c819347d1f40"
"tracked",".ccg/dual-model-runs/20260704-135739-review-task/gemini-reviewer-attempt-1.prompt.md","8700","2026-07-10T07:36:30.1734730Z","5dd6edb1d0bf25fcb9de8db1d75fe918dbfa141ba79083e5526c2dba05c11f35"
"tracked",".ccg/dual-model-runs/20260704-135739-review-task/gemini-reviewer-attempt-1.stderr.md","1130","2026-07-10T07:36:30.1734730Z","96705dd50706b19f17d67b25edf11e01a078caea6a45e4b77c4b8c81efca3243"
"tracked",".ccg/dual-model-runs/20260704-135739-review-task/gemini-reviewer-attempt-1.stdout.md","22115","2026-07-10T07:36:30.1745850Z","97c2e60714cfb6bfa96effdd38df499526ebb53076c52b5399a50c06bcb02310"
"tracked",".ccg/dual-model-runs/20260704-135739-review-task/health-attempt-1.json","13084","2026-07-10T07:36:30.1755850Z","5f869fd908b68e00ccce07a97f9fe40b91df3202f10bdc8076fa26f43f3b86b4"
"tracked",".ccg/dual-model-runs/20260704-135739-review-task/summary.json","4085","2026-07-10T07:36:30.1755850Z","d310aa6957591f887309cd266a1111a07ede5aaf5c96679cb9eb5a875683102a"
"tracked",".ccg/dual-model-runs/20260704-135739-review-task/summary.md","790","2026-07-10T07:36:30.1765844Z","3ffdcaa0a5cb6dcd6534b71661dfed4e5198a5ef2382387afd841de3fc6e9ef3"
"tracked",".ccg/dual-model-runs/20260704-140352-line-richmenu-shared-orchestrator-review/ccg-health-20260704-140405.json","12777","2026-07-10T07:36:30.1765844Z","0fddc230938c982961eace4f47290ff533f572183d0bb6176a1bde180a52e04f"
"tracked",".ccg/dual-model-runs/20260704-140352-line-richmenu-shared-orchestrator-review/claude-reviewer-attempt-1.prompt.md","93181","2026-07-10T07:36:30.1775847Z","2d37c7c20430aed2cc444b36cac1c59f06a5c9c6a05564b860e04200804ffe34"
"tracked",".ccg/dual-model-runs/20260704-140352-line-richmenu-shared-orchestrator-review/claude-reviewer-attempt-1.stderr.md","296","2026-07-10T07:36:30.1785843Z","02f132134cdf668abaa8fd054b951a90a4ff0f87c6d58f59b163661e1a7d96a5"
"tracked",".ccg/dual-model-runs/20260704-140352-line-richmenu-shared-orchestrator-review/claude-reviewer-attempt-1.stdout.md","0","2026-07-10T07:36:30.1785843Z","e3b0c44298fc1c149afbf4c8996fb92427ae41e4649b934ca495991b7852b855"
"tracked",".ccg/dual-model-runs/20260704-140352-line-richmenu-shared-orchestrator-review/gemini-reviewer-attempt-1.prompt.md","93181","2026-07-10T07:36:30.1785843Z","725db7b1a0463a7c7c02b0e284e798c2727ecb269700bab1a8d083b2f80fd350"
"tracked",".ccg/dual-model-runs/20260704-140352-line-richmenu-shared-orchestrator-review/gemini-reviewer-attempt-1.stderr.md","517","2026-07-10T07:36:30.1785843Z","69b3ec605a7a9362793e0a6ca902481157b9c5b2bcbee0862776f006096296b6"
"tracked",".ccg/dual-model-runs/20260704-140352-line-richmenu-shared-orchestrator-review/gemini-reviewer-attempt-1.stdout.md","122808","2026-07-10T07:36:30.1800922Z","97a3ee0d8d2439d0d4dfd6bb50a6eaaee77bd689668eae62fb9f248e04a94745"
"tracked",".ccg/dual-model-runs/20260704-140352-line-richmenu-shared-orchestrator-review/health-attempt-1.json","13066","2026-07-10T07:36:30.1800922Z","739fc3fcb1f6e506c29d12915cac03ebef556804f20d89c41a38f5bef180c464"
"tracked",".ccg/dual-model-runs/20260704-140352-line-richmenu-shared-orchestrator-review/summary.json","4314","2026-07-10T07:36:30.1810674Z","7d2ddecefd30865efa685edb5f89826c95b86cb5362e625a8a6b21277e0a127a"
"tracked",".ccg/dual-model-runs/20260704-140352-line-richmenu-shared-orchestrator-review/summary.md","842","2026-07-10T07:36:30.1810674Z","85b1ab6cb8e6c2c7b756dac0657b554cfa7664205a36036e53aee3802da251ca"
"tracked",".ccg/dual-model-runs/20260704-142701-review-task/ccg-health-20260704-142723.json","12824","2026-07-10T07:36:30.1820739Z","9d467624ecbf9416d7e377fa36b186c8ba8a3d76cc9216cceaa8ed02a5e39b47"
"tracked",".ccg/dual-model-runs/20260704-142701-review-task/claude-reviewer-attempt-1.prompt.md","4204","2026-07-10T07:36:30.1820739Z","a597d8e5aa4ec945f488fbf4f17d0ccde180cbf2effcfd23545626cc9435d4c9"
"tracked",".ccg/dual-model-runs/20260704-142701-review-task/claude-reviewer-attempt-1.stderr.md","296","2026-07-10T07:36:30.1820739Z","47140b4dd256c7f4b5c22f6d1751ccf8be5aa9ee52907689f4e0a871624450eb"
"tracked",".ccg/dual-model-runs/20260704-142701-review-task/claude-reviewer-attempt-1.stdout.md","7870","2026-07-10T07:36:30.1830738Z","0201ce354b6ee21855759d61d9d399c7e75f39a5aaccec08464634fe9608c165"
"tracked",".ccg/dual-model-runs/20260704-142701-review-task/gemini-reviewer-attempt-1.prompt.md","4204","2026-07-10T07:36:30.1830738Z","3e1c637b513d016fa149d461d9ca15eb5fa2cba0309ed450998e95ddf4dec99e"
"tracked",".ccg/dual-model-runs/20260704-142701-review-task/gemini-reviewer-attempt-1.stderr.md","517","2026-07-10T07:36:30.1830738Z","ab64ac4f808db45b03221779b6f5e4531bf3c4b0f8d90c3c9dbb7f5a832cc928"
"tracked",".ccg/dual-model-runs/20260704-142701-review-task/gemini-reviewer-attempt-1.stdout.md","30885","2026-07-10T07:36:30.1840750Z","cfbf20e0cc7d13278350345d4317660c3a50544ada42e367127609ef904dce02"
"tracked",".ccg/dual-model-runs/20260704-142701-review-task/health-attempt-1.json","13087","2026-07-10T07:36:30.1840750Z","0f7c65e03fc80f756539003fdef5c0df973bb570830559444cc54e0497c97224"
"tracked",".ccg/dual-model-runs/20260704-142701-review-task/summary.json","4085","2026-07-10T07:36:30.1850768Z","295b8a38a8eda1c65bd384dae8992a0c5948ae1292ac0dbf2030b87317b19080"
"tracked",".ccg/dual-model-runs/20260704-142701-review-task/summary.md","790","2026-07-10T07:36:30.1850768Z","5c6c845385dcc4434058e9cd76ebc56c8ea393064834db7e24a5080fee432d48"
"tracked",".ccg/dual-model-runs/20260704-145018-review-task/ccg-health-20260704-145034.json","12777","2026-07-10T07:36:30.1860744Z","0472ac6a84cc27e7448f67d5fa2355db63d22e86f8e47e72d9b54138267f2c7f"
"tracked",".ccg/dual-model-runs/20260704-145018-review-task/gemini-reviewer-attempt-1.prompt.md","4204","2026-07-10T07:36:30.1860744Z","3e1c637b513d016fa149d461d9ca15eb5fa2cba0309ed450998e95ddf4dec99e"
"tracked",".ccg/dual-model-runs/20260704-145018-review-task/health-attempt-1.json","13040","2026-07-10T07:36:30.1870741Z","1a50ed7f0732e14e608a0af2ba306f83801e79088d0b5a2a7540cc07822d1aba"
"tracked",".ccg/dual-model-runs/20260704-145536-review-task/ccg-health-20260704-145549.json","12819","2026-07-10T07:36:30.1880754Z","65f3df27802eaaf6d1fd49c350021ba654c5de927b5863ba541ec1ca09022d1d"
"tracked",".ccg/dual-model-runs/20260704-145536-review-task/claude-reviewer-attempt-1.prompt.md","4466","2026-07-10T07:36:30.1880754Z","6fb784961cf55088e4962b305d2a5c25b682df1beea5f8336ad2df504f3fd8d0"
"tracked",".ccg/dual-model-runs/20260704-145536-review-task/claude-reviewer-attempt-1.stderr.md","296","2026-07-10T07:36:30.1880754Z","934180aff983660a3e8159db7a970b749cbffcae3e52d88580d404e5e7da02ee"
"tracked",".ccg/dual-model-runs/20260704-145536-review-task/claude-reviewer-attempt-1.stdout.md","6752","2026-07-10T07:36:30.1890728Z","7475809e7a056bbd55532609013201eb54e8a46c732b2043818ce35a6dec26bc"
"tracked",".ccg/dual-model-runs/20260704-145536-review-task/gemini-reviewer-attempt-1.prompt.md","4466","2026-07-10T07:36:30.1890728Z","06d5fc1a3c080119f627f7a2fde31b12fc1c5dd771f24022c28f73d7a57c764a"
"tracked",".ccg/dual-model-runs/20260704-145536-review-task/gemini-reviewer-attempt-1.stderr.md","517","2026-07-10T07:36:30.1890728Z","6dd82d55d1564242790a4e340846235e9cef4632996ef20f9558747601db967c"
"tracked",".ccg/dual-model-runs/20260704-145536-review-task/gemini-reviewer-attempt-1.stdout.md","21658","2026-07-10T07:36:30.1905852Z","c9dabcb91d0dfd19a7d0f8ee1712c57acf36ac89a702490d8c9f1a24d2e390bf"
"tracked",".ccg/dual-model-runs/20260704-145536-review-task/health-attempt-1.json","13082","2026-07-10T07:36:30.1905852Z","2a06f21cb716e4840125512ad2676cfb74f1089a8ad3594b7e8a94555ea04246"
"tracked",".ccg/dual-model-runs/20260704-145536-review-task/summary.json","4085","2026-07-10T07:36:30.1915883Z","6e3e685a04d375a3f0630f2a99e7afc76f3546582531c97f82adba53523d5d84"
"tracked",".ccg/dual-model-runs/20260704-145536-review-task/summary.md","790","2026-07-10T07:36:30.1915883Z","e00028eaf98a6901eb51c2723248d314c64eb60e5de8ee7265e6c5e8b9666cd6"
"tracked",".ccg/dual-model-runs/20260704-150541-self-healing-smoke-review/ccg-health-20260704-150555.json","12777","2026-07-10T07:36:30.1925871Z","357c6feadff65fd7f69896547d12f35518bee559be1fdb74858520d9d8055c3b"
"tracked",".ccg/dual-model-runs/20260704-150541-self-healing-smoke-review/claude-reviewer-attempt-1.prompt.md","428","2026-07-10T07:36:30.1925871Z","186b44c5d07252dafa512ce1b3ee90311722e32d34f0c5d783127e03eebfd31d"
"tracked",".ccg/dual-model-runs/20260704-150541-self-healing-smoke-review/claude-reviewer-attempt-1.stderr.md","294","2026-07-10T07:36:30.1925871Z","f4ca71743d517b062b61273f24a32c4e3c1e3d428bdb374611ac4503e37fc5d7"
"tracked",".ccg/dual-model-runs/20260704-150541-self-healing-smoke-review/claude-reviewer-attempt-1.stdout.md","84","2026-07-10T07:36:30.1925871Z","a169a5f1c402bece1c768caaeae7e5970e1f6147672b88f64348c9047720a945"
"tracked",".ccg/dual-model-runs/20260704-150541-self-healing-smoke-review/gemini-reviewer-attempt-1.prompt.md","428","2026-07-10T07:36:30.1935874Z","ce953268c926257f30e55b39539ec9d3b5f9abba83891171b100aa2f751f39c8"
"tracked",".ccg/dual-model-runs/20260704-150541-self-healing-smoke-review/gemini-reviewer-attempt-1.stderr.md","441","2026-07-10T07:36:30.1935874Z","4229e510d15495c2ccd5c1e2b9c7d004f42f2d4ee92355b0bb7f8fa0896cb068"
"tracked",".ccg/dual-model-runs/20260704-150541-self-healing-smoke-review/gemini-reviewer-attempt-1.stdout.md","10064","2026-07-10T07:36:30.1945869Z","dbd3dfd66e776561c0345e9a1b7337da81e9db31be2379d5b54843373ae483d7"
"tracked",".ccg/dual-model-runs/20260704-150541-self-healing-smoke-review/health-attempt-1.json","13054","2026-07-10T07:36:30.1945869Z","b046a553c40d64c42e6f1dceee72d3875d049bae53be1dc4bf4b0ac647911eda"
"tracked",".ccg/dual-model-runs/20260704-150541-self-healing-smoke-review/summary.json","5721","2026-07-10T07:36:30.1945869Z","545849993d3c664472e53b017dc217078b037f87e69f212218eca6329f395808"
"tracked",".ccg/dual-model-runs/20260704-150541-self-healing-smoke-review/summary.md","801","2026-07-10T07:36:30.1955874Z","4cb31e77328261a66619ba820e548f146cce0a965159fd9acc2d3dbcccb3fa2a"
"tracked",".ccg/dual-model-runs/20260704-150629-ccg-self-healing-formal-review/ccg-health-20260704-150642.json","12821","2026-07-10T07:36:30.1955874Z","94709d80a8ba5d3c72b42c1144018525c00f55ffffb7efe9cd83e0baa37f8341"
"tracked",".ccg/dual-model-runs/20260704-150629-ccg-self-healing-formal-review/claude-reviewer-attempt-1.prompt.md","4925","2026-07-10T07:36:30.1965890Z","1670024c5698fda9e65baab1ea6b663cb2ca61bd8b373f64d4d8fe7327540aea"
"tracked",".ccg/dual-model-runs/20260704-150629-ccg-self-healing-formal-review/claude-reviewer-attempt-1.stderr.md","294","2026-07-10T07:36:30.1965890Z","7200d973a0a36a4264f471fbc7ba2f218e3e5c93ebfd44c911561fed01c99f32"
"tracked",".ccg/dual-model-runs/20260704-150629-ccg-self-healing-formal-review/claude-reviewer-attempt-1.stdout.md","7848","2026-07-10T07:36:30.1975939Z","63302296de563b7735723eaacc9ac49b896cfb254de2db7bfa476704786408c2"
"tracked",".ccg/dual-model-runs/20260704-150629-ccg-self-healing-formal-review/gemini-reviewer-attempt-1.prompt.md","4925","2026-07-10T07:36:30.1975939Z","75215310b6d84280de609bcec3bb6abaac17ea5e48481123670040a10c21c2f5"
"tracked",".ccg/dual-model-runs/20260704-150629-ccg-self-healing-formal-review/gemini-reviewer-attempt-1.stderr.md","514","2026-07-10T07:36:30.1985892Z","d62b2ff8d912010d29b1487e35eb915ece7f434d8c8c79ea27a90511172ae318"
"tracked",".ccg/dual-model-runs/20260704-150629-ccg-self-healing-formal-review/gemini-reviewer-attempt-1.stdout.md","20603","2026-07-10T07:36:30.1985892Z","03f4ff9bf12532d79ee89484a000098154ea87a846fbecb333dd335941897ed7"
"tracked",".ccg/dual-model-runs/20260704-150629-ccg-self-healing-formal-review/health-attempt-1.json","13103","2026-07-10T07:36:30.1985892Z","ec6e14d3b6bcfcc6fa45e7c8cd7b66f6f5f874e847b4c033b11d5302ac81a527"
"tracked",".ccg/dual-model-runs/20260704-150629-ccg-self-healing-formal-review/summary.json","5766","2026-07-10T07:36:30.2000957Z","53ce0df6239b19daeec1474e885c19fd2af431a275aa131e461212f853e43aed"
"tracked",".ccg/dual-model-runs/20260704-150629-ccg-self-healing-formal-review/summary.md","816","2026-07-10T07:36:30.2000957Z","555cb88da53e40498c9d16e367708c666b5bfe16d00649ede06b3200573d72f0"
"tracked",".ccg/dual-model-runs/20260704-151542-self-healing-smoke-review-v2/ccg-health-20260704-151542.json","1143","2026-07-10T07:36:30.2011107Z","10cbd3732f929469b72143c8ca713c45cba9cb28c56d7238b89d2e27259bd495"
"tracked",".ccg/dual-model-runs/20260704-151542-self-healing-smoke-review-v2/claude-reviewer-attempt-1.prompt.md","452","2026-07-10T07:36:30.2011107Z","06d0cc68e1481eeee4977c53d89ee870c4b477e0c933beacbc6ff0f3d42b0e42"
"tracked",".ccg/dual-model-runs/20260704-151542-self-healing-smoke-review-v2/claude-reviewer-attempt-1.stderr.md","296","2026-07-10T07:36:30.2018669Z","ee875c7fb79779fc057fc41352ad9b50ff3b9c331d619ebc9510b5605dd99f15"
"tracked",".ccg/dual-model-runs/20260704-151542-self-healing-smoke-review-v2/claude-reviewer-attempt-1.stdout.md","287","2026-07-10T07:36:30.2018669Z","9d07ec5b47bb099673aedc1fbae4299c48c57a93ac54963053087f784aaa4c2f"
"tracked",".ccg/dual-model-runs/20260704-151542-self-healing-smoke-review-v2/gemini-reviewer-attempt-1.prompt.md","452","2026-07-10T07:36:30.2028755Z","edc9448370271699363731a3bdd60b52818668acfa7d9f0f138b53f66e9625fd"
"tracked",".ccg/dual-model-runs/20260704-151542-self-healing-smoke-review-v2/gemini-reviewer-attempt-1.stderr.md","441","2026-07-10T07:36:30.2028755Z","72760eb31dcb63029a0f4d4710b8172b044ba3741974b032735cb0104dc0aa8a"
"tracked",".ccg/dual-model-runs/20260704-151542-self-healing-smoke-review-v2/gemini-reviewer-attempt-1.stdout.md","10145","2026-07-10T07:36:30.2038729Z","be208e2258ed8f59e6aef6f41f5e48f5998ad4ab008d5f5176772a020ff5569e"
"tracked",".ccg/dual-model-runs/20260704-151542-self-healing-smoke-review-v2/health-attempt-1.json","1423","2026-07-10T07:36:30.2038729Z","2513a35477e9a797534d9c8ecb85857879916f9f6d5a2899ca3b608b20b42646"
"tracked",".ccg/dual-model-runs/20260704-151542-self-healing-smoke-review-v2/summary.json","6068","2026-07-10T07:36:30.2038729Z","5c8e9770b0c3cc442d8ffbc8762601be88621c463c104fef1cbe748429971587"
"tracked",".ccg/dual-model-runs/20260704-151542-self-healing-smoke-review-v2/summary.md","810","2026-07-10T07:36:30.2048719Z","a6d8d00f50c9adb377dbbd02261dfe3ce8fd73309cb7dbfcc5c2ad8ed209fa07"
"tracked",".ccg/dual-model-runs/20260704-152713-review-task/ccg-health-20260704-152714.json","1143","2026-07-10T07:36:30.2048719Z","42360d61b1c4bd729f8cfc3c5955645f9f6f9dbc3385ae9a37916c37e20235ab"
"tracked",".ccg/dual-model-runs/20260704-152713-review-task/claude-reviewer-attempt-1.prompt.md","4466","2026-07-10T07:36:30.2058733Z","6fb784961cf55088e4962b305d2a5c25b682df1beea5f8336ad2df504f3fd8d0"
"tracked",".ccg/dual-model-runs/20260704-152713-review-task/claude-reviewer-attempt-1.stderr.md","296","2026-07-10T07:36:30.2058733Z","9bfd71ad2f3a9bae8e83bb607d43c6a1767d904c7086112a19c87c1b64a7bafc"
"tracked",".ccg/dual-model-runs/20260704-152713-review-task/claude-reviewer-attempt-1.stdout.md","5256","2026-07-10T07:36:30.2068794Z","6712a8d5d9481820b8369e447e4858bf4794f8d88f1c7d8ad04c12e1ed1052f9"
"tracked",".ccg/dual-model-runs/20260704-152713-review-task/gemini-reviewer-attempt-1.prompt.md","4466","2026-07-10T07:36:30.2068794Z","06d5fc1a3c080119f627f7a2fde31b12fc1c5dd771f24022c28f73d7a57c764a"
"tracked",".ccg/dual-model-runs/20260704-152713-review-task/gemini-reviewer-attempt-1.stderr.md","595","2026-07-10T07:36:30.2068794Z","546c2a1fcfab88777b784fd352aa832c527b4fb543bc927a651f5aeeb519f13c"
"tracked",".ccg/dual-model-runs/20260704-152713-review-task/gemini-reviewer-attempt-1.stdout.md","18865","2026-07-10T07:36:30.2078750Z","582e5fd50ed2ee96e927b9115756b8231bf111b663b910e3578876cd94be73ef"
"tracked",".ccg/dual-model-runs/20260704-152713-review-task/health-attempt-1.json","1406","2026-07-10T07:36:30.2078750Z","a7f3bb2625f72f3d3f1d4b0fe191b7eb6a987706b47e788ee6f531a23088629d"
"tracked",".ccg/dual-model-runs/20260704-152713-review-task/summary.json","5932","2026-07-10T07:36:30.2078750Z","fadc586535d7f46622a41dd30f169639340a851774ebacebbe78c97f1913c4e7"
"tracked",".ccg/dual-model-runs/20260704-152713-review-task/summary.md","790","2026-07-10T07:36:30.2088729Z","d94da624a46f9bb7d7f4983f855d7b9a49e827d178e70306aa63457a6d937ee0"
"tracked",".ccg/dual-model-runs/20260704-153745-review-task/ccg-health-20260704-153745.json","1143","2026-07-10T07:36:30.2088729Z","7e0d23305af1500fe0f04e3bdb2b1ffda307b6a27007620bd9298818669954af"
"tracked",".ccg/dual-model-runs/20260704-153745-review-task/claude-reviewer-attempt-1.prompt.md","4466","2026-07-10T07:36:30.2088729Z","6fb784961cf55088e4962b305d2a5c25b682df1beea5f8336ad2df504f3fd8d0"
"tracked",".ccg/dual-model-runs/20260704-153745-review-task/claude-reviewer-attempt-1.stderr.md","296","2026-07-10T07:36:30.2103887Z","b8f33c5be764d01add582bd48be5a32afa5ca043740cdd18b028f36077c2a7f9"
"tracked",".ccg/dual-model-runs/20260704-153745-review-task/claude-reviewer-attempt-1.stdout.md","6879","2026-07-10T07:36:30.2103887Z","6255a59b49343c18a1863d00f3a13f56a137985433a2352a8f877defc94da41a"
"tracked",".ccg/dual-model-runs/20260704-153745-review-task/gemini-reviewer-attempt-1.prompt.md","4466","2026-07-10T07:36:30.2114003Z","06d5fc1a3c080119f627f7a2fde31b12fc1c5dd771f24022c28f73d7a57c764a"
"tracked",".ccg/dual-model-runs/20260704-153745-review-task/gemini-reviewer-attempt-1.stderr.md","515","2026-07-10T07:36:30.2114003Z","4cb60e3ed0f1e60301abc90ada14f36b7d0537b81901cd3a5536de1cfd8bbd62"
"tracked",".ccg/dual-model-runs/20260704-153745-review-task/gemini-reviewer-attempt-1.stdout.md","27094","2026-07-10T07:36:30.2114003Z","644c27328f04683874eead8ebb9cdbbd16b0d03661befc12bd2daa924b95e10d"
"tracked",".ccg/dual-model-runs/20260704-153745-review-task/health-attempt-1.json","1406","2026-07-10T07:36:30.2114003Z","6444bcd5dc1baf7d9264a60d70d2d91697a35b3a37d7befe5e1dc9c414da5308"
"tracked",".ccg/dual-model-runs/20260704-153745-review-task/summary.json","5932","2026-07-10T07:36:30.2123971Z","61bc0ee6f1c1dcc60799907fec9bd73bdc459eec1e31e2abd13a795c63f8c1e9"
"tracked",".ccg/dual-model-runs/20260704-153745-review-task/summary.md","790","2026-07-10T07:36:30.2123971Z","9a5c794f43c6c9b0a4d33e1f9167c66f9991fa44c5d323f74e70ef4cc2cbae43"
"tracked",".ccg/dual-model-runs/20260704-172256-richmenu-assignment-final-review-after-boundary-fix/ccg-health-20260704-172257.json","1143","2026-07-10T07:36:30.2133984Z","d660d94df5de2664293a892d0481dcffab222e8dafbe608a727990ed537aa69a"
"tracked",".ccg/dual-model-runs/20260704-172256-richmenu-assignment-final-review-after-boundary-fix/ccg-health-20260704-172348.json","1143","2026-07-10T07:36:30.2133984Z","1e2fba9d83ad05fcf1526c14afd83076bf72550cbf694e98ff55dd2c846b4563"
"tracked",".ccg/dual-model-runs/20260704-172256-richmenu-assignment-final-review-after-boundary-fix/claude-reviewer-attempt-1.prompt.md","1886","2026-07-10T07:36:30.2133984Z","804cd8bfaabb3d8f9699fde57bd7259c88631d7cf0709c95fb1ecbd27c73760f"
"tracked",".ccg/dual-model-runs/20260704-172256-richmenu-assignment-final-review-after-boundary-fix/claude-reviewer-attempt-1.stderr.md","544","2026-07-10T07:36:30.2143962Z","b3bc223a9be0bcd3aad243967b09e5badf63dfbb43e5becb8fcbe6b3092b2f8e"
"tracked",".ccg/dual-model-runs/20260704-172256-richmenu-assignment-final-review-after-boundary-fix/claude-reviewer-attempt-1.stdout.md","0","2026-07-10T07:36:30.2143962Z","e3b0c44298fc1c149afbf4c8996fb92427ae41e4649b934ca495991b7852b855"
"tracked",".ccg/dual-model-runs/20260704-172256-richmenu-assignment-final-review-after-boundary-fix/claude-reviewer-attempt-2.prompt.md","1886","2026-07-10T07:36:30.2143962Z","804cd8bfaabb3d8f9699fde57bd7259c88631d7cf0709c95fb1ecbd27c73760f"
"tracked",".ccg/dual-model-runs/20260704-172256-richmenu-assignment-final-review-after-boundary-fix/claude-reviewer-attempt-2.stderr.md","544","2026-07-10T07:36:30.2154010Z","004568baf0be3e77f5859802a2839f34512f1f54a0f2e521ededcd3acdeef8bd"
"tracked",".ccg/dual-model-runs/20260704-172256-richmenu-assignment-final-review-after-boundary-fix/claude-reviewer-attempt-2.stdout.md","0","2026-07-10T07:36:30.2154010Z","e3b0c44298fc1c149afbf4c8996fb92427ae41e4649b934ca495991b7852b855"
"tracked",".ccg/dual-model-runs/20260704-172256-richmenu-assignment-final-review-after-boundary-fix/gemini-reviewer-attempt-1.prompt.md","1886","2026-07-10T07:36:30.2154010Z","ec530a1a49b04721eb0d7d7bf2c3f7fa254dca01126d466048147418072fd78f"
"tracked",".ccg/dual-model-runs/20260704-172256-richmenu-assignment-final-review-after-boundary-fix/gemini-reviewer-attempt-1.stderr.md","441","2026-07-10T07:36:30.2164013Z","fa23c41c8afbd5e46012a3174d71828dfe2befdef1da2b63b3d0abe38f623ec2"
"tracked",".ccg/dual-model-runs/20260704-172256-richmenu-assignment-final-review-after-boundary-fix/gemini-reviewer-attempt-1.stdout.md","18038","2026-07-10T07:36:30.2164013Z","d47ee6f0221626bb37b3e21f84e2ec24709dcad37116bc1299ece3de33c23c7e"
"tracked",".ccg/dual-model-runs/20260704-172256-richmenu-assignment-final-review-after-boundary-fix/gemini-reviewer-attempt-2.prompt.md","1886","2026-07-10T07:36:30.2164013Z","ec530a1a49b04721eb0d7d7bf2c3f7fa254dca01126d466048147418072fd78f"
"tracked",".ccg/dual-model-runs/20260704-172256-richmenu-assignment-final-review-after-boundary-fix/gemini-reviewer-attempt-2.stderr.md","517","2026-07-10T07:36:30.2174136Z","2cbe82d03a221389cf119b2062308c41b8b10794debf76702cfbaed7214211e6"
"tracked",".ccg/dual-model-runs/20260704-172256-richmenu-assignment-final-review-after-boundary-fix/gemini-reviewer-attempt-2.stdout.md","14994","2026-07-10T07:36:30.2184002Z","e06372da9e2b7947b590f2b3dc9dcfd02aff2c87645ff39628b2c97f3a53947a"
"tracked",".ccg/dual-model-runs/20260704-172256-richmenu-assignment-final-review-after-boundary-fix/health-attempt-1.json","1446","2026-07-10T07:36:30.2184002Z","bf47dff73bb7217e720734f6ddc625c0d436d9c7242d45028730adbf0d09786d"
"tracked",".ccg/dual-model-runs/20260704-172256-richmenu-assignment-final-review-after-boundary-fix/health-attempt-2.json","1446","2026-07-10T07:36:30.2184002Z","d8a36efce9c46309355879e79b7f571dd85eeb0a15da6289eecfd57d1c47b630"
"tracked",".ccg/dual-model-runs/20260704-172256-richmenu-assignment-final-review-after-boundary-fix/summary.json","10379","2026-07-10T07:36:30.2184002Z","3a075739afc85370f7d4d9c51595ebd14ccc0672498c51217771ebf59a0ba3eb"
"tracked",".ccg/dual-model-runs/20260704-172256-richmenu-assignment-final-review-after-boundary-fix/summary.md","877","2026-07-10T07:36:30.2199107Z","4977234e172095985fc24476068225d14ba4c73a39a83fd4110ac2f9bcc5b2a2"
"tracked",".ccg/dual-model-runs/20260704-172640-richmenu-assignment-final-review-after-timeout-fix/ccg-health-20260704-172640.json","1143","2026-07-10T07:36:30.2199107Z","f44129b8624c240eca34d95e94a37cb3315910b895341b4f9a01ffd5a456efec"
"tracked",".ccg/dual-model-runs/20260704-172640-richmenu-assignment-final-review-after-timeout-fix/claude-reviewer-attempt-1.prompt.md","1983","2026-07-10T07:36:30.2209172Z","1373c0f88dbf5a0c17b8415636f8df8a19bca2d2858b762231c4156556ccd911"
"tracked",".ccg/dual-model-runs/20260704-172640-richmenu-assignment-final-review-after-timeout-fix/claude-reviewer-attempt-1.stderr.md","544","2026-07-10T07:36:30.2209172Z","c302fe21f4eca34b43868491a94847a7cf362a46f73bbd10ada077b99de775e5"
"tracked",".ccg/dual-model-runs/20260704-172640-richmenu-assignment-final-review-after-timeout-fix/claude-reviewer-attempt-1.stdout.md","0","2026-07-10T07:36:30.2209172Z","e3b0c44298fc1c149afbf4c8996fb92427ae41e4649b934ca495991b7852b855"
"tracked",".ccg/dual-model-runs/20260704-172640-richmenu-assignment-final-review-after-timeout-fix/gemini-reviewer-attempt-1.prompt.md","1983","2026-07-10T07:36:30.2219265Z","f00d7928299fb286ef60ef735379845a0db836fb16dddb6554eed127cf01be13"
"tracked",".ccg/dual-model-runs/20260704-172640-richmenu-assignment-final-review-after-timeout-fix/gemini-reviewer-attempt-1.stderr.md","590","2026-07-10T07:36:30.2219265Z","a795ac658b52146ef39243ff0dbfefa9ebcb290f0ce4a22204610ffe89e2e485"
"tracked",".ccg/dual-model-runs/20260704-172640-richmenu-assignment-final-review-after-timeout-fix/gemini-reviewer-attempt-1.stdout.md","14718","2026-07-10T07:36:30.2229173Z","b44f576e1c7f0d8f7aec9cb708c10f731ce4b3988a1494d92456f3cc60433bb3"
"tracked",".ccg/dual-model-runs/20260704-172640-richmenu-assignment-final-review-after-timeout-fix/health-attempt-1.json","1445","2026-07-10T07:36:30.2229173Z","9295ebcb9964e2f538c439b023996416ce91cf1e78e2b28d4ce94f62fddd59ce"
"tracked",".ccg/dual-model-runs/20260704-172640-richmenu-assignment-final-review-after-timeout-fix/summary.json","6345","2026-07-10T07:36:30.2229173Z","61df61b010aeb8be0d874a3ebcddfda463c338d6beb7b42d53d8947e4347f09b"
"tracked",".ccg/dual-model-runs/20260704-172640-richmenu-assignment-final-review-after-timeout-fix/summary.md","874","2026-07-10T07:36:30.2229173Z","1225a23f4960476b99a45c1d7b85bef1267a07996a9d85e1ad14b589a85a60b3"
"tracked",".ccg/dual-model-runs/20260704-191410-ccg-fallback-policy-verification-review/ccg-health-20260704-191410.json","1143","2026-07-10T07:36:30.2244290Z","8f8742bbc8a1789709e6d452d9364dc58cc106b3da7b486b66b4a86c3ec4d6eb"
"tracked",".ccg/dual-model-runs/20260704-191410-ccg-fallback-policy-verification-review/claude-reviewer-attempt-1.prompt.md","670","2026-07-10T07:36:30.2244290Z","b11650d2f7099f435fbfcf0b177628a3c54cc2af16c0816f6b79626232d2f6d5"
"tracked",".ccg/dual-model-runs/20260704-191410-ccg-fallback-policy-verification-review/claude-reviewer-attempt-1.stderr.md","296","2026-07-10T07:36:30.2244290Z","baac595d8cd473f546f2598e80bad7ebbcd8fd398e15ab877c0723cb15cebe6b"
"tracked",".ccg/dual-model-runs/20260704-191410-ccg-fallback-policy-verification-review/claude-reviewer-attempt-1.stdout.md","3492","2026-07-10T07:36:30.2254410Z","2e128526963cb2354ea863ceb72fee789b84200bb5b239775550711a5e206806"
"tracked",".ccg/dual-model-runs/20260704-191410-ccg-fallback-policy-verification-review/gemini-reviewer-attempt-1.prompt.md","670","2026-07-10T07:36:30.2254410Z","1deea32cc4a49789e26ade3746992949b7a5bae08f61e7cf11f5f5eb2ff85aea"
"tracked",".ccg/dual-model-runs/20260704-191410-ccg-fallback-policy-verification-review/gemini-reviewer-attempt-1.stderr.md","517","2026-07-10T07:36:30.2264384Z","accfb74be026a63270902337ed3601073221c62f4133562206a818ca31dc9de6"
"tracked",".ccg/dual-model-runs/20260704-191410-ccg-fallback-policy-verification-review/gemini-reviewer-attempt-1.stdout.md","9106","2026-07-10T07:36:30.2264384Z","8f58b6f59007969ab6f162dadc79ec8a86c37bfe9cd3ba3c79cd5b36df933c5b"
"tracked",".ccg/dual-model-runs/20260704-191410-ccg-fallback-policy-verification-review/health-attempt-1.json","1434","2026-07-10T07:36:30.2274361Z","6808997db47a96415d14709616c77adadce41ee5fb9f864cc512335065b1385c"
"tracked",".ccg/dual-model-runs/20260704-191410-ccg-fallback-policy-verification-review/summary.json","6244","2026-07-10T07:36:30.2274361Z","b9172b2d1b49250bb7159570d52784dfa06e3d6a723c8c1cac8955303a49e57e"
"tracked",".ccg/dual-model-runs/20260704-191410-ccg-fallback-policy-verification-review/summary.md","896","2026-07-10T07:36:30.2274361Z","cfca587eed9ca6ad221c14b8a3241e0516c048aa7065f4507479ff0e54bc28a2"
"tracked",".ccg/dual-model-runs/20260704-191446-ccg-fallback-policy-verification-review/ccg-health-20260704-191457.json","10575","2026-07-10T07:36:30.2284437Z","8bf5436bafeeb8f9c7acaba71a4b77c75ce185872962c88255230dfb94765af8"
"tracked",".ccg/dual-model-runs/20260704-191446-ccg-fallback-policy-verification-review/claude-reviewer-attempt-1.prompt.md","670","2026-07-10T07:36:30.2284437Z","b11650d2f7099f435fbfcf0b177628a3c54cc2af16c0816f6b79626232d2f6d5"
"tracked",".ccg/dual-model-runs/20260704-191446-ccg-fallback-policy-verification-review/claude-reviewer-attempt-1.stderr.md","296","2026-07-10T07:36:30.2284437Z","a547aeff92b815352b99f64d70c65b25075067b416289988cc486734274666dc"
"tracked",".ccg/dual-model-runs/20260704-191446-ccg-fallback-policy-verification-review/claude-reviewer-attempt-1.stdout.md","2676","2026-07-10T07:36:30.2284437Z","2d3242ca1e97a359b1a247fa9ace5b9fb8a018d765945ac6a6fb501692c795d5"
"tracked",".ccg/dual-model-runs/20260704-191446-ccg-fallback-policy-verification-review/gemini-reviewer-attempt-1.prompt.md","670","2026-07-10T07:36:30.2299549Z","1deea32cc4a49789e26ade3746992949b7a5bae08f61e7cf11f5f5eb2ff85aea"
"tracked",".ccg/dual-model-runs/20260704-191446-ccg-fallback-policy-verification-review/gemini-reviewer-attempt-1.stderr.md","461","2026-07-10T07:36:30.2299549Z","d3468ca8a03e99f639cc7e1ebf48a5da5f76fb8ba2a25a437183560bef768d1e"
"tracked",".ccg/dual-model-runs/20260704-191446-ccg-fallback-policy-verification-review/gemini-reviewer-attempt-1.stdout.md","8791","2026-07-10T07:36:30.2299549Z","673ac8bba547a8b3e438159bdc0ede8eaea2fc3e6e40ff02f5c27c5cda9d9fa3"
"tracked",".ccg/dual-model-runs/20260704-191446-ccg-fallback-policy-verification-review/health-attempt-1.json","10866","2026-07-10T07:36:30.2309673Z","595765899584040f9459c0be7f6fda0a432afd4db847074d519b7a30ad9b6d80"
"tracked",".ccg/dual-model-runs/20260704-191446-ccg-fallback-policy-verification-review/summary.json","6243","2026-07-10T07:36:30.2319602Z","dfcfc1f1bb461fff032f2cb6e23e401ce4ae3741440fce83b63d34dba7a7df90"
"tracked",".ccg/dual-model-runs/20260704-191446-ccg-fallback-policy-verification-review/summary.md","896","2026-07-10T07:36:30.2329664Z","b91cad0f2a6e7e525db45c557c2dade0fffb39b4cd2a34bc077d5b80c34b94a0"
"tracked",".ccg/dual-model-runs/20260704-192048-20260704-192048-ccg-auto-recovery-entrypoint-smoke-reviewer/ccg-health-20260704-192048.json","1143","2026-07-10T07:36:30.2329664Z","bf3c69287050de2e74a1c38edc5e57375111bb762a967e6efc14885cb460c8f1"
"tracked",".ccg/dual-model-runs/20260704-192048-20260704-192048-ccg-auto-recovery-entrypoint-smoke-reviewer/claude-reviewer-attempt-1.prompt.md","1208","2026-07-10T07:36:30.2339715Z","39375bc2b032837acd3df9572ca4ef7fc9d5a39507847c455f1b26629e4b853a"
"tracked",".ccg/dual-model-runs/20260704-192048-20260704-192048-ccg-auto-recovery-entrypoint-smoke-reviewer/claude-reviewer-attempt-1.stderr.md","296","2026-07-10T07:36:30.2339715Z","4b22fc2db1e76391cb92c65e13f3dd44e3fe7f89efa99d41daac1533a856bfec"
"tracked",".ccg/dual-model-runs/20260704-192048-20260704-192048-ccg-auto-recovery-entrypoint-smoke-reviewer/claude-reviewer-attempt-1.stdout.md","925","2026-07-10T07:36:30.2339715Z","7999df6593ed484b81a41301ddd133536b6b389616bfbf29aaf69c16f0817b11"
"tracked",".ccg/dual-model-runs/20260704-192048-20260704-192048-ccg-auto-recovery-entrypoint-smoke-reviewer/gemini-reviewer-attempt-1.prompt.md","1208","2026-07-10T07:36:30.2339715Z","d389abcb09fc4dcbb4478adcf06127572e2fd73c6a4cdf4678e55b9b7a733c26"
"tracked",".ccg/dual-model-runs/20260704-192048-20260704-192048-ccg-auto-recovery-entrypoint-smoke-reviewer/gemini-reviewer-attempt-1.stderr.md","441","2026-07-10T07:36:30.2349705Z","0640b7df3273d486ff60c10514c0a55445f67198a0186e3d05d8ce9d1b76aff4"
"tracked",".ccg/dual-model-runs/20260704-192048-20260704-192048-ccg-auto-recovery-entrypoint-smoke-reviewer/gemini-reviewer-attempt-1.stdout.md","9058","2026-07-10T07:36:30.2349705Z","ecfeae8d399d9b0eebbdcf3ff1df6b175dc742a9c46655caa9062d754bb1d143"
"tracked",".ccg/dual-model-runs/20260704-192048-20260704-192048-ccg-auto-recovery-entrypoint-smoke-reviewer/health-attempt-1.json","1454","2026-07-10T07:36:30.2349705Z","4fcb61f08774a0837870052c2fd167b71eec412767c13bd1ee7f9abce06c8602"
"tracked",".ccg/dual-model-runs/20260704-192048-20260704-192048-ccg-auto-recovery-entrypoint-smoke-reviewer/summary.json","6443","2026-07-10T07:36:30.2359712Z","043fb765087bb4aa1ebb5626b83d0ab33cf20828ee590472210c4f706891cc0e"
"tracked",".ccg/dual-model-runs/20260704-192048-20260704-192048-ccg-auto-recovery-entrypoint-smoke-reviewer/summary.md","956","2026-07-10T07:36:30.2359712Z","79b102b22ce10d1f1e0298fe9b95489aa81a04e2501776f963018e4b4408e2fe"
"tracked",".ccg/dual-model-runs/20260704-192048-ccg-auto-recovery-entrypoint-smoke-reviewer.md","889","2026-07-10T07:36:30.2359712Z","e0a4e5d69cf14cdee81fd56dbe8bf782d47c06c1842dde67771550cbacc530c7"
"tracked",".ccg/dual-model-runs/20260704-192751-20260704-192751-richmenu-shared-orchestrator-final-review-reviewer/ccg-health-20260704-192751.json","1143","2026-07-10T07:36:30.2369646Z","58cdf8560af178ebbbadcbd4c50d31e0159b714135aad30cf85a8922c0efd5b1"
"tracked",".ccg/dual-model-runs/20260704-192751-20260704-192751-richmenu-shared-orchestrator-final-review-reviewer/claude-reviewer-attempt-1.prompt.md","3329","2026-07-10T07:36:30.2372877Z","b3fb9ea430b65709db680ba973211097d7c207641c8913646bff06daa2807b6c"
"tracked",".ccg/dual-model-runs/20260704-192751-20260704-192751-richmenu-shared-orchestrator-final-review-reviewer/claude-reviewer-attempt-1.stderr.md","296","2026-07-10T07:36:30.2372877Z","b9a481fb690d271f52b5250c439674ac37edd1d1a704d0d174a33780e1911921"
"tracked",".ccg/dual-model-runs/20260704-192751-20260704-192751-richmenu-shared-orchestrator-final-review-reviewer/claude-reviewer-attempt-1.stdout.md","6262","2026-07-10T07:36:30.2382989Z","77f04d28b57be910c93686a33991177bfdc1b882f5b9acb99085a8b0205fb23c"
"tracked",".ccg/dual-model-runs/20260704-192751-20260704-192751-richmenu-shared-orchestrator-final-review-reviewer/gemini-reviewer-attempt-1.prompt.md","3329","2026-07-10T07:36:30.2382989Z","279ae2619fe95c4a5fc5cf56c054f5779044b3b1044985905f51fd3d0cf18a1f"
"tracked",".ccg/dual-model-runs/20260704-192751-20260704-192751-richmenu-shared-orchestrator-final-review-reviewer/gemini-reviewer-attempt-1.stderr.md","2224","2026-07-10T07:36:30.2382989Z","a1a11c9bc40943b523e262996737f7a0af6759c4640b529355865f34726f773a"
"tracked",".ccg/dual-model-runs/20260704-192751-20260704-192751-richmenu-shared-orchestrator-final-review-reviewer/gemini-reviewer-attempt-1.stdout.md","12943","2026-07-10T07:36:30.2392929Z","c7f05c777d8eab7d6078934e7b1e7dc7d71425d5a7cff3b914e5a847c4bff098"
"tracked",".ccg/dual-model-runs/20260704-192751-20260704-192751-richmenu-shared-orchestrator-final-review-reviewer/health-attempt-1.json","1461","2026-07-10T07:36:30.2392929Z","7ee187ce81239f02aeae8cd081fbd99e21e6b713577a1b70d519118b3fe620d3"
"tracked",".ccg/dual-model-runs/20260704-192751-20260704-192751-richmenu-shared-orchestrator-final-review-reviewer/summary.json","6515","2026-07-10T07:36:30.2392929Z","b021fdc0b8de476981ec8255b504b0643fddcb9d9d187be2b7c373e33301f7a3"
"tracked",".ccg/dual-model-runs/20260704-192751-20260704-192751-richmenu-shared-orchestrator-final-review-reviewer/summary.md","977","2026-07-10T07:36:30.2402941Z","8ad30ef15d2e83b3f3ab1672aa2336c2aee23409a1367709c1a61575a49f1802"
"tracked",".ccg/dual-model-runs/20260704-192751-richmenu-shared-orchestrator-final-review-reviewer.md","3010","2026-07-10T07:36:30.2408000Z","563a5db948f4d620d950d257acd95066969099e30efbf05da6186e958dfe9aeb"
"tracked",".ccg/dual-model-runs/20260704-193950-20260704-193950-richmenu-shared-orchestrator-postfix-review-reviewer/ccg-health-20260704-193950.json","1143","2026-07-10T07:36:30.2408000Z","0d6da8272d1f8649e25c66658f1f29574e3e9112ab00500ad333ab8a4567223e"
"tracked",".ccg/dual-model-runs/20260704-193950-20260704-193950-richmenu-shared-orchestrator-postfix-review-reviewer/claude-reviewer-attempt-1.prompt.md","4149","2026-07-10T07:36:30.2408000Z","eb69d251c99363a79ee1cf4fcfc53caa675c8956cba9a792fb92dfa3aec7bbf7"
"tracked",".ccg/dual-model-runs/20260704-193950-20260704-193950-richmenu-shared-orchestrator-postfix-review-reviewer/claude-reviewer-attempt-1.stderr.md","296","2026-07-10T07:36:30.2418061Z","501407194d4423219d400a0092399fdd870cdc285a5b2b2c76b14d93f30d0f98"
"tracked",".ccg/dual-model-runs/20260704-193950-20260704-193950-richmenu-shared-orchestrator-postfix-review-reviewer/claude-reviewer-attempt-1.stdout.md","6308","2026-07-10T07:36:30.2418061Z","2b7e3f7a466a0f68dd566f8e32ee5fc10b412b84857cf53a66280c3afcfae360"
"tracked",".ccg/dual-model-runs/20260704-193950-20260704-193950-richmenu-shared-orchestrator-postfix-review-reviewer/gemini-reviewer-attempt-1.prompt.md","4149","2026-07-10T07:36:30.2418061Z","9a4f4ba8de3e4361fc285d46079f4ece29b5bb64b0044bb48db4e1c3aaf2c894"
"tracked",".ccg/dual-model-runs/20260704-193950-20260704-193950-richmenu-shared-orchestrator-postfix-review-reviewer/gemini-reviewer-attempt-1.stderr.md","441","2026-07-10T07:36:30.2428124Z","6b4ca6c8631f94e9512538ef2edf918357931294b6b7e02c111de97463ed1cc4"
"tracked",".ccg/dual-model-runs/20260704-193950-20260704-193950-richmenu-shared-orchestrator-postfix-review-reviewer/gemini-reviewer-attempt-1.stdout.md","13847","2026-07-10T07:36:30.2428124Z","b8a8b64745c2868a0c9e7735c1ce2f0a2d468a1740781f97480a2e0b82778a43"
"tracked",".ccg/dual-model-runs/20260704-193950-20260704-193950-richmenu-shared-orchestrator-postfix-review-reviewer/health-attempt-1.json","1463","2026-07-10T07:36:30.2428124Z","5f624cd609ab78528ad02c0689b4040b428a0d24759736deb7b5393f993b8b64"
"tracked",".ccg/dual-model-runs/20260704-193950-20260704-193950-richmenu-shared-orchestrator-postfix-review-reviewer/summary.json","6535","2026-07-10T07:36:30.2438063Z","3f2ae9562eb31ab84f4059f738c9cc2bfc0f6a1dc2fe182b08d32ed641b75115"
"tracked",".ccg/dual-model-runs/20260704-193950-20260704-193950-richmenu-shared-orchestrator-postfix-review-reviewer/summary.md","983","2026-07-10T07:36:30.2438063Z","2ae75c77bde1677d44317896415376a51b210ad30286e75e14f14c49ef561502"
"tracked",".ccg/dual-model-runs/20260704-193950-richmenu-shared-orchestrator-postfix-review-reviewer.md","3830","2026-07-10T07:36:30.2448059Z","77e008629ded6b9375fcab2edc5f1a44a3c2b763624645408f456b44c8220a66"
"tracked",".ccg/dual-model-runs/20260705-074025-line-richmenu-word-manual-analysis-analyzer/ccg-health-20260705-074026.json","1093","2026-07-10T07:36:30.2448059Z","099c4e8693ed2713098b1ef07f62b5ebfff727d761ac6e9e801e7e8549b3d5f3"
"tracked",".ccg/dual-model-runs/20260705-074025-line-richmenu-word-manual-analysis-analyzer/claude-analyzer-attempt-1.prompt.md","2718","2026-07-10T07:36:30.2448059Z","fc16150f1d9f15bb2ad7f85fa82efce51829929e48d4fe919a0010ad5add05f4"
"tracked",".ccg/dual-model-runs/20260705-074025-line-richmenu-word-manual-analysis-analyzer/claude-analyzer-attempt-1.stderr.md","294","2026-07-10T07:36:30.2458153Z","8327d23c4e06983393565198f3b5cf111fd67495654b7fd184a397097fbfc37d"
"tracked",".ccg/dual-model-runs/20260705-074025-line-richmenu-word-manual-analysis-analyzer/claude-analyzer-attempt-1.stdout.md","15852","2026-07-10T07:36:30.2458153Z","34b9f5998e23c80b19a1d468a302b756ca69ea12bd1199e28462456234d53fd1"
"tracked",".ccg/dual-model-runs/20260705-074025-line-richmenu-word-manual-analysis-analyzer/gemini-analyzer-attempt-1.prompt.md","2718","2026-07-10T07:36:30.2458153Z","0b510b704cb922625f6c371867a1d3f719651d39c0b60804b26c79ca13bc06ce"
"tracked",".ccg/dual-model-runs/20260705-074025-line-richmenu-word-manual-analysis-analyzer/gemini-analyzer-attempt-1.stderr.md","393","2026-07-10T07:36:30.2468123Z","f16514b6052de181bb36d9d384dd95f01fc97b41b2f0cf5e15e05e5bb7385c63"
"tracked",".ccg/dual-model-runs/20260705-074025-line-richmenu-word-manual-analysis-analyzer/gemini-analyzer-attempt-1.stdout.md","25957","2026-07-10T07:36:30.2468123Z","7a2a8057119f4f67e3d354d4fd03a555e704950b165e75578db70f93585ca27a"
"tracked",".ccg/dual-model-runs/20260705-074025-line-richmenu-word-manual-analysis-analyzer/health-attempt-1.json","1338","2026-07-10T07:36:30.2478059Z","556b4096163f16fe6f29f090c0a8cf9c4ff835118debcfe1740e0b130d34ffc1"
"tracked",".ccg/dual-model-runs/20260705-074025-line-richmenu-word-manual-analysis-analyzer/summary.json","5785","2026-07-10T07:36:30.2478059Z","9672c48a1adf9c37b527518c89d167cf6d8baaf9e7de24ef9e14f45932208a86"
"tracked",".ccg/dual-model-runs/20260705-074025-line-richmenu-word-manual-analysis-analyzer/summary.md","764","2026-07-10T07:36:30.2488119Z","e61a72e5e211b4bf9dd3696f83a237b0221379e38869255996f41980f5200642"
"tracked",".ccg/dual-model-runs/20260705-074146-annotate-richmenu-cs-files-analyzer/ccg-health-20260705-074146.json","1145","2026-07-10T07:36:30.2488119Z","c4fb87b669370647b15a0aad4d7fae092ce0b5b2d9a4f1d793452078b8c6a311"
"tracked",".ccg/dual-model-runs/20260705-074146-annotate-richmenu-cs-files-analyzer/claude-analyzer-attempt-1.prompt.md","5632","2026-07-10T07:36:30.2488119Z","4a889dea14090c417d46b63e8b832a48e69aba9d2558e261e4785f946f1c660a"
"tracked",".ccg/dual-model-runs/20260705-074146-annotate-richmenu-cs-files-analyzer/claude-analyzer-attempt-1.stderr.md","296","2026-07-10T07:36:30.2488119Z","372ad00684e8e9182a64ac7c0f75ee4255ccedc33fbb45f8f1bede4418cb6831"
"tracked",".ccg/dual-model-runs/20260705-074146-annotate-richmenu-cs-files-analyzer/claude-analyzer-attempt-1.stdout.md","13217","2026-07-10T07:36:30.2503157Z","2640459ae80a22c44e3994e8759b5fa8e8d3d0160e8d6feebfc1779c31a5aa5a"
"tracked",".ccg/dual-model-runs/20260705-074146-annotate-richmenu-cs-files-analyzer/gemini-analyzer-attempt-1.prompt.md","5632","2026-07-10T07:36:30.2503157Z","1665831213a3352396b8831e127f415ef6325cdcb2df1aee70880e596314da9b"
"tracked",".ccg/dual-model-runs/20260705-074146-annotate-richmenu-cs-files-analyzer/gemini-analyzer-attempt-1.stderr.md","796","2026-07-10T07:36:30.2503157Z","5262472921197f863ce4032f1a58775b2bd3efffebab5e41f958c9234d08ea6f"
"tracked",".ccg/dual-model-runs/20260705-074146-annotate-richmenu-cs-files-analyzer/gemini-analyzer-attempt-1.stdout.md","20556","2026-07-10T07:36:30.2513272Z","95895789929b8be47debb410005531f45ac6dbb06dd096477f36c550a8dcf5c4"
"tracked",".ccg/dual-model-runs/20260705-074146-annotate-richmenu-cs-files-analyzer/health-attempt-1.json","1431","2026-07-10T07:36:30.2513272Z","6821d6be6b432f533ff64909fd79ffa0beb83ff5a85f0fdeb5eabe5b5d1cd88e"
"tracked",".ccg/dual-model-runs/20260705-074146-annotate-richmenu-cs-files-analyzer/summary.json","6201","2026-07-10T07:36:30.2523209Z","aa01b60c91a0466ea57bda27b519cdb3162f1f423767312bfc0506620bca76ef"
"tracked",".ccg/dual-model-runs/20260705-074146-annotate-richmenu-cs-files-analyzer/summary.md","888","2026-07-10T07:36:30.2523209Z","00e582e985aee790375ad661633a87159f6273e8fb7774b4a5946f1100e0da20"
"tracked",".ccg/dual-model-runs/20260705-082759-annotate-richmenu-cs-files-reviewer/ccg-health-20260705-082800.json","1145","2026-07-10T07:36:30.2523209Z","e9ddb3e6ef88d1394b886838e9dff43ca9477e7c30759daa43e9dc04a0462e34"
"tracked",".ccg/dual-model-runs/20260705-082759-annotate-richmenu-cs-files-reviewer/ccg-health-20260705-083432.json","1145","2026-07-10T07:36:30.2534453Z","341cd57807c2154956e89b7bdc26ef2bc07ae33b45aab3978ccc5059dd7a4ec8"
"tracked",".ccg/dual-model-runs/20260705-082759-annotate-richmenu-cs-files-reviewer/claude-reviewer-attempt-1.prompt.md","230441","2026-07-10T07:36:30.2539507Z","b1f6ab20aba746da2ab741cc914c12ebaf624d3a1f9275452526adb36409b5ff"
"tracked",".ccg/dual-model-runs/20260705-082759-annotate-richmenu-cs-files-reviewer/claude-reviewer-attempt-1.stderr.md","296","2026-07-10T07:36:30.2551006Z","bd4da7eb41a62d7c5919adbffdeff1b6e2930ed015613efba96f91340a37cddd"
"tracked",".ccg/dual-model-runs/20260705-082759-annotate-richmenu-cs-files-reviewer/claude-reviewer-attempt-1.stdout.md","2141","2026-07-10T07:36:30.2551006Z","1a6375e75e9e6751e079a9a317ebdac429b7c37df982eac146118adb941852c2"
"tracked",".ccg/dual-model-runs/20260705-082759-annotate-richmenu-cs-files-reviewer/claude-reviewer-attempt-2.prompt.md","230441","2026-07-10T07:36:30.2571133Z","b1f6ab20aba746da2ab741cc914c12ebaf624d3a1f9275452526adb36409b5ff"
"tracked",".ccg/dual-model-runs/20260705-082759-annotate-richmenu-cs-files-reviewer/claude-reviewer-attempt-2.stderr.md","294","2026-07-10T07:36:30.2571133Z","7aa4cb2cbd5c9bb1d24b98d3965909f5326ed1cbff244e45a527a15eeb83a6f1"
"tracked",".ccg/dual-model-runs/20260705-082759-annotate-richmenu-cs-files-reviewer/claude-reviewer-attempt-2.stdout.md","2795","2026-07-10T07:36:30.2571133Z","bb24c5ee3e607f872eb611b956d8f28eaad2e68f6118cc294ed3e594053e60f8"
"tracked",".ccg/dual-model-runs/20260705-082759-annotate-richmenu-cs-files-reviewer/gemini-reviewer-attempt-1.prompt.md","230441","2026-07-10T07:36:30.2591055Z","d4b7bbf7025c9f205129ed17cb88acc01a1ac4bcb90246c0460014875b4c1a4f"
"tracked",".ccg/dual-model-runs/20260705-082759-annotate-richmenu-cs-files-reviewer/gemini-reviewer-attempt-1.stderr.md","443","2026-07-10T07:36:30.2591055Z","d1ba12a6a863b49ea569cabe8e2a81e6062b78b744f3ad8a4f4d11000385f01b"
"tracked",".ccg/dual-model-runs/20260705-082759-annotate-richmenu-cs-files-reviewer/gemini-reviewer-attempt-1.stdout.md","243532","2026-07-10T07:36:30.2601124Z","508a5818e7081866f65e37ca602c9960169c0ae3b6171f04a0466690da99467e"
"tracked",".ccg/dual-model-runs/20260705-082759-annotate-richmenu-cs-files-reviewer/gemini-reviewer-attempt-2.prompt.md","230441","2026-07-10T07:36:30.2601124Z","d4b7bbf7025c9f205129ed17cb88acc01a1ac4bcb90246c0460014875b4c1a4f"
"tracked",".ccg/dual-model-runs/20260705-082759-annotate-richmenu-cs-files-reviewer/gemini-reviewer-attempt-2.stderr.md","443","2026-07-10T07:36:30.2612177Z","fad7cdf0d5d2a5d60d78b90b8698e410a05b129d5378cd586f7bc19f68aaaeb5"
"tracked",".ccg/dual-model-runs/20260705-082759-annotate-richmenu-cs-files-reviewer/gemini-reviewer-attempt-2.stdout.md","243534","2026-07-10T07:36:30.2612177Z","b1fca7f00edd026ff8ddfee9249e7e8b4f91e13fd1d6ec9ac6b2e623d3f2d27e"
"tracked",".ccg/dual-model-runs/20260705-082759-annotate-richmenu-cs-files-reviewer/health-attempt-1.json","1434","2026-07-10T07:36:30.2622156Z","83c07cc160b84c71b1aafaec5ab8b793d017a6332bf1d993c1e3434debfef42a"
"tracked",".ccg/dual-model-runs/20260705-082759-annotate-richmenu-cs-files-reviewer/health-attempt-2.json","1434","2026-07-10T07:36:30.2622156Z","7088b4ed992a76b65e35433e860549535dd924844df2113f47ecdee7f7d7e325"
"tracked",".ccg/dual-model-runs/20260705-082759-annotate-richmenu-cs-files-reviewer/summary.json","10092","2026-07-10T07:36:30.2622156Z","a487c5456dde7dd9511c0f09fd18c64aa206683ce0d35c708eca21d102763298"
"tracked",".ccg/dual-model-runs/20260705-082759-annotate-richmenu-cs-files-reviewer/summary.md","890","2026-07-10T07:36:30.2622156Z","ad6fa1059671532ffff35ee2124ae133331119107087927ca70cec096c5cfa48"
"tracked",".ccg/dual-model-runs/20260705-090454-annotate-all-cs-files-analyzer/ccg-health-20260705-090454.json","1145","2026-07-10T07:36:30.2632122Z","40ada1e7173f0b2d0ceb2c59205fdc65b97e93a19a3e89ecc3a37314bfd36046"
"tracked",".ccg/dual-model-runs/20260705-090454-annotate-all-cs-files-analyzer/claude-analyzer-attempt-1.prompt.md","2146","2026-07-10T07:36:30.2632122Z","7b3fa8a02ad34411d4af622eb9201f8d9e267817e37a00ee210c5953b430320d"
"tracked",".ccg/dual-model-runs/20260705-090454-annotate-all-cs-files-analyzer/claude-analyzer-attempt-1.stderr.md","296","2026-07-10T07:36:30.2642084Z","963813e7904058bec71644b05b8d59d38cf3ad1bf9fa099ea4a6ed170d304a4a"
"tracked",".ccg/dual-model-runs/20260705-090454-annotate-all-cs-files-analyzer/claude-analyzer-attempt-1.stdout.md","8651","2026-07-10T07:36:30.2642084Z","cedbba701806a98878fba07442dce065c527e42cf239d73f2f5605e7513ac440"
"tracked",".ccg/dual-model-runs/20260705-090454-annotate-all-cs-files-analyzer/gemini-analyzer-attempt-1.prompt.md","2146","2026-07-10T07:36:30.2642084Z","bc23a6a6dab5b0630afcae42b43f1afe766e66f0b85707dddc21c2aa66598e49"
"tracked",".ccg/dual-model-runs/20260705-090454-annotate-all-cs-files-analyzer/gemini-analyzer-attempt-1.stderr.md","443","2026-07-10T07:36:30.2652080Z","eb4b8ec68797774b56fa0b86faaf74b4a5c09e3869f3302abc093c9742ddf82e"
"tracked",".ccg/dual-model-runs/20260705-090454-annotate-all-cs-files-analyzer/gemini-analyzer-attempt-1.stdout.md","17137","2026-07-10T07:36:30.2652080Z","094da99dec07d57f6613d1a417078f99ea132b89ec79615ff648d93016d451e6"
"tracked",".ccg/dual-model-runs/20260705-090454-annotate-all-cs-files-analyzer/health-attempt-1.json","1429","2026-07-10T07:36:30.2652080Z","6ca594f59df62a08cd29a2ff1aea1f10ce7e3c613efe73e00cf9e4325be5f06b"
"tracked",".ccg/dual-model-runs/20260705-090454-annotate-all-cs-files-analyzer/summary.json","6175","2026-07-10T07:36:30.2662078Z","6d08a86391da46c3d79422f376edef81fef45a588a39508a87c880a5d9ceb758"
"tracked",".ccg/dual-model-runs/20260705-090454-annotate-all-cs-files-analyzer/summary.md","875","2026-07-10T07:36:30.2662078Z","0e6918311f287c796e491abde1c42ed3b2a783c47aa2dfb2da6615550062c8c4"
"tracked",".ccg/dual-model-runs/20260705-093047-annotate-all-cs-files-reviewer/ccg-health-20260705-093047.json","1145","2026-07-10T07:36:30.2662078Z","9eb11a505316ca45b281b295aced6bace738746a90409f0b144691861b05a14f"
"tracked",".ccg/dual-model-runs/20260705-093047-annotate-all-cs-files-reviewer/claude-reviewer-attempt-1.prompt.md","2995","2026-07-10T07:36:30.2672118Z","47c4ff6a16093ee6dfeccd7d3b669fad819b4d10c77c3ddd471a9ac9a18e5adf"
"tracked",".ccg/dual-model-runs/20260705-093047-annotate-all-cs-files-reviewer/claude-reviewer-attempt-1.stderr.md","296","2026-07-10T07:36:30.2672118Z","a2e983bed7412528ddec1e385585200fd82a3f2215fcaa61df239f55b80c5e31"
"tracked",".ccg/dual-model-runs/20260705-093047-annotate-all-cs-files-reviewer/claude-reviewer-attempt-1.stdout.md","3355","2026-07-10T07:36:30.2672118Z","132898bf181fcf0948c5a9eb7450ee7651cff9f149e26cc888b69a19ccbe036a"
"tracked",".ccg/dual-model-runs/20260705-093047-annotate-all-cs-files-reviewer/gemini-reviewer-attempt-1.prompt.md","2995","2026-07-10T07:36:30.2682079Z","a2bbf392ed055abc1af4417f7547a20cfed1faf60ea1358e945aa0b1d64b2275"
"tracked",".ccg/dual-model-runs/20260705-093047-annotate-all-cs-files-reviewer/gemini-reviewer-attempt-1.stderr.md","8483","2026-07-10T07:36:30.2682079Z","b08a09e400201f2da1afc0c236aa41a821b86433fefa471e6005e577b3111c38"
"tracked",".ccg/dual-model-runs/20260705-093047-annotate-all-cs-files-reviewer/gemini-reviewer-attempt-1.stdout.md","16565","2026-07-10T07:36:30.2692156Z","2cc80b5a90bee5bddd0f61eaa4dce1669626800e01c86fd4e37c75a98fb76f6d"
"tracked",".ccg/dual-model-runs/20260705-093047-annotate-all-cs-files-reviewer/health-attempt-1.json","1429","2026-07-10T07:36:30.2692156Z","5bb847185c7dc66ea5a45bdb16eba1a08d4f4cf5ecda3947c839010e77914611"
"tracked",".ccg/dual-model-runs/20260705-093047-annotate-all-cs-files-reviewer/summary.json","6175","2026-07-10T07:36:30.2692156Z","326d2a041d09c2652a14a464c95253c3462905d740b7e2dc5328e1182688c9d1"
"tracked",".ccg/dual-model-runs/20260705-093047-annotate-all-cs-files-reviewer/summary.md","875","2026-07-10T07:36:30.2702165Z","fe2449ae460a36dd5ad4630f578e96ffb453e4cc684c5e3a69870df73e264258"
"tracked",".ccg/dual-model-runs/20260706-083917-session-leakage-complete-fix-analysis-architect/ccg-health-20260706-083918.json","1141","2026-07-10T07:36:30.2702165Z","142bbdb378ab68382436415daf58b6215fc913895dba457dfa909e86ba940eeb"
"tracked",".ccg/dual-model-runs/20260706-083917-session-leakage-complete-fix-analysis-architect/claude-architect-attempt-1.prompt.md","1983","2026-07-10T07:36:30.2713766Z","74c2ee74d7e510617d059efb1d35006c22d674244d18dead57a662a4b012266c"
"tracked",".ccg/dual-model-runs/20260706-083917-session-leakage-complete-fix-analysis-architect/claude-architect-attempt-1.stderr.md","541","2026-07-10T07:36:30.2713766Z","67f389f53db23af3baa041ffbe86794e744f9930d7ebfa2f255a508c2f126a38"
"tracked",".ccg/dual-model-runs/20260706-083917-session-leakage-complete-fix-analysis-architect/claude-architect-attempt-1.stdout.md","0","2026-07-10T07:36:30.2713766Z","e3b0c44298fc1c149afbf4c8996fb92427ae41e4649b934ca495991b7852b855"
"tracked",".ccg/dual-model-runs/20260706-083917-session-leakage-complete-fix-analysis-architect/gemini-architect-attempt-1.prompt.md","1983","2026-07-10T07:36:30.2723830Z","78db170d13a1b45d1438e7314bf24261a2958abafb9315e2d61d98949a1d0fd8"
"tracked",".ccg/dual-model-runs/20260706-083917-session-leakage-complete-fix-analysis-architect/gemini-architect-attempt-1.stderr.md","871","2026-07-10T07:36:30.2723830Z","1c828fa866cdee03bdc2c6cb885b52713d6d2ddffc341551449ad34a984c4ec7"
"tracked",".ccg/dual-model-runs/20260706-083917-session-leakage-complete-fix-analysis-architect/gemini-architect-attempt-1.stdout.md","18869","2026-07-10T07:36:30.2733883Z","82dedc99b23fa2c9280bb44fddd5c9d2ce10e90774c78cd191c30dd85a706c74"
"tracked",".ccg/dual-model-runs/20260706-083917-session-leakage-complete-fix-analysis-architect/health-attempt-1.json","1442","2026-07-10T07:36:30.2733883Z","5273660318faef131eec64087bcc663ce5392c49c99877698a6df01f10ecf0d1"
"tracked",".ccg/dual-model-runs/20260706-083917-session-leakage-complete-fix-analysis-architect/summary.json","6391","2026-07-10T07:36:30.2733883Z","cc6ee0b70ddd881056126d04fa4127288caf75350377bb4de3c4f8dad12e96d5"
"tracked",".ccg/dual-model-runs/20260706-083917-session-leakage-complete-fix-analysis-architect/summary.md","923","2026-07-10T07:36:30.2743809Z","ab265a660892c06a916746280b17fe76520676ab1a677ad40041bbf6c2a124e2"
"tracked",".ccg/dual-model-runs/20260706-085720-subagent-goal-word-tutorial-analysis-analyzer/ccg-health-20260706-085720.json","1093","2026-07-10T07:36:30.2743809Z","ba8f75f28af4441796857c6a536ad91dd232c7126946aa808ab7d1371cae49ff"
"tracked",".ccg/dual-model-runs/20260706-085720-subagent-goal-word-tutorial-analysis-analyzer/claude-analyzer-attempt-1.prompt.md","2138","2026-07-10T07:36:30.2743809Z","e6659b0cb080ece65bc88605712acfd0978f362f5403133806c95de3eb11e138"
"tracked",".ccg/dual-model-runs/20260706-085720-subagent-goal-word-tutorial-analysis-analyzer/claude-analyzer-attempt-1.stderr.md","544","2026-07-10T07:36:30.2753825Z","86b1639a40e9e808baf599a7f1fe004a1813327e7cafe64f134005057acbaa16"
"tracked",".ccg/dual-model-runs/20260706-085720-subagent-goal-word-tutorial-analysis-analyzer/claude-analyzer-attempt-1.stdout.md","0","2026-07-10T07:36:30.2753825Z","e3b0c44298fc1c149afbf4c8996fb92427ae41e4649b934ca495991b7852b855"
"tracked",".ccg/dual-model-runs/20260706-085720-subagent-goal-word-tutorial-analysis-analyzer/gemini-analyzer-attempt-1.prompt.md","2138","2026-07-10T07:36:30.2753825Z","f8559353fbddf459d462a80dfd08d5a4a6128c14237a568cf5ac07210063b803"
"tracked",".ccg/dual-model-runs/20260706-085720-subagent-goal-word-tutorial-analysis-analyzer/gemini-analyzer-attempt-1.stderr.md","393","2026-07-10T07:36:30.2753825Z","769ab9a05821e83954093c3618880a05a657e9f1bef0eb4c19d60794dabc298c"
"tracked",".ccg/dual-model-runs/20260706-085720-subagent-goal-word-tutorial-analysis-analyzer/gemini-analyzer-attempt-1.stdout.md","27823","2026-07-10T07:36:30.2769314Z","70b16508c2686389be719d124ca71a765f43894a381daa707cbfe2092247e4ba"
"tracked",".ccg/dual-model-runs/20260706-085720-subagent-goal-word-tutorial-analysis-analyzer/health-attempt-1.json","1340","2026-07-10T07:36:30.2769314Z","3a3f3397bee01439a518b497d0c0869eaced0161bb1ffe7fe6b6e52c91a0e234"
"tracked",".ccg/dual-model-runs/20260706-085720-subagent-goal-word-tutorial-analysis-analyzer/summary.json","5858","2026-07-10T07:36:30.2779458Z","12ef9a067d5cc3ae4c332c542afd985eed9fd45160078e88e3d36543158f3792"
"tracked",".ccg/dual-model-runs/20260706-085720-subagent-goal-word-tutorial-analysis-analyzer/summary.md","767","2026-07-10T07:36:30.2779458Z","2b0d932bf6334ccf350e9f7661b93cdd6acb8b3bef964563acd5b108b87274fe"
"tracked",".ccg/dual-model-runs/20260706-090921-subagent-goal-word-tutorial-review-reviewer/ccg-health-20260706-090921.json","1093","2026-07-10T07:36:30.2789371Z","0a20b3b4adc0cc9967d63d6f832d9cd45ce2e8e570edb605d764a64340c9617d"
"tracked",".ccg/dual-model-runs/20260706-090921-subagent-goal-word-tutorial-review-reviewer/claude-reviewer-attempt-1.prompt.md","1942","2026-07-10T07:36:30.2789371Z","2987388a5f58f1327edd202a9d50386d9ffec4a92c57e73d3d1d8b5236051d34"
"tracked",".ccg/dual-model-runs/20260706-090921-subagent-goal-word-tutorial-review-reviewer/claude-reviewer-attempt-1.stderr.md","544","2026-07-10T07:36:30.2789371Z","7f1114c1c49cac18e948d0f5afd3366f2256e263e4026a009bfd40ed107ab415"
"tracked",".ccg/dual-model-runs/20260706-090921-subagent-goal-word-tutorial-review-reviewer/claude-reviewer-attempt-1.stdout.md","0","2026-07-10T07:36:30.2789371Z","e3b0c44298fc1c149afbf4c8996fb92427ae41e4649b934ca495991b7852b855"
"tracked",".ccg/dual-model-runs/20260706-090921-subagent-goal-word-tutorial-review-reviewer/gemini-reviewer-attempt-1.prompt.md","1942","2026-07-10T07:36:30.2802345Z","ee6f5f04713fdca1d089303fce7a45b286e3745ac88f2bb11cbc61cf4b0ee0c7"
"tracked",".ccg/dual-model-runs/20260706-090921-subagent-goal-word-tutorial-review-reviewer/gemini-reviewer-attempt-1.stderr.md","393","2026-07-10T07:36:30.2802345Z","0197dc10a814ee3a8c9a53bc052f243b7d5cd7d94049a472a1cddf12c3a3b21d"
"tracked",".ccg/dual-model-runs/20260706-090921-subagent-goal-word-tutorial-review-reviewer/gemini-reviewer-attempt-1.stdout.md","11823","2026-07-10T07:36:30.2802345Z","350b0384c09ae99f7ae01a39b2fe3b82310e392a2924e1e929ede511513c37c1"
"tracked",".ccg/dual-model-runs/20260706-090921-subagent-goal-word-tutorial-review-reviewer/health-attempt-1.json","1338","2026-07-10T07:36:30.2812408Z","42a26c4e38191bc6d05399d06b0de76213591be6f4370906b3d96ae8b248149c"
"tracked",".ccg/dual-model-runs/20260706-090921-subagent-goal-word-tutorial-review-reviewer/summary.json","5836","2026-07-10T07:36:30.2812408Z","362c192085db0ce1e9d6595718302a95c02a7b619d8b47d15fbb7ebfec426fd1"
"tracked",".ccg/dual-model-runs/20260706-090921-subagent-goal-word-tutorial-review-reviewer/summary.md","761","2026-07-10T07:36:30.2822481Z","5f73676e7d7f057b5af53992013c28000e5bf244b40380fe0f18cdfe174fd4fb"
"tracked",".ccg/dual-model-runs/20260706-093520-session-leakage-complete-fix-review-reviewer/ccg-health-20260706-093521.json","1141","2026-07-10T07:36:30.2822481Z","7e51cb70ce8420342d344dc857f688f9d7bb5b9306bd627927de929b43710b9e"
"tracked",".ccg/dual-model-runs/20260706-093520-session-leakage-complete-fix-review-reviewer/claude-reviewer-attempt-1.prompt.md","17990","2026-07-10T07:36:30.2832404Z","680be96aa6ad6c8e0fd9478e3d78dfffeeb4cdc50551563074e65dbffdcd77e4"
"tracked",".ccg/dual-model-runs/20260706-093520-session-leakage-complete-fix-review-reviewer/claude-reviewer-attempt-1.stderr.md","563","2026-07-10T07:36:30.2832404Z","c8dce58cbebc1ab6e857f123918d9819f3cfaf649a7e61b109bf379d3bc8acc4"
"tracked",".ccg/dual-model-runs/20260706-093520-session-leakage-complete-fix-review-reviewer/claude-reviewer-attempt-1.stdout.md","0","2026-07-10T07:36:30.2832404Z","e3b0c44298fc1c149afbf4c8996fb92427ae41e4649b934ca495991b7852b855"
"tracked",".ccg/dual-model-runs/20260706-093520-session-leakage-complete-fix-review-reviewer/gemini-reviewer-attempt-1.prompt.md","17990","2026-07-10T07:36:30.2832404Z","9b543b346a97816ab52717695556806d3f369348fe1673a41844393cb14248af"
"tracked",".ccg/dual-model-runs/20260706-093520-session-leakage-complete-fix-review-reviewer/gemini-reviewer-attempt-1.stderr.md","3221","2026-07-10T07:36:30.2842416Z","7527c38ad74dc1b8643d4603c026cdd3537de1bfc885a9df5888d1405c07be7e"
"tracked",".ccg/dual-model-runs/20260706-093520-session-leakage-complete-fix-review-reviewer/gemini-reviewer-attempt-1.stdout.md","34056","2026-07-10T07:36:30.2842416Z","41ca2cebef092934348b84b17657350afbddd75357317ceca9c0cdcca5834adc"
"tracked",".ccg/dual-model-runs/20260706-093520-session-leakage-complete-fix-review-reviewer/health-attempt-1.json","1439","2026-07-10T07:36:30.2852400Z","8add12f1cc5ee3b98b73141e6c5c6235b18946fcba3f92aa98d7a97d187f231e"
"tracked",".ccg/dual-model-runs/20260706-093520-session-leakage-complete-fix-review-reviewer/summary.json","6354","2026-07-10T07:36:30.2852400Z","01f698b9916d0047c37c9e8a8c96991bc71ddc61d92033dd20542a4bb2b7cc1d"
"tracked",".ccg/dual-model-runs/20260706-093520-session-leakage-complete-fix-review-reviewer/summary.md","913","2026-07-10T07:36:30.2852400Z","760ad526ac1109e83bf22b33483cbbaadfd8d6f6c809a3e7c3644c34264e4c1b"
"tracked",".ccg/dual-model-runs/20260706-100307-show-line-send-result-for-donations-analyzer/ccg-health-20260706-100308.json","1093","2026-07-10T07:36:30.2862428Z","133abd944e3229ef94bf08d404404e88a8b99ca92fe781651e6f00486d500b2a"
"tracked",".ccg/dual-model-runs/20260706-100307-show-line-send-result-for-donations-analyzer/claude-analyzer-attempt-1.prompt.md","2660","2026-07-10T07:36:30.2862428Z","b4e2df289effd9d38fc9f2e05109f6684add1005b8bd8d3ebe788ed66547e5be"
"tracked",".ccg/dual-model-runs/20260706-100307-show-line-send-result-for-donations-analyzer/claude-analyzer-attempt-1.stderr.md","544","2026-07-10T07:36:30.2872487Z","a1a33549237886531a58ae06fb088acff49c962f73f1fe2168ccf391b311dad7"
"tracked",".ccg/dual-model-runs/20260706-100307-show-line-send-result-for-donations-analyzer/claude-analyzer-attempt-1.stdout.md","0","2026-07-10T07:36:30.2872487Z","e3b0c44298fc1c149afbf4c8996fb92427ae41e4649b934ca495991b7852b855"
"tracked",".ccg/dual-model-runs/20260706-100307-show-line-send-result-for-donations-analyzer/gemini-analyzer-attempt-1.prompt.md","2660","2026-07-10T07:36:30.2872487Z","f318d5dcff9ba2ab3351f58d3ab500968269415306884768a01e74ea15aa183f"
"tracked",".ccg/dual-model-runs/20260706-100307-show-line-send-result-for-donations-analyzer/gemini-analyzer-attempt-1.stderr.md","518","2026-07-10T07:36:30.2882399Z","6a7d3a6f46393196bbf14efdbb7590ead1d3cbd14c0124951550d48392029f7f"
"tracked",".ccg/dual-model-runs/20260706-100307-show-line-send-result-for-donations-analyzer/gemini-analyzer-attempt-1.stdout.md","20342","2026-07-10T07:36:30.2892469Z","3739632d3bdc3026eb6867077e57d1d6a1cf09adaa48cd52ce2941b9499ce24e"
"tracked",".ccg/dual-model-runs/20260706-100307-show-line-send-result-for-donations-analyzer/health-attempt-1.json","1336","2026-07-10T07:36:30.2892469Z","7d698022ad39af0885d123e3bf7fd0f240c025e98ddd066964b9220610bdb1c3"
"tracked",".ccg/dual-model-runs/20260706-100307-show-line-send-result-for-donations-analyzer/summary.json","5823","2026-07-10T07:36:30.2892469Z","ea0a634c04c1424657d115c712ba7320bccec856e6d696f1110873b417ef8365"
"tracked",".ccg/dual-model-runs/20260706-100307-show-line-send-result-for-donations-analyzer/summary.md","762","2026-07-10T07:36:30.2902478Z","2dc2ea24475d9a6276811353e9452b8014ffd299fecaadcd01133f0c8f542a5e"
"tracked",".ccg/dual-model-runs/20260706-101857-show-line-send-result-for-donations-reviewer/ccg-health-20260706-101857.json","1093","2026-07-10T07:36:30.2902478Z","206c6987420bd562cf3376266ef48d2db6608c586924160f9cdff94cac458b59"
"tracked",".ccg/dual-model-runs/20260706-101857-show-line-send-result-for-donations-reviewer/claude-reviewer-attempt-1.prompt.md","1547","2026-07-10T07:36:30.2902478Z","0b9e04739d45638da0f1bbe48d8a274d442a989d1e3751c1e7d3890920d1bc59"
"tracked",".ccg/dual-model-runs/20260706-101857-show-line-send-result-for-donations-reviewer/claude-reviewer-attempt-1.stderr.md","544","2026-07-10T07:36:30.2913703Z","c5c9f14d7491737bd2832c75f15c5c835dd8e11f24576b095fd71d78911ce57d"
"tracked",".ccg/dual-model-runs/20260706-101857-show-line-send-result-for-donations-reviewer/claude-reviewer-attempt-1.stdout.md","0","2026-07-10T07:36:30.2913703Z","e3b0c44298fc1c149afbf4c8996fb92427ae41e4649b934ca495991b7852b855"
"tracked",".ccg/dual-model-runs/20260706-101857-show-line-send-result-for-donations-reviewer/gemini-reviewer-attempt-1.prompt.md","1547","2026-07-10T07:36:30.2913703Z","2bcec54a53e749f7dbc2154f7492755fbd478c6d63f18f882c12bba6c706ed66"
"tracked",".ccg/dual-model-runs/20260706-101857-show-line-send-result-for-donations-reviewer/gemini-reviewer-attempt-1.stderr.md","469","2026-07-10T07:36:30.2913703Z","b20834f9b415f470f523420cd9b3c2fd074979083e95f516d2582553a3fefded"
"tracked",".ccg/dual-model-runs/20260706-101857-show-line-send-result-for-donations-reviewer/gemini-reviewer-attempt-1.stdout.md","15149","2026-07-10T07:36:30.2923768Z","3498ed0d795b83b1ef0792cff824b0db5358f768d1d84f241f4e29e0e4fde36f"
"tracked",".ccg/dual-model-runs/20260706-101857-show-line-send-result-for-donations-reviewer/health-attempt-1.json","1336","2026-07-10T07:36:30.2923768Z","f92a7c874d53323d0dca508dad88964753fad4af05bd3fad06da83b9e8d077a3"
"tracked",".ccg/dual-model-runs/20260706-101857-show-line-send-result-for-donations-reviewer/summary.json","5823","2026-07-10T07:36:30.2933761Z","9f064ae56628c596dffbdc2f0a40ad910dd1ffcf1304ca71e3fdfec9eff69e6e"
"tracked",".ccg/dual-model-runs/20260706-101857-show-line-send-result-for-donations-reviewer/summary.md","762","2026-07-10T07:36:30.2933761Z","439222cba03bba07e5eb2c6d04ac52edddb84878e0540c3de436e4198d63b9b7"
"tracked",".ccg/dual-model-runs/20260706-102253-show-line-send-result-for-donations-reviewer/ccg-health-20260706-102253.json","1093","2026-07-10T07:36:30.2943767Z","32eeb1ca00820eb28a3f61c131f27e7f1da56eb5ee6ee68620a1e4b5417d0ce5"
"tracked",".ccg/dual-model-runs/20260706-102253-show-line-send-result-for-donations-reviewer/claude-reviewer-attempt-1.prompt.md","1752","2026-07-10T07:36:30.2943767Z","7f73ceb789f321d6c3e1e7132c2a517d694d8abcd37ba5f0464176b04d518e84"
"tracked",".ccg/dual-model-runs/20260706-102253-show-line-send-result-for-donations-reviewer/claude-reviewer-attempt-1.stderr.md","544","2026-07-10T07:36:30.2943767Z","98390bf67bfe619f7d2862bd2441e6aa7c71180be78dd57b80b2d2fef77a0014"
"tracked",".ccg/dual-model-runs/20260706-102253-show-line-send-result-for-donations-reviewer/claude-reviewer-attempt-1.stdout.md","0","2026-07-10T07:36:30.2943767Z","e3b0c44298fc1c149afbf4c8996fb92427ae41e4649b934ca495991b7852b855"
"tracked",".ccg/dual-model-runs/20260706-102253-show-line-send-result-for-donations-reviewer/gemini-reviewer-attempt-1.prompt.md","1752","2026-07-10T07:36:30.2953778Z","2d31e68f45f35431b8042e34383e01f78cb4e044ade5f98622134b036187d939"
"tracked",".ccg/dual-model-runs/20260706-102253-show-line-send-result-for-donations-reviewer/gemini-reviewer-attempt-1.stderr.md","469","2026-07-10T07:36:30.2953778Z","982a103150bc5989fc7cc8164c3355994eae59790231cb1deed4b18d9a2c14c5"
"tracked",".ccg/dual-model-runs/20260706-102253-show-line-send-result-for-donations-reviewer/gemini-reviewer-attempt-1.stdout.md","82350","2026-07-10T07:36:30.2963785Z","6cc7aeb2157e6a7a40879f88669855c2c35829bc0305ae3bf00c2e6ca1d2fd39"
"tracked",".ccg/dual-model-runs/20260706-102253-show-line-send-result-for-donations-reviewer/health-attempt-1.json","1336","2026-07-10T07:36:30.2963785Z","60dfa104b62b5ed0d143d4b61ee3204bbdc620caa1557f323cfc7082a0c92330"
"tracked",".ccg/dual-model-runs/20260706-102253-show-line-send-result-for-donations-reviewer/summary.json","5824","2026-07-10T07:36:30.2963785Z","1c61679b26aee00f5f80726549c7953831602dbf38cd5d56c0830d098eb591fb"
"tracked",".ccg/dual-model-runs/20260706-102253-show-line-send-result-for-donations-reviewer/summary.md","762","2026-07-10T07:36:30.2973765Z","3d15a2245c10464d23aefc0a4242c79406f562b7fe687b9edc58a819b36beca1"
"tracked",".ccg/dual-model-runs/20260706-102713-show-line-send-result-for-donations-reviewer/ccg-health-20260706-102713.json","1093","2026-07-10T07:36:30.2973765Z","432f818f1e5204fe618d9cce6fed9ac5179de75cb23814106dca650228f00a54"
"tracked",".ccg/dual-model-runs/20260706-102713-show-line-send-result-for-donations-reviewer/claude-reviewer-attempt-1.prompt.md","1650","2026-07-10T07:36:30.2983692Z","4aac1c247985ac24e19745d4fd395a7c7c198669756043f17bba5d404a1378f8"
"tracked",".ccg/dual-model-runs/20260706-102713-show-line-send-result-for-donations-reviewer/claude-reviewer-attempt-1.stderr.md","544","2026-07-10T07:36:30.2983692Z","7a0b80268d7782f72eeabd2cbcb9b1fd857f6bef741de404d3a39b1e13cfe2e4"
"tracked",".ccg/dual-model-runs/20260706-102713-show-line-send-result-for-donations-reviewer/claude-reviewer-attempt-1.stdout.md","0","2026-07-10T07:36:30.2983692Z","e3b0c44298fc1c149afbf4c8996fb92427ae41e4649b934ca495991b7852b855"
"tracked",".ccg/dual-model-runs/20260706-102713-show-line-send-result-for-donations-reviewer/gemini-reviewer-attempt-1.prompt.md","1650","2026-07-10T07:36:30.2983692Z","81cf6f5408e27eff0e94e309d5fe2aadd085ba0d0c70e21ec55cf01b11ce0408"
"tracked",".ccg/dual-model-runs/20260706-102713-show-line-send-result-for-donations-reviewer/gemini-reviewer-attempt-1.stderr.md","469","2026-07-10T07:36:30.2993767Z","cbdf6805a157839ca7eded081922799e152e244ec4a3b2497e4d907dad152d60"
"tracked",".ccg/dual-model-runs/20260706-102713-show-line-send-result-for-donations-reviewer/gemini-reviewer-attempt-1.stdout.md","39123","2026-07-10T07:36:30.2993767Z","8b416d1a9e5a1068c7ac4c507970f934ca497dde157b7412b616b684e56a15ff"
"tracked",".ccg/dual-model-runs/20260706-102713-show-line-send-result-for-donations-reviewer/health-attempt-1.json","1336","2026-07-10T07:36:30.3003765Z","a4798b3d015f56a4ad83339287338f37758b87c9f48b49fc6daae722d0f86b4a"
"tracked",".ccg/dual-model-runs/20260706-102713-show-line-send-result-for-donations-reviewer/summary.json","5824","2026-07-10T07:36:30.3003765Z","1913becc08ec02f6955a41ab971f4069ed8a33d741a2fbbc278cf35280854a17"
"tracked",".ccg/dual-model-runs/20260706-102713-show-line-send-result-for-donations-reviewer/summary.md","762","2026-07-10T07:36:30.3003765Z","9494ff74a6d140fb582343d4994b77b4e40ed4ae86a13e9f70ce58b09bb8b6f0"
"tracked",".ccg/dual-model-runs/20260706-104405-show-line-send-result-for-donations-analyzer/ccg-health-20260706-104406.json","1141","2026-07-10T07:36:30.3014896Z","004969abd5738521ded6bd5a5d865c6f4c88a4aba2969a474708fb8ca60eb4aa"
"tracked",".ccg/dual-model-runs/20260706-104405-show-line-send-result-for-donations-analyzer/claude-analyzer-attempt-1.prompt.md","2651","2026-07-10T07:36:30.3014896Z","802f32eaf95ca27847772879be03871a1decc928661db5a83508bfe533b87e16"
"tracked",".ccg/dual-model-runs/20260706-104405-show-line-send-result-for-donations-analyzer/claude-analyzer-attempt-1.stderr.md","544","2026-07-10T07:36:30.3014896Z","cf931e29ea12ff91228dc13d7111afe0eb1d1fb7de83bcf8a71b455f48a65fea"
"tracked",".ccg/dual-model-runs/20260706-104405-show-line-send-result-for-donations-analyzer/claude-analyzer-attempt-1.stdout.md","0","2026-07-10T07:36:30.3014896Z","e3b0c44298fc1c149afbf4c8996fb92427ae41e4649b934ca495991b7852b855"
"tracked",".ccg/dual-model-runs/20260706-104405-show-line-send-result-for-donations-analyzer/gemini-analyzer-attempt-1.prompt.md","2651","2026-07-10T07:36:30.3024859Z","b987e760dc43ed090cf363d4303efa2fc8f138d04b0d015cf4ce966828fbe94e"
"tracked",".ccg/dual-model-runs/20260706-104405-show-line-send-result-for-donations-analyzer/gemini-analyzer-attempt-1.stderr.md","518","2026-07-10T07:36:30.3024859Z","e339242136a5b24c57500c8394405681f649c5f63bc4c0a97286080e4f515f3a"
"tracked",".ccg/dual-model-runs/20260706-104405-show-line-send-result-for-donations-analyzer/gemini-analyzer-attempt-1.stdout.md","117870","2026-07-10T07:36:30.3024859Z","91f1e04b3fd12418b3e5ebec239912d2276f2bf9dcb56449f25e8212e712f1bc"
"tracked",".ccg/dual-model-runs/20260706-104405-show-line-send-result-for-donations-analyzer/health-attempt-1.json","1436","2026-07-10T07:36:30.3034833Z","a70fc6e694f26c4b85551db8d3c92689b6e181c341493a3fea558e5652eb3782"
"tracked",".ccg/dual-model-runs/20260706-104405-show-line-send-result-for-donations-analyzer/summary.json","6331","2026-07-10T07:36:30.3034833Z","34c2d647d3f9dab559f3f72404044f6822ab16549bc2c12f9999b426191be890"
"tracked",".ccg/dual-model-runs/20260706-104405-show-line-send-result-for-donations-analyzer/summary.md","911","2026-07-10T07:36:30.3034833Z","cc317576e186097f2cf2d0316a237d1aa9dc8b34fd3af8b2a052a11bac58ccec"
"tracked",".ccg/dual-model-runs/20260706-105512-show-line-send-result-for-donations-reviewer/ccg-health-20260706-105513.json","1141","2026-07-10T07:36:30.3044900Z","f5cb3002c6782c709daff92f8738cede42487c85bc1cb3ac57c40d23da97dadf"
"tracked",".ccg/dual-model-runs/20260706-105512-show-line-send-result-for-donations-reviewer/claude-reviewer-attempt-1.prompt.md","2266","2026-07-10T07:36:30.3044900Z","aa83d4de404e9664f1b68647d92876d80fadb15611e548b508ff0f2e377c5ce5"
"tracked",".ccg/dual-model-runs/20260706-105512-show-line-send-result-for-donations-reviewer/claude-reviewer-attempt-1.stderr.md","558","2026-07-10T07:36:30.3044900Z","a6594c8d1d2b5c3c44664367a5c85ec064b0bd9c411e10ffaa5a458c766a4cdc"
"tracked",".ccg/dual-model-runs/20260706-105512-show-line-send-result-for-donations-reviewer/claude-reviewer-attempt-1.stdout.md","0","2026-07-10T07:36:30.3054893Z","e3b0c44298fc1c149afbf4c8996fb92427ae41e4649b934ca495991b7852b855"
"tracked",".ccg/dual-model-runs/20260706-105512-show-line-send-result-for-donations-reviewer/gemini-reviewer-attempt-1.prompt.md","2266","2026-07-10T07:36:30.3054893Z","3e69dcdb4a511d9a0e696b12ca329ec7337a7ba6c0db324efe6429be9342324c"
"tracked",".ccg/dual-model-runs/20260706-105512-show-line-send-result-for-donations-reviewer/gemini-reviewer-attempt-1.stderr.md","518","2026-07-10T07:36:30.3054893Z","a92e5b3d271c41338ae31f0ee40110def130f79cde860a9287d5db4e5153187f"
"tracked",".ccg/dual-model-runs/20260706-105512-show-line-send-result-for-donations-reviewer/gemini-reviewer-attempt-1.stdout.md","15519","2026-07-10T07:36:30.3054893Z","32b849c81296b16fa58f5799187370260dec1150d3a1367e2a22d8657fa316fd"
"tracked",".ccg/dual-model-runs/20260706-105512-show-line-send-result-for-donations-reviewer/health-attempt-1.json","1436","2026-07-10T07:36:30.3064837Z","7de072ecfeb74f9616f2a87d416670f13284741c07b27f1eddd3ffdd2a1aed89"
"tracked",".ccg/dual-model-runs/20260706-105512-show-line-send-result-for-donations-reviewer/summary.json","6330","2026-07-10T07:36:30.3064837Z","b178f1609f1c44a832e468339691b5c3b2062f5b28fb1e82fd7b810f61244be1"
"tracked",".ccg/dual-model-runs/20260706-105512-show-line-send-result-for-donations-reviewer/summary.md","911","2026-07-10T07:36:30.3064837Z","b158570209309f4e40b8e1800c42caf2f12699454655d04c3fdb7faea5d3864a"
"tracked",".ccg/dual-model-runs/20260706-105908-show-line-send-result-for-donations-final-reviewer/ccg-health-20260706-105908.json","1141","2026-07-10T07:36:30.3075072Z","5419ab33695f62c66c2fb4bef9c612f66ca0820071c3ece86697eadb03d38c7a"
"tracked",".ccg/dual-model-runs/20260706-105908-show-line-send-result-for-donations-final-reviewer/claude-reviewer-attempt-1.prompt.md","2421","2026-07-10T07:36:30.3075072Z","c72ced1f6e2e7fd822847b998a5c2a11028b99c550c2635c0dd24719f06f833d"
"tracked",".ccg/dual-model-runs/20260706-105908-show-line-send-result-for-donations-final-reviewer/claude-reviewer-attempt-1.stderr.md","558","2026-07-10T07:36:30.3075072Z","d28df70444860029c19f386a676f254fcb214a37df6ea0147a9185f1658937fd"
"tracked",".ccg/dual-model-runs/20260706-105908-show-line-send-result-for-donations-final-reviewer/claude-reviewer-attempt-1.stdout.md","0","2026-07-10T07:36:30.3075072Z","e3b0c44298fc1c149afbf4c8996fb92427ae41e4649b934ca495991b7852b855"
"tracked",".ccg/dual-model-runs/20260706-105908-show-line-send-result-for-donations-final-reviewer/gemini-reviewer-attempt-1.prompt.md","2421","2026-07-10T07:36:30.3084942Z","3431d5843e0e94c229ae75e8728e30af35fcd96e3b84e1af2606a2d1a23a0806"
"tracked",".ccg/dual-model-runs/20260706-105908-show-line-send-result-for-donations-final-reviewer/gemini-reviewer-attempt-1.stderr.md","518","2026-07-10T07:36:30.3084942Z","32906d6787cf2d1bafbd0fbed95398912e899c4ccf402b45d9e6c9896725fb52"
"tracked",".ccg/dual-model-runs/20260706-105908-show-line-send-result-for-donations-final-reviewer/gemini-reviewer-attempt-1.stdout.md","14464","2026-07-10T07:36:30.3084942Z","526d499c97d9c4517f832b72bb747fef67d31a7acf55ce5f935f6f4d6cd94e3d"
"tracked",".ccg/dual-model-runs/20260706-105908-show-line-send-result-for-donations-final-reviewer/health-attempt-1.json","1442","2026-07-10T07:36:30.3084942Z","1d72914354cee4830f7487e3ca492f506f43e209ad948ef55bbe1de90b94303f"
"tracked",".ccg/dual-model-runs/20260706-105908-show-line-send-result-for-donations-final-reviewer/summary.json","6390","2026-07-10T07:36:30.3084942Z","8a2484ed8c30b6386067ea482bf8ddd6f415aa6c45a3bd465d9fb865846616f2"
"tracked",".ccg/dual-model-runs/20260706-105908-show-line-send-result-for-donations-final-reviewer/summary.md","929","2026-07-10T07:36:30.3100037Z","2f61efb0d528f5774691da541b1e0101842b09503ae8358fec273eb1f29f8888"
"tracked",".ccg/dual-model-runs/20260706-114901-speed-up-atm-donation-submit-analyzer/ccg-health-20260706-114901.json","1093","2026-07-10T07:36:30.3100037Z","ffc3a52bce57bc470c9e496470bf6fe83edb2919b42e045853c59ef94198d787"
"tracked",".ccg/dual-model-runs/20260706-114901-speed-up-atm-donation-submit-analyzer/claude-analyzer-attempt-1.prompt.md","3306","2026-07-10T07:36:30.3100037Z","aece1c066e0756c255a349a146cd627a31cd00dc3b6a74a730c84830015a4c85"
"tracked",".ccg/dual-model-runs/20260706-114901-speed-up-atm-donation-submit-analyzer/claude-analyzer-attempt-1.stderr.md","544","2026-07-10T07:36:30.3110166Z","1ea8f322a65ac708d19bf01d72a29bd7588838704537ccc977970079e8a15954"
"tracked",".ccg/dual-model-runs/20260706-114901-speed-up-atm-donation-submit-analyzer/claude-analyzer-attempt-1.stdout.md","0","2026-07-10T07:36:30.3110166Z","e3b0c44298fc1c149afbf4c8996fb92427ae41e4649b934ca495991b7852b855"
"tracked",".ccg/dual-model-runs/20260706-114901-speed-up-atm-donation-submit-analyzer/gemini-analyzer-attempt-1.prompt.md","3306","2026-07-10T07:36:30.3110166Z","1164f86559f230e0edfe4482c7fd99dc52f0ec4bb568743833d23805203e3e34"
"tracked",".ccg/dual-model-runs/20260706-114901-speed-up-atm-donation-submit-analyzer/gemini-analyzer-attempt-1.stderr.md","469","2026-07-10T07:36:30.3120092Z","ffaef7b0f0964bcdc4fc6bcea3605c3d669106a63a992b08894b5575a02099f0"
"tracked",".ccg/dual-model-runs/20260706-114901-speed-up-atm-donation-submit-analyzer/gemini-analyzer-attempt-1.stdout.md","22012","2026-07-10T07:36:30.3120092Z","86fcf1b7d13a00de400016ec5599c5d62c4350bf197b5dbed433d07110523d2c"
"tracked",".ccg/dual-model-runs/20260706-114901-speed-up-atm-donation-submit-analyzer/health-attempt-1.json","1329","2026-07-10T07:36:30.3120092Z","7fc39bb1851532da954d6d6862942acca5fc4a127e5db95c6514feb0e37763a7"
"tracked",".ccg/dual-model-runs/20260706-114901-speed-up-atm-donation-submit-analyzer/summary.json","5753","2026-07-10T07:36:30.3130214Z","a0aa41ab5c10d3795ce2b1a77522eb0a5fbbaa7ff471faf494ea6161ca48b4fa"
"tracked",".ccg/dual-model-runs/20260706-114901-speed-up-atm-donation-submit-analyzer/summary.md","741","2026-07-10T07:36:30.3130214Z","487ce50885389d8f7499d0f882eb7b138b8741094770a02739f34bd14bc6a37b"
"tracked",".ccg/dual-model-runs/20260706-120419-speed-up-atm-donation-submit-reviewer/ccg-health-20260706-120419.json","1093","2026-07-10T07:36:30.3130214Z","ec7a6a481a610784200ed520586a4e821efa9baa646e3b6023c58e25f66db65d"
"tracked",".ccg/dual-model-runs/20260706-120419-speed-up-atm-donation-submit-reviewer/ccg-health-20260706-121052.json","1093","2026-07-10T07:36:30.3140215Z","f8dbaaef9ef9d9fb64cc7900948893fd09e2a092ea683f2307122832f256419e"
"tracked",".ccg/dual-model-runs/20260706-120419-speed-up-atm-donation-submit-reviewer/claude-reviewer-attempt-1.prompt.md","8963","2026-07-10T07:36:30.3140215Z","f557c5a9d459bfb7fbe04eaf584297b6e39803264819f19fb272739681620214"
"tracked",".ccg/dual-model-runs/20260706-120419-speed-up-atm-donation-submit-reviewer/claude-reviewer-attempt-1.stderr.md","296","2026-07-10T07:36:30.3140215Z","6148787afaf577d068b97c4e0af9825f7d9ea7b304e9191540b794c1bfd7bdf4"
"tracked",".ccg/dual-model-runs/20260706-120419-speed-up-atm-donation-submit-reviewer/claude-reviewer-attempt-1.stdout.md","5925","2026-07-10T07:36:30.3150181Z","414c8222c9f9a39af5e1fddea5e64fbfa3ae46487e507553e6259bfc089de264"
"tracked",".ccg/dual-model-runs/20260706-120419-speed-up-atm-donation-submit-reviewer/claude-reviewer-attempt-2.prompt.md","8963","2026-07-10T07:36:30.3150181Z","f557c5a9d459bfb7fbe04eaf584297b6e39803264819f19fb272739681620214"
"tracked",".ccg/dual-model-runs/20260706-120419-speed-up-atm-donation-submit-reviewer/gemini-reviewer-attempt-1.prompt.md","8963","2026-07-10T07:36:30.3150181Z","6ca68ce85abbbe88b48fa5d011d1adf85e55e986c4a15bc74596731616eced94"
"tracked",".ccg/dual-model-runs/20260706-120419-speed-up-atm-donation-submit-reviewer/gemini-reviewer-attempt-1.stderr.md","2801","2026-07-10T07:36:30.3160159Z","82022cf68922887fbcbd5bfc20784c4c82b887fd4e9a656ce2a0b57f151b8854"
"tracked",".ccg/dual-model-runs/20260706-120419-speed-up-atm-donation-submit-reviewer/gemini-reviewer-attempt-1.stdout.md","0","2026-07-10T07:36:30.3160159Z","e3b0c44298fc1c149afbf4c8996fb92427ae41e4649b934ca495991b7852b855"
"tracked",".ccg/dual-model-runs/20260706-120419-speed-up-atm-donation-submit-reviewer/gemini-reviewer-attempt-2.prompt.md","8963","2026-07-10T07:36:30.3160159Z","6ca68ce85abbbe88b48fa5d011d1adf85e55e986c4a15bc74596731616eced94"
"tracked",".ccg/dual-model-runs/20260706-120419-speed-up-atm-donation-submit-reviewer/gemini-reviewer-attempt-2.stderr.md","2248","2026-07-10T07:36:30.3160159Z","5f91d4e5c3e4fcde36ca6e097620ab43f6f9c80d3628921f3316b9b8d2b7c5f3"
"tracked",".ccg/dual-model-runs/20260706-120419-speed-up-atm-donation-submit-reviewer/gemini-reviewer-attempt-2.stdout.md","0","2026-07-10T07:36:30.3160159Z","e3b0c44298fc1c149afbf4c8996fb92427ae41e4649b934ca495991b7852b855"
"tracked",".ccg/dual-model-runs/20260706-120419-speed-up-atm-donation-submit-reviewer/health-attempt-1.json","1329","2026-07-10T07:36:30.3170103Z","91635c4c546da3455d133d92a7ab1ca7f58911e5b83c9378ef1e9a10de9166fe"
"tracked",".ccg/dual-model-runs/20260706-120419-speed-up-atm-donation-submit-reviewer/health-attempt-2.json","1329","2026-07-10T07:36:30.3170103Z","08ba449be8f9645659f004b4578f40da204b7c08a6ff19102d4bf04ecb030748"
"tracked",".ccg/dual-model-runs/20260706-125016-reduce-line-wait-500ms-reviewer/ccg-health-20260706-125017.json","1144","2026-07-10T07:36:30.3170103Z","b81a936d2ff28a8f6a54aa625c92efc84ecd705db3119a19ae912c8484aa5ed4"
"tracked",".ccg/dual-model-runs/20260706-125016-reduce-line-wait-500ms-reviewer/ccg-health-20260706-125434.json","1144","2026-07-10T07:36:30.3180207Z","541b1e0616ae5d18a2505f73cfbc81f7bd8c8b86f9fe3390de609fc46d5240e0"
"tracked",".ccg/dual-model-runs/20260706-125016-reduce-line-wait-500ms-reviewer/claude-reviewer-attempt-1.prompt.md","1823","2026-07-10T07:36:30.3180207Z","164d7853bd93b69aab388bcffc8871e425c94985e94131a99271c483e1dffc46"
"tracked",".ccg/dual-model-runs/20260706-125016-reduce-line-wait-500ms-reviewer/claude-reviewer-attempt-1.stderr.md","296","2026-07-10T07:36:30.3180207Z","16e35f858f6b96d6c7a447247c98bfe4746ef1b0a75e7c1c4ec7ad61d83bb428"
"tracked",".ccg/dual-model-runs/20260706-125016-reduce-line-wait-500ms-reviewer/claude-reviewer-attempt-1.stdout.md","3243","2026-07-10T07:36:30.3190165Z","ed96e8a9cdabb16953f6673511d89275a7cd9292758ffeb2833796db5b46f37e"
"tracked",".ccg/dual-model-runs/20260706-125016-reduce-line-wait-500ms-reviewer/claude-reviewer-attempt-2.prompt.md","1823","2026-07-10T07:36:30.3190165Z","164d7853bd93b69aab388bcffc8871e425c94985e94131a99271c483e1dffc46"
"tracked",".ccg/dual-model-runs/20260706-125016-reduce-line-wait-500ms-reviewer/claude-reviewer-attempt-2.stderr.md","544","2026-07-10T07:36:30.3190165Z","58954b77c9cf1d04c40955a86c7ca1a1eea51a82996f46afd436c65a467b2df6"
"tracked",".ccg/dual-model-runs/20260706-125016-reduce-line-wait-500ms-reviewer/claude-reviewer-attempt-2.stdout.md","0","2026-07-10T07:36:30.3200156Z","e3b0c44298fc1c149afbf4c8996fb92427ae41e4649b934ca495991b7852b855"
"tracked",".ccg/dual-model-runs/20260706-125016-reduce-line-wait-500ms-reviewer/gemini-reviewer-attempt-1.prompt.md","1823","2026-07-10T07:36:30.3200156Z","51bb44c0cd64dc9417e7f3d90a8d88a510f9e541c9cc90dc9add14ad86faf19e"
"tracked",".ccg/dual-model-runs/20260706-125016-reduce-line-wait-500ms-reviewer/gemini-reviewer-attempt-1.stderr.md","2275","2026-07-10T07:36:30.3200156Z","8c812cd08384734b8885d66f5556258e225797290df3776d55bed8d4cbf4c1ca"
"tracked",".ccg/dual-model-runs/20260706-125016-reduce-line-wait-500ms-reviewer/gemini-reviewer-attempt-1.stdout.md","0","2026-07-10T07:36:30.3200156Z","e3b0c44298fc1c149afbf4c8996fb92427ae41e4649b934ca495991b7852b855"
"tracked",".ccg/dual-model-runs/20260706-125016-reduce-line-wait-500ms-reviewer/gemini-reviewer-attempt-2.prompt.md","1823","2026-07-10T07:36:30.3200156Z","51bb44c0cd64dc9417e7f3d90a8d88a510f9e541c9cc90dc9add14ad86faf19e"
"tracked",".ccg/dual-model-runs/20260706-125016-reduce-line-wait-500ms-reviewer/gemini-reviewer-attempt-2.stderr.md","2275","2026-07-10T07:36:30.3210954Z","68e8f5303a7f6ce66a5862dd2539c30f530ef29d6589a30de2844b695f584077"
"tracked",".ccg/dual-model-runs/20260706-125016-reduce-line-wait-500ms-reviewer/gemini-reviewer-attempt-2.stdout.md","0","2026-07-10T07:36:30.3210954Z","e3b0c44298fc1c149afbf4c8996fb92427ae41e4649b934ca495991b7852b855"
"tracked",".ccg/dual-model-runs/20260706-125016-reduce-line-wait-500ms-reviewer/health-attempt-1.json","1428","2026-07-10T07:36:30.3210954Z","ede0a0a8339c6f6ed0b2843e5d67255c7a68559f2cd78cc40c48380a257ba648"
"tracked",".ccg/dual-model-runs/20260706-125016-reduce-line-wait-500ms-reviewer/health-attempt-2.json","1428","2026-07-10T07:36:30.3210954Z","5dd6d70e73f1be76914e90892336a6df8664bc3d388d03620371c57a558bf6b4"
"tracked",".ccg/dual-model-runs/20260706-125016-reduce-line-wait-500ms-reviewer/summary.json","10059","2026-07-10T07:36:30.3220835Z","80d8031d86b396bcbd421d9a583c98aa885cb201f819b87cee653ba9885d6b81"
"tracked",".ccg/dual-model-runs/20260706-125016-reduce-line-wait-500ms-reviewer/summary.md","875","2026-07-10T07:36:30.3220835Z","b52890d03368869bd468e32f6045b43d0bc7cafd96d997e94f595b9977282da8"
"tracked",".ccg/dual-model-runs/20260706-160750-rename-main-project-to-speechmessageproducts-churchreport-analyzer/ccg-health-20260706-160751.json","1052","2026-07-10T07:36:30.3220835Z","2b59d04f9b4d5f371065e85f0942a302e896b7f16dabc81444ffe4e3735ab94d"
"tracked",".ccg/dual-model-runs/20260706-160750-rename-main-project-to-speechmessageproducts-churchreport-analyzer/claude-analyzer-attempt-1.prompt.md","2427","2026-07-10T07:36:30.3230836Z","37ebaa5b30f8edaef4561f5760cd2490020d710afcf211d4e0d426787bef527c"
"tracked",".ccg/dual-model-runs/20260706-160750-rename-main-project-to-speechmessageproducts-churchreport-analyzer/claude-analyzer-attempt-1.stderr.md","544","2026-07-10T07:36:30.3230836Z","094f57c3cae946681812dc3d0e28f4e811874a6a25c1c3c4c55f86d473f2c5cd"
"tracked",".ccg/dual-model-runs/20260706-160750-rename-main-project-to-speechmessageproducts-churchreport-analyzer/claude-analyzer-attempt-1.stdout.md","0","2026-07-10T07:36:30.3230836Z","e3b0c44298fc1c149afbf4c8996fb92427ae41e4649b934ca495991b7852b855"
"tracked",".ccg/dual-model-runs/20260706-160750-rename-main-project-to-speechmessageproducts-churchreport-analyzer/gemini-analyzer-attempt-1.prompt.md","2427","2026-07-10T07:36:30.3240915Z","6f59f9fec79c1822c70c0314a2474b35347f10dad5bcd8687bb9b2e2994b1aa8"
"tracked",".ccg/dual-model-runs/20260706-160750-rename-main-project-to-speechmessageproducts-churchreport-analyzer/gemini-analyzer-attempt-1.stderr.md","2525","2026-07-10T07:36:30.3240915Z","d6729794e5e80ce9486eb03b0ce6dda1483853587042275dd5eb77f13ad271f4"
"tracked",".ccg/dual-model-runs/20260706-160750-rename-main-project-to-speechmessageproducts-churchreport-analyzer/gemini-analyzer-attempt-1.stdout.md","0","2026-07-10T07:36:30.3251733Z","e3b0c44298fc1c149afbf4c8996fb92427ae41e4649b934ca495991b7852b855"
"tracked",".ccg/dual-model-runs/20260706-160750-rename-main-project-to-speechmessageproducts-churchreport-analyzer/health-attempt-1.json","1276","2026-07-10T07:36:30.3251733Z","20ee463bd0d1fc92c2899e51d09f86c762ca1141924999d685ba76faeebecebc"
"tracked",".ccg/dual-model-runs/20260706-160750-rename-main-project-to-speechmessageproducts-churchreport-analyzer/summary.json","5634","2026-07-10T07:36:30.3251733Z","e4bd7fd683fb72852dab9a9932d686e0c246de4d9963154edd055ca1bd6d52d4"
"tracked",".ccg/dual-model-runs/20260706-160750-rename-main-project-to-speechmessageproducts-churchreport-analyzer/summary.md","711","2026-07-10T07:36:30.3251733Z","12192821452cb3199f8d7686dfbd689bba766bc66a75b462db95f5e2c55a203c"
"tracked",".ccg/dual-model-runs/20260707-112544-dual-model-smoke-test-20260707-analyzer/ccg-health-20260707-112545.json","1052","2026-07-10T07:36:30.3251733Z","4c54b8ce1ba2abac1fec4d22d3857378279ed6bef1f0cd0712ebf07ce05b114b"
"tracked",".ccg/dual-model-runs/20260707-112544-dual-model-smoke-test-20260707-analyzer/claude-analyzer-attempt-1.prompt.md","1208","2026-07-10T07:36:30.3274526Z","b31db68051a5bca985ec1773fed330718a0ccc42895fc487072252f2b2659f8b"
"tracked",".ccg/dual-model-runs/20260707-112544-dual-model-smoke-test-20260707-analyzer/claude-analyzer-attempt-1.stderr.md","544","2026-07-10T07:36:30.3274526Z","9cfbc7d96412b0c30068d30bef511b7f739d725e965012eb43c10609e24fc1a5"
"tracked",".ccg/dual-model-runs/20260707-112544-dual-model-smoke-test-20260707-analyzer/claude-analyzer-attempt-1.stdout.md","0","2026-07-10T07:36:30.3274526Z","e3b0c44298fc1c149afbf4c8996fb92427ae41e4649b934ca495991b7852b855"
"tracked",".ccg/dual-model-runs/20260707-112544-dual-model-smoke-test-20260707-analyzer/gemini-analyzer-attempt-1.prompt.md","1208","2026-07-10T07:36:30.3287718Z","b02df1916d5bf20bbbc97b544f71816fc804aa6c775827cd3a67622afe9195d6"
"tracked",".ccg/dual-model-runs/20260707-112544-dual-model-smoke-test-20260707-analyzer/gemini-analyzer-attempt-1.stderr.md","2172","2026-07-10T07:36:30.3292842Z","f8af81efe49cd0b54f4e0d75388bc7c9aa3281f50c40054dcf53d5b6ee2e4191"
"tracked",".ccg/dual-model-runs/20260707-112544-dual-model-smoke-test-20260707-analyzer/gemini-analyzer-attempt-1.stdout.md","0","2026-07-10T07:36:30.3292842Z","e3b0c44298fc1c149afbf4c8996fb92427ae41e4649b934ca495991b7852b855"
"tracked",".ccg/dual-model-runs/20260707-112544-dual-model-smoke-test-20260707-analyzer/health-attempt-1.json","1252","2026-07-10T07:36:30.3292842Z","d09616852746385b94c1afa497ad2bcb045d9382602549e504b102600d55a957"
"tracked",".ccg/dual-model-runs/20260707-112544-dual-model-smoke-test-20260707-analyzer/summary.json","5392","2026-07-10T07:36:30.3303131Z","48e383657acf8bd61953d775853cfbe86f53d2b324c77ff2072ee15401f404f0"
"tracked",".ccg/dual-model-runs/20260707-112544-dual-model-smoke-test-20260707-analyzer/summary.md","632","2026-07-10T07:36:30.3303131Z","82e187885811c9febbd3dd95c9bca28bceb543f9b5a1953cf939c0a03bdd816c"
"tracked",".ccg/dual-model-runs/20260707-114110-dual-model-smoke-test-20260707-rerun-analyzer/ccg-health-20260707-114110.json","1052","2026-07-10T07:36:30.3313205Z","9ca9ed023383ee4de3cced4b00e3bf4963974a283c16be4a89fd8283f41c73b2"
"tracked",".ccg/dual-model-runs/20260707-114110-dual-model-smoke-test-20260707-rerun-analyzer/claude-analyzer-attempt-1.prompt.md","1214","2026-07-10T07:36:30.3313205Z","e2b503df3d8182f60bf45687dfbebc194bf41b06fef25720af1c3bd702380889"
"tracked",".ccg/dual-model-runs/20260707-114110-dual-model-smoke-test-20260707-rerun-analyzer/claude-analyzer-attempt-1.stderr.md","544","2026-07-10T07:36:30.3323253Z","db226a1870e27d7b75ea6b2e31700c4505b521ee35cefbbd174c10b9c3fcfc36"
"tracked",".ccg/dual-model-runs/20260707-114110-dual-model-smoke-test-20260707-rerun-analyzer/claude-analyzer-attempt-1.stdout.md","0","2026-07-10T07:36:30.3323253Z","e3b0c44298fc1c149afbf4c8996fb92427ae41e4649b934ca495991b7852b855"
"tracked",".ccg/dual-model-runs/20260707-114110-dual-model-smoke-test-20260707-rerun-analyzer/gemini-analyzer-attempt-1.prompt.md","1214","2026-07-10T07:36:30.3333257Z","c9364636da6b905b42556a72e9be8647c562f1975e8e7bfbc4ca01006abf8818"
"tracked",".ccg/dual-model-runs/20260707-114110-dual-model-smoke-test-20260707-rerun-analyzer/gemini-analyzer-attempt-1.stderr.md","2266","2026-07-10T07:36:30.3333257Z","b178a8e9f95f141d56bb6a329dde4c47b1e6afb5f8a839bf0ff24be061be07a9"
"tracked",".ccg/dual-model-runs/20260707-114110-dual-model-smoke-test-20260707-rerun-analyzer/gemini-analyzer-attempt-1.stdout.md","0","2026-07-10T07:36:30.3333257Z","e3b0c44298fc1c149afbf4c8996fb92427ae41e4649b934ca495991b7852b855"
"tracked",".ccg/dual-model-runs/20260707-114110-dual-model-smoke-test-20260707-rerun-analyzer/health-attempt-1.json","1258","2026-07-10T07:36:30.3343209Z","0ae546b15bfc604342f7c32fc4e4704c1e967bf3d0e59ecf8d778f649c5c61b4"
"tracked",".ccg/dual-model-runs/20260707-114110-dual-model-smoke-test-20260707-rerun-analyzer/summary.json","5460","2026-07-10T07:36:30.3343209Z","8930e7935f137c8d34aaceecfe04372735ee172b3c61d4f3b7fe0b730d511216"
"tracked",".ccg/dual-model-runs/20260707-114110-dual-model-smoke-test-20260707-rerun-analyzer/summary.md","650","2026-07-10T07:36:30.3353182Z","4fbada6d797e699caf7d062c3c35d20d6277e3dc8f08a0eb1d1e6a0b5b40b912"
"tracked",".ccg/dual-model-runs/20260707-114132-dual-model-review-smoke-test-20260707-reviewer/ccg-health-20260707-114132.json","1052","2026-07-10T07:36:30.3353182Z","15742c1d1eafad8f599d52d375490ae477cbbfa39429113b300a823d4cf3d28b"
"tracked",".ccg/dual-model-runs/20260707-114132-dual-model-review-smoke-test-20260707-reviewer/claude-reviewer-attempt-1.prompt.md","1433","2026-07-10T07:36:30.3363177Z","5c079fa691864986e68e8529598d3724c3fbdb67c50585ef152378b0f4308a8f"
"tracked",".ccg/dual-model-runs/20260707-114132-dual-model-review-smoke-test-20260707-reviewer/claude-reviewer-attempt-1.stderr.md","544","2026-07-10T07:36:30.3363177Z","568f51c732ed2e8d10ed046e3cd30ff1c83253fc74f9f1f5ec8b7dd41ca12170"
"tracked",".ccg/dual-model-runs/20260707-114132-dual-model-review-smoke-test-20260707-reviewer/claude-reviewer-attempt-1.stdout.md","0","2026-07-10T07:36:30.3363177Z","e3b0c44298fc1c149afbf4c8996fb92427ae41e4649b934ca495991b7852b855"
"tracked",".ccg/dual-model-runs/20260707-114132-dual-model-review-smoke-test-20260707-reviewer/gemini-reviewer-attempt-1.prompt.md","1433","2026-07-10T07:36:30.3373265Z","39b6e712228d44a0842ade8d561d275f75c4976c178ea16d19156942948d8fc8"
"tracked",".ccg/dual-model-runs/20260707-114132-dual-model-review-smoke-test-20260707-reviewer/gemini-reviewer-attempt-1.stderr.md","2186","2026-07-10T07:36:30.3373265Z","4a06ea4216bcf5e83e0965cd88310a257cd98c4ae1d7f01821de65415272ae94"
"tracked",".ccg/dual-model-runs/20260707-114132-dual-model-review-smoke-test-20260707-reviewer/gemini-reviewer-attempt-1.stdout.md","0","2026-07-10T07:36:30.3383246Z","e3b0c44298fc1c149afbf4c8996fb92427ae41e4649b934ca495991b7852b855"
"tracked",".ccg/dual-model-runs/20260707-114132-dual-model-review-smoke-test-20260707-reviewer/health-attempt-1.json","1259","2026-07-10T07:36:30.3383246Z","74a898f4eab95923f64293dbb355757431182ddadaebdbf6a6a0b318e0cd8bf1"
"tracked",".ccg/dual-model-runs/20260707-114132-dual-model-review-smoke-test-20260707-reviewer/summary.json","5462","2026-07-10T07:36:30.3383246Z","7278b0f5e5a70d87d562906f789813ab9e3d463e5ae2b2fdf687d26d98334426"
"tracked",".ccg/dual-model-runs/20260707-114132-dual-model-review-smoke-test-20260707-reviewer/summary.md","653","2026-07-10T07:36:30.3393257Z","bbf0f6e7ec059cc1cb6c26fec61bdf33d20f08b4a0b44db9b7323ad4c1d1e4f7"
"tracked",".ccg/dual-model-runs/20260707-152917-dual-model-smoke-test-20260707-after-fix-analyzer/ccg-health-20260707-152918.json","1104","2026-07-10T07:36:30.3393257Z","9a15024546afa0982792204e4d28b5261496934be092dfb20eabe587a2acea02"
"tracked",".ccg/dual-model-runs/20260707-152917-dual-model-smoke-test-20260707-after-fix-analyzer/claude-analyzer-attempt-1.prompt.md","1218","2026-07-10T07:36:30.3403174Z","ca6ccd75dbf177e6fc384c2f1b1711020270cda209c104aa5e26fe0ae5393727"
"tracked",".ccg/dual-model-runs/20260707-152917-dual-model-smoke-test-20260707-after-fix-analyzer/claude-analyzer-attempt-1.stderr.md","296","2026-07-10T07:36:30.3403174Z","4f3a309763b6119181226fd639281c799a165d46e336cfba439bc99a20c500a7"
"tracked",".ccg/dual-model-runs/20260707-152917-dual-model-smoke-test-20260707-after-fix-analyzer/claude-analyzer-attempt-1.stdout.md","2465","2026-07-10T07:36:30.3413497Z","1d43736e80cf67bc907d9fb04278758d8ea064d4d6929a10f814ef90eb5409f9"
"tracked",".ccg/dual-model-runs/20260707-152917-dual-model-smoke-test-20260707-after-fix-analyzer/gemini-analyzer-attempt-1.prompt.md","1218","2026-07-10T07:36:30.3413497Z","c20eed68993e70e0edb00712c0d358df11b6e28dc7971b82ee3d22f1bd9a17bb"
"tracked",".ccg/dual-model-runs/20260707-152917-dual-model-smoke-test-20260707-after-fix-analyzer/gemini-analyzer-attempt-1.stderr.md","2172","2026-07-10T07:36:30.3423499Z","07e902ce91d9c50ca0c069e7d24f1e7996d928c7610e39f0e80b1be255edce45"
"tracked",".ccg/dual-model-runs/20260707-152917-dual-model-smoke-test-20260707-after-fix-analyzer/gemini-analyzer-attempt-1.stdout.md","0","2026-07-10T07:36:30.3423499Z","e3b0c44298fc1c149afbf4c8996fb92427ae41e4649b934ca495991b7852b855"
"tracked",".ccg/dual-model-runs/20260707-152917-dual-model-smoke-test-20260707-after-fix-analyzer/health-attempt-1.json","1314","2026-07-10T07:36:30.3423499Z","65ac0a00079210ad0ed50d062a986bc989ea2d93f3ca181a86c154b9e10fa788"
"tracked",".ccg/dual-model-runs/20260707-152917-dual-model-smoke-test-20260707-after-fix-analyzer/summary.json","15813","2026-07-10T07:36:30.3433493Z","76fd943b191e164ff88cce8c2ea51dd48282274ca38fe56a44be72c7cabca3fb"
"tracked",".ccg/dual-model-runs/20260707-152917-dual-model-smoke-test-20260707-after-fix-analyzer/summary.md","661","2026-07-10T07:36:30.3433493Z","5f5aadd781a4f480696bd90559db40c661d4da4e522fe2bc4fc71c8da175e1e5"
"tracked",".ccg/dual-model-runs/20260707-152954-dual-model-review-smoke-test-20260707-after-fix-reviewer/ccg-health-20260707-152954.json","1104","2026-07-10T07:36:30.3433493Z","841d678a3e815c0e10a8feb32d7549af491c9aea15e107b8a180fadca62ac567"
"tracked",".ccg/dual-model-runs/20260707-152954-dual-model-review-smoke-test-20260707-after-fix-reviewer/claude-reviewer-attempt-1.prompt.md","1443","2026-07-10T07:36:30.3443413Z","d28b8d5373119c44318b2e7a0ea3dc6666d1104879fe99b40a855289e651c6f8"
"tracked",".ccg/dual-model-runs/20260707-152954-dual-model-review-smoke-test-20260707-after-fix-reviewer/claude-reviewer-attempt-1.stderr.md","296","2026-07-10T07:36:30.3453423Z","db6856f02d6c5976ae8c0bb47a379d7bbfbfd94b27f4b5ac386b54290181ab04"
"tracked",".ccg/dual-model-runs/20260707-152954-dual-model-review-smoke-test-20260707-after-fix-reviewer/claude-reviewer-attempt-1.stdout.md","929","2026-07-10T07:36:30.3453423Z","fe086f6255c00c0f1b93dc58f3f81d41e1d9be01f590a586eba488a5fbfe911b"
"tracked",".ccg/dual-model-runs/20260707-152954-dual-model-review-smoke-test-20260707-after-fix-reviewer/gemini-reviewer-attempt-1.prompt.md","1443","2026-07-10T07:36:30.3463436Z","91aba9a28f8c9509e486324e538e8b5cee301c1ad73ab91c7542030bc94a7475"
"tracked",".ccg/dual-model-runs/20260707-152954-dual-model-review-smoke-test-20260707-after-fix-reviewer/gemini-reviewer-attempt-1.stderr.md","2277","2026-07-10T07:36:30.3463436Z","129c5fefd3f7a7f3a991597e56efcfc10adfdeed232e3faa1d8956ad274c4d99"
"tracked",".ccg/dual-model-runs/20260707-152954-dual-model-review-smoke-test-20260707-after-fix-reviewer/gemini-reviewer-attempt-1.stdout.md","0","2026-07-10T07:36:30.3463436Z","e3b0c44298fc1c149afbf4c8996fb92427ae41e4649b934ca495991b7852b855"
"tracked",".ccg/dual-model-runs/20260707-152954-dual-model-review-smoke-test-20260707-after-fix-reviewer/health-attempt-1.json","1321","2026-07-10T07:36:30.3473422Z","a426967ba2f6eed9dc5164835fe9ace2eead1ed43cb82a7cc860aae1323e0c92"
"tracked",".ccg/dual-model-runs/20260707-152954-dual-model-review-smoke-test-20260707-after-fix-reviewer/summary.json","15890","2026-07-10T07:36:30.3473422Z","9d15b87245ef216f5f0a4c1a3717cfb89ad30d2046a0e37709b557bf4c4daf79"
"tracked",".ccg/dual-model-runs/20260707-152954-dual-model-review-smoke-test-20260707-after-fix-reviewer/summary.md","682","2026-07-10T07:36:30.3483438Z","2ddff279aaeb342620c5f315e24f9767f4d8768d75c230ce60c1cc6e2df5d19d"
"tracked",".ccg/dual-model-runs/20260707-153327-dual-model-smoke-test-20260707-ascii-quota-fix-analyzer/ccg-health-20260707-153327.json","1104","2026-07-10T07:36:30.3483438Z","23f82fbf6284fcadfa9358513df966a0016ee6a55201972ed308557097451d0a"
"tracked",".ccg/dual-model-runs/20260707-153327-dual-model-smoke-test-20260707-ascii-quota-fix-analyzer/claude-analyzer-attempt-1.prompt.md","1224","2026-07-10T07:36:30.3493463Z","a3ba5350bb0c6f0955ccca91c7a8d6f4723496827dba4da6744714d55845c235"
"tracked",".ccg/dual-model-runs/20260707-153327-dual-model-smoke-test-20260707-ascii-quota-fix-analyzer/claude-analyzer-attempt-1.stderr.md","296","2026-07-10T07:36:30.3493463Z","69dfb2f6838d0fbc93b05700624fe62808eb8ae436125181adf93ac8584e09bf"
"tracked",".ccg/dual-model-runs/20260707-153327-dual-model-smoke-test-20260707-ascii-quota-fix-analyzer/claude-analyzer-attempt-1.stdout.md","720","2026-07-10T07:36:30.3493463Z","2119f38ff72334020adf780b504dcc4ffa06a40dd19b81099248cc948e5bb10c"
"tracked",".ccg/dual-model-runs/20260707-153327-dual-model-smoke-test-20260707-ascii-quota-fix-analyzer/gemini-analyzer-attempt-1.prompt.md","1224","2026-07-10T07:36:30.3504524Z","7303628bd627d15dd5752f82ffa7a01a33efabc1f874cb81be5b583c2e34f2ef"
"tracked",".ccg/dual-model-runs/20260707-153327-dual-model-smoke-test-20260707-ascii-quota-fix-analyzer/gemini-analyzer-attempt-1.stderr.md","2266","2026-07-10T07:36:30.3504524Z","010748dd18bf7085717d24fa2bcb11d86258718828427fd3c4319f2985fd3f4e"
"tracked",".ccg/dual-model-runs/20260707-153327-dual-model-smoke-test-20260707-ascii-quota-fix-analyzer/gemini-analyzer-attempt-1.stdout.md","0","2026-07-10T07:36:30.3504524Z","e3b0c44298fc1c149afbf4c8996fb92427ae41e4649b934ca495991b7852b855"
"tracked",".ccg/dual-model-runs/20260707-153327-dual-model-smoke-test-20260707-ascii-quota-fix-analyzer/health-attempt-1.json","1320","2026-07-10T07:36:30.3515124Z","5857da2f6a24911179727f289262e1ecc795355d5a1c15501f87d6e11f6274d4"
"tracked",".ccg/dual-model-runs/20260707-153327-dual-model-smoke-test-20260707-ascii-quota-fix-analyzer/summary.json","5556","2026-07-10T07:36:30.3515124Z","ab17e823817e688bd454caf01452cd1ac2f0cb6f6f812dfe564fa72c87311b91"
"tracked",".ccg/dual-model-runs/20260707-153327-dual-model-smoke-test-20260707-ascii-quota-fix-analyzer/summary.md","677","2026-07-10T07:36:30.3525128Z","cbe8e1f8f6ee26eca4c5c3bd3f43053617ae355ada9c58988ed20b8b22787a4c"
"tracked",".ccg/dual-model-runs/20260707-153349-dual-model-review-smoke-test-20260707-ascii-quota-fix-reviewer/ccg-health-20260707-153350.json","1104","2026-07-10T07:36:30.3525128Z","104abe2e5e866e14feb41eec2a77697c4e4d28ecf0bae4cef247294030ee7b26"
"tracked",".ccg/dual-model-runs/20260707-153349-dual-model-review-smoke-test-20260707-ascii-quota-fix-reviewer/claude-reviewer-attempt-1.prompt.md","1449","2026-07-10T07:36:30.3535120Z","45176a562ce72d8a36c8371091a54dce09b8a98534f55ed151cbb164bba44a4b"
"tracked",".ccg/dual-model-runs/20260707-153349-dual-model-review-smoke-test-20260707-ascii-quota-fix-reviewer/claude-reviewer-attempt-1.stderr.md","296","2026-07-10T07:36:30.3535120Z","bdb2ac71f2b64e6433814bd19c0831947beb3f702841acd5d9488d6c4f149991"
"tracked",".ccg/dual-model-runs/20260707-153349-dual-model-review-smoke-test-20260707-ascii-quota-fix-reviewer/claude-reviewer-attempt-1.stdout.md","693","2026-07-10T07:36:30.3535120Z","db76b6987effa844c5d7d23ce7de9e592096e99784a540e750cd47ab52193264"
"tracked",".ccg/dual-model-runs/20260707-153349-dual-model-review-smoke-test-20260707-ascii-quota-fix-reviewer/gemini-reviewer-attempt-1.prompt.md","1449","2026-07-10T07:36:30.3550154Z","ade72c9ea4a53771bf696f892f069ae340f2930033c58990553bdaed3ea56c21"
"tracked",".ccg/dual-model-runs/20260707-153349-dual-model-review-smoke-test-20260707-ascii-quota-fix-reviewer/gemini-reviewer-attempt-1.stderr.md","2186","2026-07-10T07:36:30.3550154Z","dbb4637f9df2aa7164c1f35cbb982c5a7f8eb1599f33ee9c5b742d1158fc6d21"
"tracked",".ccg/dual-model-runs/20260707-153349-dual-model-review-smoke-test-20260707-ascii-quota-fix-reviewer/gemini-reviewer-attempt-1.stdout.md","0","2026-07-10T07:36:30.3550154Z","e3b0c44298fc1c149afbf4c8996fb92427ae41e4649b934ca495991b7852b855"
"tracked",".ccg/dual-model-runs/20260707-153349-dual-model-review-smoke-test-20260707-ascii-quota-fix-reviewer/health-attempt-1.json","1327","2026-07-10T07:36:30.3550154Z","0118ebb4d1401a1e61a82a333412ed135401e39b7b36827597329608ca1eda06"
"tracked",".ccg/dual-model-runs/20260707-153349-dual-model-review-smoke-test-20260707-ascii-quota-fix-reviewer/summary.json","5618","2026-07-10T07:36:30.3560225Z","2c3e9d4a3040468e2b5eccb711ba08e007b06cc1b2da1977de82de01dfcd6b49"
"tracked",".ccg/dual-model-runs/20260707-153349-dual-model-review-smoke-test-20260707-ascii-quota-fix-reviewer/summary.md","698","2026-07-10T07:36:30.3570195Z","692eee89f79b3502dad75f3e2bd3f47bb9bbbeef072e3526216110a253eaa8f9"
"tracked",".ccg/dual-model-runs/20260707-153814-dual-model-smoke-test-20260707-diagnostic-fix-analyzer/ccg-health-20260707-153815.json","1104","2026-07-10T07:36:30.3570195Z","a8a756161558408c4443efbede37b6b38a3d4222914314c13bae1f601387d22a"
"tracked",".ccg/dual-model-runs/20260707-153814-dual-model-smoke-test-20260707-diagnostic-fix-analyzer/claude-analyzer-attempt-1.prompt.md","1223","2026-07-10T07:36:30.3570195Z","e1fdd4b0f76ced6bc31b06dcf840825d1d7f736b7ad147815d9565ce6cbdfc11"
"tracked",".ccg/dual-model-runs/20260707-153814-dual-model-smoke-test-20260707-diagnostic-fix-analyzer/claude-analyzer-attempt-1.stderr.md","296","2026-07-10T07:36:30.3580201Z","e55bedd68146e3e7315809d95b8294e346440853aeee59e4da56cc2766252ac9"
"tracked",".ccg/dual-model-runs/20260707-153814-dual-model-smoke-test-20260707-diagnostic-fix-analyzer/claude-analyzer-attempt-1.stdout.md","1686","2026-07-10T07:36:30.3580201Z","f44ace1fcbf6a332585cbbe3db8097a54b08828361d47a1673e4e79714fe6f68"
"tracked",".ccg/dual-model-runs/20260707-153814-dual-model-smoke-test-20260707-diagnostic-fix-analyzer/gemini-analyzer-attempt-1.prompt.md","1223","2026-07-10T07:36:30.3590197Z","b009113a17e7f0696043389f7ded8e4e70c998ed284bc08600e07b1111801f5e"
"tracked",".ccg/dual-model-runs/20260707-153814-dual-model-smoke-test-20260707-diagnostic-fix-analyzer/gemini-analyzer-attempt-1.stderr.md","2172","2026-07-10T07:36:30.3590197Z","f6ff252089eb200ca830d3f3210759d574e2549b9da9c7e20e3d084fcbcacac2"
"tracked",".ccg/dual-model-runs/20260707-153814-dual-model-smoke-test-20260707-diagnostic-fix-analyzer/gemini-analyzer-attempt-1.stdout.md","0","2026-07-10T07:36:30.3590197Z","e3b0c44298fc1c149afbf4c8996fb92427ae41e4649b934ca495991b7852b855"
"tracked",".ccg/dual-model-runs/20260707-153814-dual-model-smoke-test-20260707-diagnostic-fix-analyzer/health-attempt-1.json","1319","2026-07-10T07:36:30.3600189Z","ad79ab137ee210ae3e033f3ae6f47241bd9c0502fc03d1a72f5175614f19c4ae"
"tracked",".ccg/dual-model-runs/20260707-153814-dual-model-smoke-test-20260707-diagnostic-fix-analyzer/summary.json","6244","2026-07-10T07:36:30.3600189Z","e7c49ed4c6c04d5de8631d44e3fe3cb2d171c9850f67a056868e3259c20b0cbd"
"tracked",".ccg/dual-model-runs/20260707-153814-dual-model-smoke-test-20260707-diagnostic-fix-analyzer/summary.md","674","2026-07-10T07:36:30.3613165Z","040397a2d84b74ae796cfabd96eac5b4b2c790de17781ceff52b65c0e21b8a31"
"tracked",".ccg/dual-model-runs/20260707-153836-dual-model-review-smoke-test-20260707-diagnostic-fix-reviewer/ccg-health-20260707-153837.json","1104","2026-07-10T07:36:30.3613165Z","2ec61ad184c6dcfc0000de1ae13c34b33f425ca381ddf9811a6f2ea866eb3dfb"
"tracked",".ccg/dual-model-runs/20260707-153836-dual-model-review-smoke-test-20260707-diagnostic-fix-reviewer/claude-reviewer-attempt-1.prompt.md","1448","2026-07-10T07:36:30.3623113Z","870598b3dc5687477204b93c413c596257709db6a811ea458e20c9183e2ee63e"
"tracked",".ccg/dual-model-runs/20260707-153836-dual-model-review-smoke-test-20260707-diagnostic-fix-reviewer/claude-reviewer-attempt-1.stderr.md","296","2026-07-10T07:36:30.3623113Z","93497843af93c8f4df4361a22338f6b20027fa64bbe985981bbd30a0f946f82b"
"tracked",".ccg/dual-model-runs/20260707-153836-dual-model-review-smoke-test-20260707-diagnostic-fix-reviewer/claude-reviewer-attempt-1.stdout.md","845","2026-07-10T07:36:30.3633115Z","4adf1992894e787a984d84d89103e90bcc3f5665da7764661c5fafb8019b1f2b"
"tracked",".ccg/dual-model-runs/20260707-153836-dual-model-review-smoke-test-20260707-diagnostic-fix-reviewer/gemini-reviewer-attempt-1.prompt.md","1448","2026-07-10T07:36:30.3633115Z","d9866b85e019fe26dedd847bde9fd8d8c87eaff2df738df9b96c9eb169e5ee9c"
"tracked",".ccg/dual-model-runs/20260707-153836-dual-model-review-smoke-test-20260707-diagnostic-fix-reviewer/gemini-reviewer-attempt-1.stderr.md","2180","2026-07-10T07:36:30.3643110Z","7a74f675ad35c85dac746b4f90e6f03b23dde675a59e80331558479bc40ef746"
"tracked",".ccg/dual-model-runs/20260707-153836-dual-model-review-smoke-test-20260707-diagnostic-fix-reviewer/gemini-reviewer-attempt-1.stdout.md","0","2026-07-10T07:36:30.3643110Z","e3b0c44298fc1c149afbf4c8996fb92427ae41e4649b934ca495991b7852b855"
"tracked",".ccg/dual-model-runs/20260707-153836-dual-model-review-smoke-test-20260707-diagnostic-fix-reviewer/health-attempt-1.json","1326","2026-07-10T07:36:30.3643110Z","cca51e0c9594fffd3cd4d08a10bb0a1bc4b060880489657f8644c461a4b3f2b6"
"tracked",".ccg/dual-model-runs/20260707-153836-dual-model-review-smoke-test-20260707-diagnostic-fix-reviewer/summary.json","6314","2026-07-10T07:36:30.3653112Z","1893f08ac4d38e247f24e5a341f7f1f0dc88fbbe2e7894373110b7535cff8c5f"
"tracked",".ccg/dual-model-runs/20260707-153836-dual-model-review-smoke-test-20260707-diagnostic-fix-reviewer/summary.md","695","2026-07-10T07:36:30.3653112Z","db6f0bc918af3379353535eaad7b88bef485d824aa5764d61acd83e613175372"
"tracked",".ccg/dual-model-runs/20260707-154059-dual-model-smoke-test-20260707-final-diagnostics-analyzer/ccg-health-20260707-154059.json","1104","2026-07-10T07:36:30.3653112Z","ca1d9b47ba74d6ac1ba79da5371cb4420f71157d9d92a2848e63f8ab5293467f"
"tracked",".ccg/dual-model-runs/20260707-154059-dual-model-smoke-test-20260707-final-diagnostics-analyzer/claude-analyzer-attempt-1.prompt.md","1226","2026-07-10T07:36:30.3663119Z","eeb0b4065ff7281125bb73618107223a3f3880e1829435978e483497f621806c"
"tracked",".ccg/dual-model-runs/20260707-154059-dual-model-smoke-test-20260707-final-diagnostics-analyzer/claude-analyzer-attempt-1.stderr.md","296","2026-07-10T07:36:30.3663119Z","d465322cfe818758eb9be925ad188d6be667c87dad16fb9a53fc07d5a865d14c"
"tracked",".ccg/dual-model-runs/20260707-154059-dual-model-smoke-test-20260707-final-diagnostics-analyzer/claude-analyzer-attempt-1.stdout.md","1510","2026-07-10T07:36:30.3673111Z","1c229d94ded7f1ed5db6948b381c407b9d2902cae474b9c3174f1601f24c3db5"
"tracked",".ccg/dual-model-runs/20260707-154059-dual-model-smoke-test-20260707-final-diagnostics-analyzer/gemini-analyzer-attempt-1.prompt.md","1226","2026-07-10T07:36:30.3673111Z","8d65ce88f852db85a6f0a8a4344ee27e026d2ee5e4bd35280041bf8a7a90680f"
"tracked",".ccg/dual-model-runs/20260707-154059-dual-model-smoke-test-20260707-final-diagnostics-analyzer/gemini-analyzer-attempt-1.stderr.md","2172","2026-07-10T07:36:30.3683176Z","0533cc32ee3e0e6fd234b25934fb160e5f142e9832a85709710b1001e9585768"
"tracked",".ccg/dual-model-runs/20260707-154059-dual-model-smoke-test-20260707-final-diagnostics-analyzer/gemini-analyzer-attempt-1.stdout.md","0","2026-07-10T07:36:30.3683176Z","e3b0c44298fc1c149afbf4c8996fb92427ae41e4649b934ca495991b7852b855"
"tracked",".ccg/dual-model-runs/20260707-154059-dual-model-smoke-test-20260707-final-diagnostics-analyzer/health-attempt-1.json","1322","2026-07-10T07:36:30.3683176Z","43e725fd4177cb34c8f3f960f7cd59f5fe639903e76b5866b62d5ed7460c2317"
"tracked",".ccg/dual-model-runs/20260707-154059-dual-model-smoke-test-20260707-final-diagnostics-analyzer/summary.json","6006","2026-07-10T07:36:30.3693116Z","d7b1050a707497dacde03731591ff95135d4e8070963cb6a54e6f4423041f12a"
"tracked",".ccg/dual-model-runs/20260707-154059-dual-model-smoke-test-20260707-final-diagnostics-analyzer/summary.md","683","2026-07-10T07:36:30.3693116Z","ed32ed09510add722ba90f73b3eef5274b2974a4eac36423fd15af73bc5389d0"
"tracked",".ccg/dual-model-runs/20260707-154120-dual-model-review-smoke-test-20260707-final-diagnostics-reviewer/ccg-health-20260707-154120.json","1104","2026-07-10T07:36:30.3703109Z","9c14f8cfb1915c9f454de6200e846301b4de552090133255d721497319975760"
"tracked",".ccg/dual-model-runs/20260707-154120-dual-model-review-smoke-test-20260707-final-diagnostics-reviewer/claude-reviewer-attempt-1.prompt.md","1451","2026-07-10T07:36:30.3703109Z","dd7d21e8eb67b81416fb1597bf3116af11d1000ff7e2c51001512d333ce05785"
"tracked",".ccg/dual-model-runs/20260707-154120-dual-model-review-smoke-test-20260707-final-diagnostics-reviewer/claude-reviewer-attempt-1.stderr.md","296","2026-07-10T07:36:30.3703109Z","acf9042d0ade8f22909059f185d2bc0ae2094a357c8354a334849868fcdd8539"
"tracked",".ccg/dual-model-runs/20260707-154120-dual-model-review-smoke-test-20260707-final-diagnostics-reviewer/claude-reviewer-attempt-1.stdout.md","778","2026-07-10T07:36:30.3714048Z","813c7c2f22199c53ec7c8edf45909da733c9bddad74c832f5ac4ed79a1d6ef4f"
"tracked",".ccg/dual-model-runs/20260707-154120-dual-model-review-smoke-test-20260707-final-diagnostics-reviewer/gemini-reviewer-attempt-1.prompt.md","1451","2026-07-10T07:36:30.3714048Z","48b69429fc8ee2ffab4e7983dccf4b364c730ca808cfbf1df3596f4077635837"
"tracked",".ccg/dual-model-runs/20260707-154120-dual-model-review-smoke-test-20260707-final-diagnostics-reviewer/gemini-reviewer-attempt-1.stderr.md","2186","2026-07-10T07:36:30.3714048Z","d847045ee96302e10ee32051ca94d896800ea6b966b5ad073027066dcca7294e"
"tracked",".ccg/dual-model-runs/20260707-154120-dual-model-review-smoke-test-20260707-final-diagnostics-reviewer/gemini-reviewer-attempt-1.stdout.md","0","2026-07-10T07:36:30.3724055Z","e3b0c44298fc1c149afbf4c8996fb92427ae41e4649b934ca495991b7852b855"
"tracked",".ccg/dual-model-runs/20260707-154120-dual-model-review-smoke-test-20260707-final-diagnostics-reviewer/health-attempt-1.json","1329","2026-07-10T07:36:30.3724055Z","948a97440d4da7cc4a0fdbf1aa63331a07b367586edc3baf34e694e05759fbd9"
"tracked",".ccg/dual-model-runs/20260707-154120-dual-model-review-smoke-test-20260707-final-diagnostics-reviewer/summary.json","6076","2026-07-10T07:36:30.3724055Z","33e66da075cf67f47904aada0da0ede69faec5f26a386403b7943a3e6779e9fd"
"tracked",".ccg/dual-model-runs/20260707-154120-dual-model-review-smoke-test-20260707-final-diagnostics-reviewer/summary.md","704","2026-07-10T07:36:30.3734045Z","6eafd539a612aada396c3afd4f3615f989c3e4346751f5ac5ac94a828367cb17"
"tracked",".ccg/dual-model-runs/20260707-154352-fix-dual-model-operation-review-reviewer/ccg-health-20260707-154352.json","1104","2026-07-10T07:36:30.3734045Z","c77eccd4133cf57d0d238e5248980b49c1bf73cd7e673c2b90b4182e4a1fb67e"
"tracked",".ccg/dual-model-runs/20260707-154352-fix-dual-model-operation-review-reviewer/claude-reviewer-attempt-1.prompt.md","1473","2026-07-10T07:36:30.3744055Z","2d762900eb4be788e38f35317ebc4233483e5ea2912f0782b8d775da4474a3d8"
"tracked",".ccg/dual-model-runs/20260707-154352-fix-dual-model-operation-review-reviewer/claude-reviewer-attempt-1.stderr.md","296","2026-07-10T07:36:30.3744055Z","795a0c1aadbc06495d09ef77082e2544c6316d4eda5b46667f68938c05694fa2"
"tracked",".ccg/dual-model-runs/20260707-154352-fix-dual-model-operation-review-reviewer/claude-reviewer-attempt-1.stdout.md","6159","2026-07-10T07:36:30.3754658Z","2694b52e2972f6bd0b04734dc9ccb08fb1e3031ae17fea576cb3af1f3b0f0ca8"
"tracked",".ccg/dual-model-runs/20260707-154352-fix-dual-model-operation-review-reviewer/gemini-reviewer-attempt-1.prompt.md","1473","2026-07-10T07:36:30.3754658Z","5626a07610947d3441c60cfb165bfcf5e95f3b31543ab5d5f86428ba6a49ee84"
"tracked",".ccg/dual-model-runs/20260707-154352-fix-dual-model-operation-review-reviewer/gemini-reviewer-attempt-1.stderr.md","2186","2026-07-10T07:36:30.3764547Z","9cfee00aeaaf38d671f4dc74497086b39ae8974df79b9a642de7421b5781b4be"
"tracked",".ccg/dual-model-runs/20260707-154352-fix-dual-model-operation-review-reviewer/gemini-reviewer-attempt-1.stdout.md","0","2026-07-10T07:36:30.3764547Z","e3b0c44298fc1c149afbf4c8996fb92427ae41e4649b934ca495991b7852b855"
"tracked",".ccg/dual-model-runs/20260707-154352-fix-dual-model-operation-review-reviewer/health-attempt-1.json","1305","2026-07-10T07:36:30.3764547Z","e639a63a6d2a8b2f76254773799f3b6ce6e68e2e28b5cc6ff855551ab60e93df"
"tracked",".ccg/dual-model-runs/20260707-154352-fix-dual-model-operation-review-reviewer/summary.json","5837","2026-07-10T07:36:30.3774592Z","3de99ec2ef1d4f90ed06c55852e0c91fcb511202f2b5ac3212d2468a76c0b670"
"tracked",".ccg/dual-model-runs/20260707-154352-fix-dual-model-operation-review-reviewer/summary.md","632","2026-07-10T07:36:30.3774592Z","742d131ba890b0a1a5bf33967f647c31d7ab85d9fdab0ab1276c1705d865d975"
"tracked",".ccg/dual-model-runs/20260707-155056-dual-model-smoke-test-20260707-narrow-quota-fix-analyzer/ccg-health-20260707-155056.json","1104","2026-07-10T07:36:30.3774592Z","5df41f3556b56cc7fd9b7590bf4b8b32bacb1d040020701f71be7f900a7c2dd2"
"tracked",".ccg/dual-model-runs/20260707-155056-dual-model-smoke-test-20260707-narrow-quota-fix-analyzer/claude-analyzer-attempt-1.prompt.md","1225","2026-07-10T07:36:30.3784593Z","fccc68d0c0be9a829dba0f13daab42ae3188b3599cf71d391231737d82ccc10f"
"tracked",".ccg/dual-model-runs/20260707-155056-dual-model-smoke-test-20260707-narrow-quota-fix-analyzer/claude-analyzer-attempt-1.stderr.md","296","2026-07-10T07:36:30.3784593Z","9f28debb96b8a2fce3c06e19aaf1c929ea19d9630ba9e2b1d75b44e23a301a43"
"tracked",".ccg/dual-model-runs/20260707-155056-dual-model-smoke-test-20260707-narrow-quota-fix-analyzer/claude-analyzer-attempt-1.stdout.md","1592","2026-07-10T07:36:30.3799627Z","e8a8651e1f0a7ff32bc7357d432c77e8cec7bbf6b95fea4f8f76beae813df6d9"
"tracked",".ccg/dual-model-runs/20260707-155056-dual-model-smoke-test-20260707-narrow-quota-fix-analyzer/gemini-analyzer-attempt-1.prompt.md","1225","2026-07-10T07:36:30.3799627Z","5e6b828f57469ca6a422fc1b0af5c7cb9e3af706fc309b722d176cd9e44c7b4a"
"tracked",".ccg/dual-model-runs/20260707-155056-dual-model-smoke-test-20260707-narrow-quota-fix-analyzer/gemini-analyzer-attempt-1.stderr.md","2172","2026-07-10T07:36:30.3799627Z","a81957a5ac315b8bd9cbae4477a6ff648fb0cd498ff078c5d49cc38860715e60"
"tracked",".ccg/dual-model-runs/20260707-155056-dual-model-smoke-test-20260707-narrow-quota-fix-analyzer/gemini-analyzer-attempt-1.stdout.md","0","2026-07-10T07:36:30.3809659Z","e3b0c44298fc1c149afbf4c8996fb92427ae41e4649b934ca495991b7852b855"
"tracked",".ccg/dual-model-runs/20260707-155056-dual-model-smoke-test-20260707-narrow-quota-fix-analyzer/health-attempt-1.json","1321","2026-07-10T07:36:30.3809659Z","e2e18e669187a84c33f7bd6f5ba58f81fbaf2d058034a02a3885f8f0cb6edbd4"
"tracked",".ccg/dual-model-runs/20260707-155056-dual-model-smoke-test-20260707-narrow-quota-fix-analyzer/summary.json","5996","2026-07-10T07:36:30.3809659Z","9fef8b3a5e08fe5c44ef595b38e4ff90e5f08eb9192d103a089267024955b667"
"tracked",".ccg/dual-model-runs/20260707-155056-dual-model-smoke-test-20260707-narrow-quota-fix-analyzer/summary.md","680","2026-07-10T07:36:30.3819688Z","072bde029efa15f522cf86394330d48a77d39fe3af3fb28f6e9e7f5c4908c2f6"
"tracked",".ccg/dual-model-runs/20260707-155116-dual-model-review-smoke-test-20260707-narrow-quota-fix-reviewer/ccg-health-20260707-155117.json","1104","2026-07-10T07:36:30.3826391Z","3b3ee790b75a3e15c9ab8ab4a6fce344aa0ffa62392b4846b0bec60ddde9c445"
"tracked",".ccg/dual-model-runs/20260707-155116-dual-model-review-smoke-test-20260707-narrow-quota-fix-reviewer/claude-reviewer-attempt-1.prompt.md","1450","2026-07-10T07:36:30.3826391Z","4b51404594be90077e66f441755115240038893298ab97a77232cade29e997a3"
"tracked",".ccg/dual-model-runs/20260707-155116-dual-model-review-smoke-test-20260707-narrow-quota-fix-reviewer/claude-reviewer-attempt-1.stderr.md","296","2026-07-10T07:36:30.3826391Z","70fa5973189c82664b6cf3c0366f31f630e330af86ff7d1f42b9164ca5e861af"
"tracked",".ccg/dual-model-runs/20260707-155116-dual-model-review-smoke-test-20260707-narrow-quota-fix-reviewer/claude-reviewer-attempt-1.stdout.md","871","2026-07-10T07:36:30.3826391Z","d49638d7a2d134c19bc5d98d310fdae3882463090e97a22cc5e47c000ca4e087"
"tracked",".ccg/dual-model-runs/20260707-155116-dual-model-review-smoke-test-20260707-narrow-quota-fix-reviewer/gemini-reviewer-attempt-1.prompt.md","1450","2026-07-10T07:36:30.3826391Z","7760ad74da47b252d59ba8102f503ee8324f1bfc533c446d1c120d0bacbda5a8"
"tracked",".ccg/dual-model-runs/20260707-155116-dual-model-review-smoke-test-20260707-narrow-quota-fix-reviewer/gemini-reviewer-attempt-1.stderr.md","2280","2026-07-10T07:36:30.3852597Z","5e119c9a5828799cc7d80061e276e95aa361cd1edc983b1c41fb6d54424ba412"
"tracked",".ccg/dual-model-runs/20260707-155116-dual-model-review-smoke-test-20260707-narrow-quota-fix-reviewer/gemini-reviewer-attempt-1.stdout.md","0","2026-07-10T07:36:30.3852597Z","e3b0c44298fc1c149afbf4c8996fb92427ae41e4649b934ca495991b7852b855"
"tracked",".ccg/dual-model-runs/20260707-155116-dual-model-review-smoke-test-20260707-narrow-quota-fix-reviewer/health-attempt-1.json","1328","2026-07-10T07:36:30.3852597Z","9d071d589308c4de1a22f5c3e328ef5bd5780432ae63fd191badcea104f6129c"
"tracked",".ccg/dual-model-runs/20260707-155116-dual-model-review-smoke-test-20260707-narrow-quota-fix-reviewer/summary.json","6044","2026-07-10T07:36:30.3862649Z","1886404bd4e5f456709b511a0ec5826d8982fd4537cf9059004ac59d4dfa0010"
"tracked",".ccg/dual-model-runs/20260707-155116-dual-model-review-smoke-test-20260707-narrow-quota-fix-reviewer/summary.md","701","2026-07-10T07:36:30.3862649Z","08df5a500ca5aa533c78d51ed2c728d6e0d2c00b3bd9b1b5817e2405f8e03293"
"tracked",".ccg/dual-model-runs/20260707-155307-fix-dual-model-operation-postfix-review-reviewer/ccg-health-20260707-155307.json","1104","2026-07-10T07:36:30.3862649Z","55750012c354b27fde8a218043a5b9a658b3d1fc10da680036a59c32f1484f5c"
"tracked",".ccg/dual-model-runs/20260707-155307-fix-dual-model-operation-postfix-review-reviewer/claude-reviewer-attempt-1.prompt.md","14551","2026-07-10T07:36:30.3872632Z","ffa6244b76eefb053667b29afc941b36bdb9a526d3c3620554eecc5f6da8477d"
"tracked",".ccg/dual-model-runs/20260707-155307-fix-dual-model-operation-postfix-review-reviewer/claude-reviewer-attempt-1.stderr.md","296","2026-07-10T07:36:30.3872632Z","00a1251c715e335a4a2586db5066f68b66b15f87784b5971d3c8490d5eaf8922"
"tracked",".ccg/dual-model-runs/20260707-155307-fix-dual-model-operation-postfix-review-reviewer/claude-reviewer-attempt-1.stdout.md","5770","2026-07-10T07:36:30.3882632Z","86dca91081658fbeed3ee65f8ccd01b7c4f093195d78c74f380775dd51a7c71f"
"tracked",".ccg/dual-model-runs/20260707-155307-fix-dual-model-operation-postfix-review-reviewer/gemini-reviewer-attempt-1.prompt.md","14551","2026-07-10T07:36:30.3882632Z","27be04777e4e5030e53334d86bdb7b8bf61de1120533b8e82ef1b001278cf597"
"tracked",".ccg/dual-model-runs/20260707-155307-fix-dual-model-operation-postfix-review-reviewer/gemini-reviewer-attempt-1.stderr.md","2208","2026-07-10T07:36:30.3892641Z","41cb604d1644f442fed76cfb5684ed366582fe7e2c6649aab0e301183d41e313"
"tracked",".ccg/dual-model-runs/20260707-155307-fix-dual-model-operation-postfix-review-reviewer/gemini-reviewer-attempt-1.stdout.md","0","2026-07-10T07:36:30.3892641Z","e3b0c44298fc1c149afbf4c8996fb92427ae41e4649b934ca495991b7852b855"
"tracked",".ccg/dual-model-runs/20260707-155307-fix-dual-model-operation-postfix-review-reviewer/health-attempt-1.json","1313","2026-07-10T07:36:30.3892641Z","180427d679965865ffdb4cb5e84a80258b75aeb1cfdb642574f9cfed9e007392"
"tracked",".ccg/dual-model-runs/20260707-155307-fix-dual-model-operation-postfix-review-reviewer/summary.json","5917","2026-07-10T07:36:30.3902641Z","0c6583ccf572693c72f2238c79c26d1e5e3336528b6a4f7be74207b9057259ab"
"tracked",".ccg/dual-model-runs/20260707-155307-fix-dual-model-operation-postfix-review-reviewer/summary.md","656","2026-07-10T07:36:30.3902641Z","968bdeef82260092f343d87f7cb776b21e6e0088e34f4ac974360a20e6a7d260"
"tracked",".ccg/dual-model-runs/20260707-160636-dual-model-smoke-test-20260707-review-fix-analyzer/ccg-health-20260707-160636.json","1104","2026-07-10T07:36:30.3913917Z","81a788c7613f1277b495a3df0025d2e4a4c12873f7e4daab912e0fa692cc0bf2"
"tracked",".ccg/dual-model-runs/20260707-160636-dual-model-smoke-test-20260707-review-fix-analyzer/claude-analyzer-attempt-1.prompt.md","1219","2026-07-10T07:36:30.3913917Z","c191dba6e383a480bed37825ab32fe44b9ab1c60cb234c50e6eb1a140fd45a11"
"tracked",".ccg/dual-model-runs/20260707-160636-dual-model-smoke-test-20260707-review-fix-analyzer/claude-analyzer-attempt-1.stderr.md","296","2026-07-10T07:36:30.3923898Z","a2d8d4d97af9d14f41f3cc907e14358d9fb7946fca76ebe0506b03156b8cbba9"
"tracked",".ccg/dual-model-runs/20260707-160636-dual-model-smoke-test-20260707-review-fix-analyzer/claude-analyzer-attempt-1.stdout.md","1954","2026-07-10T07:36:30.3923898Z","83422d6ae52d0b6cbb3bbe6272614950aa1cbf70f0d2b08fcc7ab6213565416f"
"tracked",".ccg/dual-model-runs/20260707-160636-dual-model-smoke-test-20260707-review-fix-analyzer/gemini-analyzer-attempt-1.prompt.md","1219","2026-07-10T07:36:30.3933891Z","554c9473793b372d6de6857b82bd33f39a8cca7207a5f2408d05b6e2e9779c27"
"tracked",".ccg/dual-model-runs/20260707-160636-dual-model-smoke-test-20260707-review-fix-analyzer/gemini-analyzer-attempt-1.stderr.md","2172","2026-07-10T07:36:30.3933891Z","6b1ed7e22bc4051e3f4d212ac65245892556af87670339be72363b1f2cc32a01"
"tracked",".ccg/dual-model-runs/20260707-160636-dual-model-smoke-test-20260707-review-fix-analyzer/gemini-analyzer-attempt-1.stdout.md","0","2026-07-10T07:36:30.3933891Z","e3b0c44298fc1c149afbf4c8996fb92427ae41e4649b934ca495991b7852b855"
"tracked",".ccg/dual-model-runs/20260707-160636-dual-model-smoke-test-20260707-review-fix-analyzer/health-attempt-1.json","1315","2026-07-10T07:36:30.3943900Z","bec547b4066dc8e26333c47a93a24f8cf1adaf3f235b00bd7bacab2bb5869312"
"tracked",".ccg/dual-model-runs/20260707-160636-dual-model-smoke-test-20260707-review-fix-analyzer/summary.json","5937","2026-07-10T07:36:30.3943900Z","501726a84fff568e7d3e593c1ffcfc85710ad1c8e8f32c99b8873c6077b05440"
"tracked",".ccg/dual-model-runs/20260707-160636-dual-model-smoke-test-20260707-review-fix-analyzer/summary.md","662","2026-07-10T07:36:30.3943900Z","a5eaae9cd9b7c64ca7fb658b36419fa9924c207deac59ddd147380722b0bc842"
"tracked",".ccg/dual-model-runs/20260707-160709-dual-model-review-smoke-test-20260707-review-fix-reviewer/ccg-health-20260707-160710.json","1104","2026-07-10T07:36:30.3953896Z","face6ca2f00b1e250a07ad584e60140e88c87f16a123fffc45baa5e95dc037a3"
"tracked",".ccg/dual-model-runs/20260707-160709-dual-model-review-smoke-test-20260707-review-fix-reviewer/claude-reviewer-attempt-1.prompt.md","1444","2026-07-10T07:36:30.3953896Z","06fb4e47a9041b35006c2d2aa284de1f518bb4a7056fac0d336715918395e563"
"tracked",".ccg/dual-model-runs/20260707-160709-dual-model-review-smoke-test-20260707-review-fix-reviewer/claude-reviewer-attempt-1.stderr.md","296","2026-07-10T07:36:30.3963898Z","caa4c90c41b3d6a6867825cc2a38281e934cf1654124d9cbad6b10b425a17092"
"tracked",".ccg/dual-model-runs/20260707-160709-dual-model-review-smoke-test-20260707-review-fix-reviewer/claude-reviewer-attempt-1.stdout.md","655","2026-07-10T07:36:30.3963898Z","4d57a7ae1b6e0018531e253aa5a4677edcbd0a53da5a0d4e760ca3c737383bf4"
"tracked",".ccg/dual-model-runs/20260707-160709-dual-model-review-smoke-test-20260707-review-fix-reviewer/gemini-reviewer-attempt-1.prompt.md","1444","2026-07-10T07:36:30.3973892Z","e4e63b8f85be904aff53d3b059cd1016e9df73ec572a106e3f2461a6bede2fd4"
"tracked",".ccg/dual-model-runs/20260707-160709-dual-model-review-smoke-test-20260707-review-fix-reviewer/gemini-reviewer-attempt-1.stderr.md","2186","2026-07-10T07:36:30.3973892Z","43a15d5d71ba6ca96414488fbd7e7bdb11ae4b59f3f5a05bd3301c39c9143e5b"
"tracked",".ccg/dual-model-runs/20260707-160709-dual-model-review-smoke-test-20260707-review-fix-reviewer/gemini-reviewer-attempt-1.stdout.md","0","2026-07-10T07:36:30.3983902Z","e3b0c44298fc1c149afbf4c8996fb92427ae41e4649b934ca495991b7852b855"
"tracked",".ccg/dual-model-runs/20260707-160709-dual-model-review-smoke-test-20260707-review-fix-reviewer/health-attempt-1.json","1322","2026-07-10T07:36:30.3983902Z","148685c53e89a7b94905c56b7506f6c063a90fccebd9d1ac81b763ce95322102"
"tracked",".ccg/dual-model-runs/20260707-160709-dual-model-review-smoke-test-20260707-review-fix-reviewer/summary.json","6006","2026-07-10T07:36:30.3983902Z","808f08e256568ce1f9193c83a0057eb2a06b2aba2dbd718e95e68258e35e108a"
"tracked",".ccg/dual-model-runs/20260707-160709-dual-model-review-smoke-test-20260707-review-fix-reviewer/summary.md","683","2026-07-10T07:36:30.3983902Z","8e981787fba7ccf99d4e6c315f90f55a35272eb4872459498f93ba23297d5bd0"
"tracked",".ccg/dual-model-runs/20260707-160817-fix-dual-model-operation-final-review-reviewer/ccg-health-20260707-160818.json","1104","2026-07-10T07:36:30.3998937Z","1ceb5dde516c25e72713600352de4e8cb4341b5f6ce7214888419193e00bb362"
"tracked",".ccg/dual-model-runs/20260707-160817-fix-dual-model-operation-final-review-reviewer/claude-reviewer-attempt-1.prompt.md","15314","2026-07-10T07:36:30.3998937Z","719b602c96daaa04c82ef903f2da99b8bfa12b90a9e7f192f4c971fca6a94fbb"
"tracked",".ccg/dual-model-runs/20260707-160817-fix-dual-model-operation-final-review-reviewer/claude-reviewer-attempt-1.stderr.md","296","2026-07-10T07:36:30.3998937Z","47e7cba2e2305656a253fc654a01add813be1755a746f410a774c291f14d08f1"
"tracked",".ccg/dual-model-runs/20260707-160817-fix-dual-model-operation-final-review-reviewer/claude-reviewer-attempt-1.stdout.md","5907","2026-07-10T07:36:30.4009543Z","dae9d66044219607fd8bfab83be191cd5bfcba2aebd65fbc1440b8f9f589a3d8"
"tracked",".ccg/dual-model-runs/20260707-160817-fix-dual-model-operation-final-review-reviewer/gemini-reviewer-attempt-1.prompt.md","15314","2026-07-10T07:36:30.4009543Z","783a0862fb4fef2de9f58925b002e25a432bf48973c5bc8f30c4fe1f01075e51"
"tracked",".ccg/dual-model-runs/20260707-160817-fix-dual-model-operation-final-review-reviewer/gemini-reviewer-attempt-1.stderr.md","2208","2026-07-10T07:36:30.4018777Z","1f3fb55d3992273d11fe1c968466eeff0350e4d5fb99dc699a125ddbaafe9b77"
"tracked",".ccg/dual-model-runs/20260707-160817-fix-dual-model-operation-final-review-reviewer/gemini-reviewer-attempt-1.stdout.md","0","2026-07-10T07:36:30.4018777Z","e3b0c44298fc1c149afbf4c8996fb92427ae41e4649b934ca495991b7852b855"
"tracked",".ccg/dual-model-runs/20260707-160817-fix-dual-model-operation-final-review-reviewer/health-attempt-1.json","1311","2026-07-10T07:36:30.4018777Z","81481e3d515d53698fadfc66de729c2d08330d8e0999b9798c76bb7435bbc141"
"tracked",".ccg/dual-model-runs/20260707-160817-fix-dual-model-operation-final-review-reviewer/summary.json","5897","2026-07-10T07:36:30.4070560Z","6eb91ba7849847c418dd26b48dcfb269ecef61ce9654db3ddbdd25b79f731823"
"tracked",".ccg/dual-model-runs/20260707-160817-fix-dual-model-operation-final-review-reviewer/summary.md","650","2026-07-10T07:36:30.4080545Z","10e40e7a436a6acc52a31d6e455c489ce13e55a5687ab2f8c545ccd12c02f63d"
"tracked",".ccg/dual-model-runs/20260707-161402-dual-model-smoke-test-20260707-warning-fix-analyzer/ccg-health-20260707-161402.json","1104","2026-07-10T07:36:30.4080545Z","68d825eb2f63e246eb79584fd2e175865493794fc6e6f83788d54ea6eecb4916"
"tracked",".ccg/dual-model-runs/20260707-161402-dual-model-smoke-test-20260707-warning-fix-analyzer/claude-analyzer-attempt-1.prompt.md","1220","2026-07-10T07:36:30.4090557Z","b8b59f683e6b9a0c4a7bc1a538d0b45a1f659e2da363d9b7e2433e5705882f8f"
"tracked",".ccg/dual-model-runs/20260707-161402-dual-model-smoke-test-20260707-warning-fix-analyzer/claude-analyzer-attempt-1.stderr.md","296","2026-07-10T07:36:30.4090557Z","76bc986f60273f531824982fee56d26d4c176beff9e18a54b7de7c613fa12569"
"tracked",".ccg/dual-model-runs/20260707-161402-dual-model-smoke-test-20260707-warning-fix-analyzer/claude-analyzer-attempt-1.stdout.md","1466","2026-07-10T07:36:30.4100548Z","1ab92d115feeede37c97e53b0b2d390a1becfc9d5afe0cb0bc834de46f8e235e"
"tracked",".ccg/dual-model-runs/20260707-161402-dual-model-smoke-test-20260707-warning-fix-analyzer/gemini-analyzer-attempt-1.prompt.md","1220","2026-07-10T07:36:30.4100548Z","775e5902d53e59622cf62d789992517164adba100f56b76ecc7892f2ccf1c99d"
"tracked",".ccg/dual-model-runs/20260707-161402-dual-model-smoke-test-20260707-warning-fix-analyzer/gemini-analyzer-attempt-1.stderr.md","2172","2026-07-10T07:36:30.4111843Z","64de8740b87ab7e481d64bbf3f0f6594e4530dc659773df252fff24819169d22"
"tracked",".ccg/dual-model-runs/20260707-161402-dual-model-smoke-test-20260707-warning-fix-analyzer/gemini-analyzer-attempt-1.stdout.md","0","2026-07-10T07:36:30.4111843Z","e3b0c44298fc1c149afbf4c8996fb92427ae41e4649b934ca495991b7852b855"
"tracked",".ccg/dual-model-runs/20260707-161402-dual-model-smoke-test-20260707-warning-fix-analyzer/health-attempt-1.json","1316","2026-07-10T07:36:30.4111843Z","27494c05f4dfec02cb8679752b36ef71fc9791faec5aa8d59ec2251a2e5ceb44"
"tracked",".ccg/dual-model-runs/20260707-161402-dual-model-smoke-test-20260707-warning-fix-analyzer/summary.json","5946","2026-07-10T07:36:30.4121846Z","8a0d3c555d95c8a284028c47a5ddc2d04b57c18cc629d116798db51a6a0643bf"
"tracked",".ccg/dual-model-runs/20260707-161402-dual-model-smoke-test-20260707-warning-fix-analyzer/summary.md","665","2026-07-10T07:36:30.4121846Z","4cc9afaadfc3c9c62fbe67f7b8dd0c742478029449e65e4123011653e489558f"
"tracked",".ccg/dual-model-runs/20260707-161423-dual-model-review-smoke-test-20260707-warning-fix-reviewer/ccg-health-20260707-161423.json","1104","2026-07-10T07:36:30.4121846Z","2594a3cdd35ef12850c019ebcf794f78edd4e3d41418e14e44f70c78318021ac"
"tracked",".ccg/dual-model-runs/20260707-161423-dual-model-review-smoke-test-20260707-warning-fix-reviewer/claude-reviewer-attempt-1.prompt.md","1445","2026-07-10T07:36:30.4131834Z","ca1ac7dc20ed6154fd8834fde153b9a2ebf58cf29373ec1bc9f004dd373f1878"
"tracked",".ccg/dual-model-runs/20260707-161423-dual-model-review-smoke-test-20260707-warning-fix-reviewer/claude-reviewer-attempt-1.stderr.md","296","2026-07-10T07:36:30.4131834Z","b8453c6299d131234d50a7c55682f6bab64043e126d96e4b2bc51f9ddaa261fb"
"tracked",".ccg/dual-model-runs/20260707-161423-dual-model-review-smoke-test-20260707-warning-fix-reviewer/claude-reviewer-attempt-1.stdout.md","736","2026-07-10T07:36:30.4131834Z","21b23f1626529679cc63061a1a5c70ec99269a7f804b4ab7dd8d2096576ece26"
"tracked",".ccg/dual-model-runs/20260707-161423-dual-model-review-smoke-test-20260707-warning-fix-reviewer/gemini-reviewer-attempt-1.prompt.md","1445","2026-07-10T07:36:30.4141834Z","0c09f75b0586c3d35a7d5bcc0afc9791c168d1c0fbc55b2b25166739c26725af"
"tracked",".ccg/dual-model-runs/20260707-161423-dual-model-review-smoke-test-20260707-warning-fix-reviewer/gemini-reviewer-attempt-1.stderr.md","2186","2026-07-10T07:36:30.4141834Z","0fe0f78f26ce5299b5b625380f7c3f7c51d25e7bca6bf751b531e2ad07397a13"
"tracked",".ccg/dual-model-runs/20260707-161423-dual-model-review-smoke-test-20260707-warning-fix-reviewer/gemini-reviewer-attempt-1.stdout.md","0","2026-07-10T07:36:30.4151836Z","e3b0c44298fc1c149afbf4c8996fb92427ae41e4649b934ca495991b7852b855"
"tracked",".ccg/dual-model-runs/20260707-161423-dual-model-review-smoke-test-20260707-warning-fix-reviewer/health-attempt-1.json","1323","2026-07-10T07:36:30.4151836Z","9154f4af7335d80e071b9e8f842a765999104564b0084c246bcfc31478fe1b21"
"tracked",".ccg/dual-model-runs/20260707-161423-dual-model-review-smoke-test-20260707-warning-fix-reviewer/summary.json","6016","2026-07-10T07:36:30.4151836Z","d41a2b510e7dc6e77dd21369d54a60b04a58f5f4df83afee5b41c5a5f3c96850"
"tracked",".ccg/dual-model-runs/20260707-161423-dual-model-review-smoke-test-20260707-warning-fix-reviewer/summary.md","686","2026-07-10T07:36:30.4161837Z","e9ca8523bf2637ae4db5ef420315c5eb27292e9da7e81697747622aa03d52335"
"tracked",".ccg/dual-model-runs/20260707-161524-fix-dual-model-operation-final-warning-review-reviewer/ccg-health-20260707-161525.json","1104","2026-07-10T07:36:30.4161837Z","68bf8a5b3de6c0dbcb7a7753116d67debdbbbf5b13d04f2348607976e3a57979"
"tracked",".ccg/dual-model-runs/20260707-161524-fix-dual-model-operation-final-warning-review-reviewer/claude-reviewer-attempt-1.prompt.md","15737","2026-07-10T07:36:30.4171836Z","a2a1167cdb39ec28978bd6dd73a2ff3ccc77f733cb4c83bf2453d42a53cc7f84"
"tracked",".ccg/dual-model-runs/20260707-161524-fix-dual-model-operation-final-warning-review-reviewer/claude-reviewer-attempt-1.stderr.md","296","2026-07-10T07:36:30.4171836Z","d503fc2bafac8ba87d426724d335a823e1f6a9bec52c2efd298858c4e426d9dd"
"tracked",".ccg/dual-model-runs/20260707-161524-fix-dual-model-operation-final-warning-review-reviewer/claude-reviewer-attempt-1.stdout.md","4816","2026-07-10T07:36:30.4181835Z","4e7c32159750ef21bc40cd8a17868ef9a5adbc96e8426ee9c9f714d215a27896"
"tracked",".ccg/dual-model-runs/20260707-161524-fix-dual-model-operation-final-warning-review-reviewer/gemini-reviewer-attempt-1.prompt.md","15737","2026-07-10T07:36:30.4181835Z","b6f6e35bba24612003b9b304e0ee0c79d4d7e0969dd7a8747887dfabcd0877b2"
"tracked",".ccg/dual-model-runs/20260707-161524-fix-dual-model-operation-final-warning-review-reviewer/gemini-reviewer-attempt-1.stderr.md","2208","2026-07-10T07:36:30.4191844Z","652cc2d8001f5218e3fe826d8a8b3237eba5a58a7e37f4467619d7b6bfb79c84"
"tracked",".ccg/dual-model-runs/20260707-161524-fix-dual-model-operation-final-warning-review-reviewer/gemini-reviewer-attempt-1.stdout.md","0","2026-07-10T07:36:30.4191844Z","e3b0c44298fc1c149afbf4c8996fb92427ae41e4649b934ca495991b7852b855"
"tracked",".ccg/dual-model-runs/20260707-161524-fix-dual-model-operation-final-warning-review-reviewer/health-attempt-1.json","1319","2026-07-10T07:36:30.4191844Z","326b91bc2177e00fb591a669734b0f13ca69f8eff08888f152e50029a18d9958"
"tracked",".ccg/dual-model-runs/20260707-161524-fix-dual-model-operation-final-warning-review-reviewer/summary.json","5977","2026-07-10T07:36:30.4201841Z","b4c38be1b9e90de5d997e29e02d8dee0ea66783f7819752e897cf92625cdf34a"
"tracked",".ccg/dual-model-runs/20260707-161524-fix-dual-model-operation-final-warning-review-reviewer/summary.md","674","2026-07-10T07:36:30.4201841Z","8a53525726922fdeaca7739c8d4ef3279e3d72d1d51b4ef5961d3281af774a5f"
"tracked",".ccg/dual-model-runs/20260707-162113-dual-model-smoke-test-20260707-final-warning-patch-analyzer/ccg-health-20260707-162114.json","1104","2026-07-10T07:36:30.4212374Z","405f1e01c8301afb24c0f978e2e8a91a41268f9300af6b180fbe51dfed823dad"
"tracked",".ccg/dual-model-runs/20260707-162113-dual-model-smoke-test-20260707-final-warning-patch-analyzer/claude-analyzer-attempt-1.prompt.md","1228","2026-07-10T07:36:30.4212374Z","9f2fc2e3b31960574ee9617db88694bec797e606aab923bd175bf55acfb63a91"
"tracked",".ccg/dual-model-runs/20260707-162113-dual-model-smoke-test-20260707-final-warning-patch-analyzer/claude-analyzer-attempt-1.stderr.md","534","2026-07-10T07:36:30.4222373Z","36f4b026de2a6cd5b8072290aa46aa902b3d5038668524b4692730db79e54cc8"
"tracked",".ccg/dual-model-runs/20260707-162113-dual-model-smoke-test-20260707-final-warning-patch-analyzer/claude-analyzer-attempt-1.stdout.md","0","2026-07-10T07:36:30.4222373Z","e3b0c44298fc1c149afbf4c8996fb92427ae41e4649b934ca495991b7852b855"
"tracked",".ccg/dual-model-runs/20260707-162113-dual-model-smoke-test-20260707-final-warning-patch-analyzer/gemini-analyzer-attempt-1.prompt.md","1228","2026-07-10T07:36:30.4222373Z","ff3c3c652758f26498e98513f709986a4c5ae644ce83fb2f605514a7e3cac3d3"
"tracked",".ccg/dual-model-runs/20260707-162113-dual-model-smoke-test-20260707-final-warning-patch-analyzer/gemini-analyzer-attempt-1.stderr.md","2162","2026-07-10T07:36:30.4232373Z","1900fd5a15e52240e9cc802fe648f0c85729146bdda9fedef2d92be6df044ee5"
"tracked",".ccg/dual-model-runs/20260707-162113-dual-model-smoke-test-20260707-final-warning-patch-analyzer/gemini-analyzer-attempt-1.stdout.md","0","2026-07-10T07:36:30.4232373Z","e3b0c44298fc1c149afbf4c8996fb92427ae41e4649b934ca495991b7852b855"
"tracked",".ccg/dual-model-runs/20260707-162113-dual-model-smoke-test-20260707-final-warning-patch-analyzer/health-attempt-1.json","1324","2026-07-10T07:36:30.4232373Z","d11c0ebdbd56e533039b625a58fc1239da10f21806a1a3e36efa2d467588cbc5"
"tracked",".ccg/dual-model-runs/20260707-162113-dual-model-smoke-test-20260707-final-warning-patch-analyzer/summary.json","6155","2026-07-10T07:36:30.4242381Z","4cae2bb046999563220f1b17216b5f1acf0e5ba79895717791d727e48f2f51f9"
"tracked",".ccg/dual-model-runs/20260707-162113-dual-model-smoke-test-20260707-final-warning-patch-analyzer/summary.md","692","2026-07-10T07:36:30.4242381Z","66a31a1e0f2700cb9da89074ed02474604b051d132ab6cbd478a1a62a7e2fd18"
"tracked",".ccg/dual-model-runs/20260707-162124-dual-model-review-smoke-test-20260707-final-warning-patch-reviewer/ccg-health-20260707-162124.json","1104","2026-07-10T07:36:30.4252975Z","42464da26e0ac66e10571ed599883123d3b4aba3bbf23d6de61210287d09de97"
"tracked",".ccg/dual-model-runs/20260707-162124-dual-model-review-smoke-test-20260707-final-warning-patch-reviewer/claude-reviewer-attempt-1.prompt.md","1453","2026-07-10T07:36:30.4252975Z","565f177015c5286db4f696ca6590652092f623b2f46fe156b65609f8aea061c1"
"tracked",".ccg/dual-model-runs/20260707-162124-dual-model-review-smoke-test-20260707-final-warning-patch-reviewer/claude-reviewer-attempt-1.stderr.md","544","2026-07-10T07:36:30.4252975Z","a270877b18cea7233de0b8ca7d6d264cda0a8f0e39e1c56bcbff995efc35ec10"
"tracked",".ccg/dual-model-runs/20260707-162124-dual-model-review-smoke-test-20260707-final-warning-patch-reviewer/claude-reviewer-attempt-1.stdout.md","0","2026-07-10T07:36:30.4263453Z","e3b0c44298fc1c149afbf4c8996fb92427ae41e4649b934ca495991b7852b855"
"tracked",".ccg/dual-model-runs/20260707-162124-dual-model-review-smoke-test-20260707-final-warning-patch-reviewer/gemini-reviewer-attempt-1.prompt.md","1453","2026-07-10T07:36:30.4273456Z","f75f84442fe5366f2489c5a56d3096e8e980728799e12c8fcf87e3c6a72e7b86"
"tracked",".ccg/dual-model-runs/20260707-162124-dual-model-review-smoke-test-20260707-final-warning-patch-reviewer/gemini-reviewer-attempt-1.stderr.md","2172","2026-07-10T07:36:30.4273456Z","7ffa7bf76dd11bf73f0c4492b15263174135d98f7a1fb6730cb3d31d494295e7"
"tracked",".ccg/dual-model-runs/20260707-162124-dual-model-review-smoke-test-20260707-final-warning-patch-reviewer/gemini-reviewer-attempt-1.stdout.md","0","2026-07-10T07:36:30.4273456Z","e3b0c44298fc1c149afbf4c8996fb92427ae41e4649b934ca495991b7852b855"
"tracked",".ccg/dual-model-runs/20260707-162124-dual-model-review-smoke-test-20260707-final-warning-patch-reviewer/health-attempt-1.json","1331","2026-07-10T07:36:30.4283451Z","b3c4ca68160f1ee7e8176e2f6e0b40487c33cfc7c7303e0d89a8e14e9eee7d73"
"tracked",".ccg/dual-model-runs/20260707-162124-dual-model-review-smoke-test-20260707-final-warning-patch-reviewer/summary.json","6225","2026-07-10T07:36:30.4283451Z","145007becc9f4e5fcdf77e9e0a1d92f8ccb7545523fac83546761172f9480437"
"tracked",".ccg/dual-model-runs/20260707-162124-dual-model-review-smoke-test-20260707-final-warning-patch-reviewer/summary.md","713","2026-07-10T07:36:30.4293452Z","2cd342bb9647fc6d2b6c18de7fc827ed41d6b8d857ae18e34f00713d1d381dfc"
"tracked",".ccg/dual-model-runs/20260707-163052-dual-model-smoke-test-20260707-claude-shim-analyzer/ccg-health-20260707-163053.json","1370","2026-07-10T07:36:30.4293452Z","f5cc0431988f4de87819c273483aafff13400bd4bbaa7b63ce6e02868b5bc78f"
"tracked",".ccg/dual-model-runs/20260707-163052-dual-model-smoke-test-20260707-claude-shim-analyzer/claude-analyzer-attempt-1.prompt.md","1220","2026-07-10T07:36:30.4303456Z","e6db3dd08f660ccbe8065b83d18472ae8fbb91554b82f15a5c2e567cb3939848"
"tracked",".ccg/dual-model-runs/20260707-163052-dual-model-smoke-test-20260707-claude-shim-analyzer/claude-analyzer-attempt-1.stderr.md","534","2026-07-10T07:36:30.4303456Z","e058e992d1a4ba6af2566da94a9c38c2c50afc9967f70a64e291e6ecf54186b8"
"tracked",".ccg/dual-model-runs/20260707-163052-dual-model-smoke-test-20260707-claude-shim-analyzer/claude-analyzer-attempt-1.stdout.md","0","2026-07-10T07:36:30.4303456Z","e3b0c44298fc1c149afbf4c8996fb92427ae41e4649b934ca495991b7852b855"
"tracked",".ccg/dual-model-runs/20260707-163052-dual-model-smoke-test-20260707-claude-shim-analyzer/gemini-analyzer-attempt-1.prompt.md","1220","2026-07-10T07:36:30.4313686Z","4e07eca387c67e8f77381a334cf55d94e8965003a7fec03f18759ce337e58eaa"
"tracked",".ccg/dual-model-runs/20260707-163052-dual-model-smoke-test-20260707-claude-shim-analyzer/gemini-analyzer-attempt-1.stderr.md","2256","2026-07-10T07:36:30.4323687Z","79d4be1c0b86dc074f72d7d2a18727c93f9df1a3161d0ca4a993d5de89ace073"
"tracked",".ccg/dual-model-runs/20260707-163052-dual-model-smoke-test-20260707-claude-shim-analyzer/gemini-analyzer-attempt-1.stdout.md","0","2026-07-10T07:36:30.4323687Z","e3b0c44298fc1c149afbf4c8996fb92427ae41e4649b934ca495991b7852b855"
"tracked",".ccg/dual-model-runs/20260707-163052-dual-model-smoke-test-20260707-claude-shim-analyzer/health-attempt-1.json","1582","2026-07-10T07:36:30.4323687Z","92ccc6844c648087c9182a81067505d9b232f2294e9a4cac909e520e63f9b744"
"tracked",".ccg/dual-model-runs/20260707-163052-dual-model-smoke-test-20260707-claude-shim-analyzer/summary.json","6280","2026-07-10T07:36:30.4333691Z","c9e9221a23d1ec6c5d91ea9b8248d489571fa4c6ac83582d473578627c514261"
"tracked",".ccg/dual-model-runs/20260707-163052-dual-model-smoke-test-20260707-claude-shim-analyzer/summary.md","668","2026-07-10T07:36:30.4333691Z","9122ecaa444ddc91900525bda6aa772a6d0b9b9b8980b414601fb9e4be4240ad"
"tracked",".ccg/dual-model-runs/20260707-163118-dual-model-review-smoke-test-20260707-claude-shim-reviewer/ccg-health-20260707-163118.json","1370","2026-07-10T07:36:30.4343680Z","69a29596b7eef067182d01f2251e42bfe9aedc105bd69273070317cf05d63a7d"
"tracked",".ccg/dual-model-runs/20260707-163118-dual-model-review-smoke-test-20260707-claude-shim-reviewer/claude-reviewer-attempt-1.prompt.md","1445","2026-07-10T07:36:30.4343680Z","f981b122671fe704c7d96746c6ed516f15a756fda8cb2eff851b5056aacb33bb"
"tracked",".ccg/dual-model-runs/20260707-163118-dual-model-review-smoke-test-20260707-claude-shim-reviewer/claude-reviewer-attempt-1.stderr.md","544","2026-07-10T07:36:30.4353686Z","10e29e7fbe7351a536452b0662fceb339818e6e87c0c7eb2c14498e63b478a22"
"tracked",".ccg/dual-model-runs/20260707-163118-dual-model-review-smoke-test-20260707-claude-shim-reviewer/claude-reviewer-attempt-1.stdout.md","0","2026-07-10T07:36:30.4353686Z","e3b0c44298fc1c149afbf4c8996fb92427ae41e4649b934ca495991b7852b855"
"tracked",".ccg/dual-model-runs/20260707-163118-dual-model-review-smoke-test-20260707-claude-shim-reviewer/gemini-reviewer-attempt-1.prompt.md","1445","2026-07-10T07:36:30.4353686Z","7d104bd75b464ff90f4dfde6f30632b3c3607a8c43375baf6575ec0f1740b93c"
"tracked",".ccg/dual-model-runs/20260707-163118-dual-model-review-smoke-test-20260707-claude-shim-reviewer/gemini-reviewer-attempt-1.stderr.md","2172","2026-07-10T07:36:30.4363707Z","a59a8de3630119d26f62041ac202db42923804fcce200099a07eee3a3bbf42ac"
"tracked",".ccg/dual-model-runs/20260707-163118-dual-model-review-smoke-test-20260707-claude-shim-reviewer/gemini-reviewer-attempt-1.stdout.md","0","2026-07-10T07:36:30.4363707Z","e3b0c44298fc1c149afbf4c8996fb92427ae41e4649b934ca495991b7852b855"
"tracked",".ccg/dual-model-runs/20260707-163118-dual-model-review-smoke-test-20260707-claude-shim-reviewer/health-attempt-1.json","1589","2026-07-10T07:36:30.4373711Z","49a0243123e1a94fd3d9f21b76547b80bcc41fcf1f3de964614c31cce94358e6"
"tracked",".ccg/dual-model-runs/20260707-163118-dual-model-review-smoke-test-20260707-claude-shim-reviewer/summary.json","6372","2026-07-10T07:36:30.4373711Z","fcc0dc1b170e2e677d1afabe365080cf72abe3923e87cd4f56bb78881fbee399"
"tracked",".ccg/dual-model-runs/20260707-163118-dual-model-review-smoke-test-20260707-claude-shim-reviewer/summary.md","689","2026-07-10T07:36:30.4383686Z","98bab712d86b8840534c8adf34192bda740cac62dbf2452134a9000a32343363"
"tracked",".ccg/dual-model-runs/20260707-163150-fix-dual-model-operation-claude-shim-review-reviewer/ccg-health-20260707-163150.json","1370","2026-07-10T07:36:30.4383686Z","e391e55494624163a9bbc11cd37e1f90154b8070ad66dc343ad86cf6c2e8a66c"
"tracked",".ccg/dual-model-runs/20260707-163150-fix-dual-model-operation-claude-shim-review-reviewer/claude-reviewer-attempt-1.prompt.md","1288","2026-07-10T07:36:30.4393676Z","df5739e0b8933801ba6c91bf71485ceebfe067c0114d213fcdc703d48c5fea85"
"tracked",".ccg/dual-model-runs/20260707-163150-fix-dual-model-operation-claude-shim-review-reviewer/claude-reviewer-attempt-1.stderr.md","534","2026-07-10T07:36:30.4393676Z","e7e1c9b96146114db27fc94c90e57d742eb004236cbda1de826e84b7d02cf40e"
"tracked",".ccg/dual-model-runs/20260707-163150-fix-dual-model-operation-claude-shim-review-reviewer/claude-reviewer-attempt-1.stdout.md","0","2026-07-10T07:36:30.4393676Z","e3b0c44298fc1c149afbf4c8996fb92427ae41e4649b934ca495991b7852b855"
"tracked",".ccg/dual-model-runs/20260707-163150-fix-dual-model-operation-claude-shim-review-reviewer/gemini-reviewer-attempt-1.prompt.md","1288","2026-07-10T07:36:30.4403694Z","75aeb8990f8afcc2206d275a763ab1ff3c07e2df647181d632907ed964f8caad"
"tracked",".ccg/dual-model-runs/20260707-163150-fix-dual-model-operation-claude-shim-review-reviewer/gemini-reviewer-attempt-1.stderr.md","2162","2026-07-10T07:36:30.4403694Z","fb245f8c6edbd6f01f8d589d60d0c88c7598274215fceb027b7f06e71fe4e3d5"
"tracked",".ccg/dual-model-runs/20260707-163150-fix-dual-model-operation-claude-shim-review-reviewer/gemini-reviewer-attempt-1.stdout.md","0","2026-07-10T07:36:30.4403694Z","e3b0c44298fc1c149afbf4c8996fb92427ae41e4649b934ca495991b7852b855"
"tracked",".ccg/dual-model-runs/20260707-163150-fix-dual-model-operation-claude-shim-review-reviewer/health-attempt-1.json","1583","2026-07-10T07:36:30.4416717Z","f32cdd6c7a5b31954f5ffb4aded5e6a218e80086be2eafc5b4b38dd90c905b05"
"tracked",".ccg/dual-model-runs/20260707-163150-fix-dual-model-operation-claude-shim-review-reviewer/summary.json","6312","2026-07-10T07:36:30.4416717Z","20391f6665c574387adb8811df5202e6ff6d0ae2d35548c380276ac8266b3ff6"
"tracked",".ccg/dual-model-runs/20260707-163150-fix-dual-model-operation-claude-shim-review-reviewer/summary.md","671","2026-07-10T07:36:30.4416717Z","52feb07fb4a5f0e71584ae85605798543a9599cfb97555ffaa883fe4bd2749a6"
"tracked",".ccg/dual-model-runs/20260707-163549-dual-model-smoke-test-20260707-final-analyzer/ccg-health-20260707-163549.json","1370","2026-07-10T07:36:30.4426713Z","7607490025d6fdc5bfa8f68190f6ef04c89908ab42dd846034a99d698f9effb3"
"tracked",".ccg/dual-model-runs/20260707-163549-dual-model-smoke-test-20260707-final-analyzer/claude-analyzer-attempt-1.prompt.md","1214","2026-07-10T07:36:30.4426713Z","ba1f6edce281af5b622aafde64e8f05e9f2266410e7c8f806e51e6544c53b467"
"tracked",".ccg/dual-model-runs/20260707-163549-dual-model-smoke-test-20260707-final-analyzer/claude-analyzer-attempt-1.stderr.md","534","2026-07-10T07:36:30.4436715Z","317dbc17794bffb3384b8eb43f4ea12ada774edb705c1d46ee6cb7f1757bff2e"
"tracked",".ccg/dual-model-runs/20260707-163549-dual-model-smoke-test-20260707-final-analyzer/claude-analyzer-attempt-1.stdout.md","0","2026-07-10T07:36:30.4436715Z","e3b0c44298fc1c149afbf4c8996fb92427ae41e4649b934ca495991b7852b855"
"tracked",".ccg/dual-model-runs/20260707-163549-dual-model-smoke-test-20260707-final-analyzer/gemini-analyzer-attempt-1.prompt.md","1214","2026-07-10T07:36:30.4436715Z","ff23f49ad2a796a615ef9fb0911d5160aa47a431d848f3e8fdc521f5adbff005"
"tracked",".ccg/dual-model-runs/20260707-163549-dual-model-smoke-test-20260707-final-analyzer/gemini-analyzer-attempt-1.stderr.md","2159","2026-07-10T07:36:30.4446708Z","247355aebc575afd16d16992d19a1fbcbf9ed6340c0a4cf0bf93c8076e55c6eb"
"tracked",".ccg/dual-model-runs/20260707-163549-dual-model-smoke-test-20260707-final-analyzer/gemini-analyzer-attempt-1.stdout.md","0","2026-07-10T07:36:30.4446708Z","e3b0c44298fc1c149afbf4c8996fb92427ae41e4649b934ca495991b7852b855"
"tracked",".ccg/dual-model-runs/20260707-163549-dual-model-smoke-test-20260707-final-analyzer/health-attempt-1.json","1576","2026-07-10T07:36:30.4446708Z","0a80380e8f69d188036b08de22de3fe6aa1c11682be4fc2375fb85ff72ae8411"
"tracked",".ccg/dual-model-runs/20260707-163549-dual-model-smoke-test-20260707-final-analyzer/summary.json","6242","2026-07-10T07:36:30.4456705Z","47ed924e0d7c847ef19420b665499a5e24e837e54aa845aa4633fea0b4782586"
"tracked",".ccg/dual-model-runs/20260707-163549-dual-model-smoke-test-20260707-final-analyzer/summary.md","650","2026-07-10T07:36:30.4456705Z","b11d0ea6b01f8fb5bb01875378822b82eb0063b09a03168c9104481696e214a5"
"tracked",".ccg/dual-model-runs/20260707-163611-dual-model-review-smoke-test-20260707-final-reviewer/ccg-health-20260707-163612.json","1370","2026-07-10T07:36:30.4466716Z","e491d083c641d40122b6f84d8f7f887021d2db67fee9d4059b0df0fcde98898a"
"tracked",".ccg/dual-model-runs/20260707-163611-dual-model-review-smoke-test-20260707-final-reviewer/claude-reviewer-attempt-1.prompt.md","1439","2026-07-10T07:36:30.4466716Z","661bc636c1110dc09668b754fbdc707f7c0039b37ae23ad5446676568d0250d1"
"tracked",".ccg/dual-model-runs/20260707-163611-dual-model-review-smoke-test-20260707-final-reviewer/claude-reviewer-attempt-1.stderr.md","544","2026-07-10T07:36:30.4466716Z","60519c86865565d1d3a364156ae2f27b1d485be1ab7a647e1d017c4c163e8280"
"tracked",".ccg/dual-model-runs/20260707-163611-dual-model-review-smoke-test-20260707-final-reviewer/claude-reviewer-attempt-1.stdout.md","0","2026-07-10T07:36:30.4466716Z","e3b0c44298fc1c149afbf4c8996fb92427ae41e4649b934ca495991b7852b855"
"tracked",".ccg/dual-model-runs/20260707-163611-dual-model-review-smoke-test-20260707-final-reviewer/gemini-reviewer-attempt-1.prompt.md","1439","2026-07-10T07:36:30.4476714Z","a437e2c31edbd3de3a4fd74280374d15dfeddf2cd06f5db5483b9b950f5108aa"
"tracked",".ccg/dual-model-runs/20260707-163611-dual-model-review-smoke-test-20260707-final-reviewer/gemini-reviewer-attempt-1.stderr.md","2266","2026-07-10T07:36:30.4486714Z","b1dfe3602574001a9ddb51dd9fde4d9d4244d1da8e4217cfed11c58becdf66c7"
"tracked",".ccg/dual-model-runs/20260707-163611-dual-model-review-smoke-test-20260707-final-reviewer/gemini-reviewer-attempt-1.stdout.md","0","2026-07-10T07:36:30.4486714Z","e3b0c44298fc1c149afbf4c8996fb92427ae41e4649b934ca495991b7852b855"
"tracked",".ccg/dual-model-runs/20260707-163611-dual-model-review-smoke-test-20260707-final-reviewer/health-attempt-1.json","1583","2026-07-10T07:36:30.4486714Z","3641d3c35fa6b167788030c31216a93569a7665015ccf57f20ccb2b1a7f229f6"
"tracked",".ccg/dual-model-runs/20260707-163611-dual-model-review-smoke-test-20260707-final-reviewer/summary.json","6290","2026-07-10T07:36:30.4486714Z","08ef1f925e69ba53af3d9809b9985538c9451eca4593440bf222dc5eb49e88f5"
"tracked",".ccg/dual-model-runs/20260707-163611-dual-model-review-smoke-test-20260707-final-reviewer/summary.md","671","2026-07-10T07:36:30.4501751Z","4e538078f78a2d4300c386b3d42780bcf1759a60024aae0b2ad21c13f5280a94"
"tracked",".ccg/dual-model-runs/20260707-201908-dual-model-smoke-test-20260707-after-claude-reset-analyzer/ccg-health-20260707-201908.json","1370","2026-07-10T07:36:30.4501751Z","5ca547fa049cdb306b8706a5d366d31a34caa506d68722815a68aaa40c5f8803"
"tracked",".ccg/dual-model-runs/20260707-201908-dual-model-smoke-test-20260707-after-claude-reset-analyzer/claude-analyzer-attempt-1.prompt.md","1227","2026-07-10T07:36:30.4501751Z","03ebb0589e7ff9249ad636af5a6840d71f0462fdf6e594e7f49b11a82882ab5f"
"tracked",".ccg/dual-model-runs/20260707-201908-dual-model-smoke-test-20260707-after-claude-reset-analyzer/claude-analyzer-attempt-1.stderr.md","296","2026-07-10T07:36:30.4511788Z","55a066767a39646c1784f916184911405b8f1d50f2f4264e8af1286fe3fac6e8"
"tracked",".ccg/dual-model-runs/20260707-201908-dual-model-smoke-test-20260707-after-claude-reset-analyzer/claude-analyzer-attempt-1.stdout.md","2232","2026-07-10T07:36:30.4511788Z","8006db8eb804ee7cea2419ba6a68c8c9b9fff62e7bd9ca4484d1541c582b0ad5"
"tracked",".ccg/dual-model-runs/20260707-201908-dual-model-smoke-test-20260707-after-claude-reset-analyzer/gemini-analyzer-attempt-1.prompt.md","1227","2026-07-10T07:36:30.4521787Z","d18f6b3a26c66e269a679d3733a8c89ba779b9855569c6f8789ca3674fc8b7a4"
"tracked",".ccg/dual-model-runs/20260707-201908-dual-model-smoke-test-20260707-after-claude-reset-analyzer/gemini-analyzer-attempt-1.stderr.md","2162","2026-07-10T07:36:30.4521787Z","4fed75f6fc5a2e490cb9d0055eda2a56df3cad8a46147167a11ee998d0705044"
"tracked",".ccg/dual-model-runs/20260707-201908-dual-model-smoke-test-20260707-after-claude-reset-analyzer/gemini-analyzer-attempt-1.stdout.md","0","2026-07-10T07:36:30.4521787Z","e3b0c44298fc1c149afbf4c8996fb92427ae41e4649b934ca495991b7852b855"
"tracked",".ccg/dual-model-runs/20260707-201908-dual-model-smoke-test-20260707-after-claude-reset-analyzer/health-attempt-1.json","1589","2026-07-10T07:36:30.4531792Z","f7a188363237afa819e310a6e0d36ea0bdf1cae278d96a7b62a2bd0b03336831"
"tracked",".ccg/dual-model-runs/20260707-201908-dual-model-smoke-test-20260707-after-claude-reset-analyzer/summary.json","6279","2026-07-10T07:36:30.4531792Z","3c5d009035911f63614415832ebd1cc8f9994c3db03bace930c32f70504f87d3"
"tracked",".ccg/dual-model-runs/20260707-201908-dual-model-smoke-test-20260707-after-claude-reset-analyzer/summary.md","686","2026-07-10T07:36:30.4541792Z","9875264090e85d7599dc290b6a981cef0dce9bb321b8f7d54b39eb68c53b9924"
"tracked",".ccg/dual-model-runs/20260707-202000-dual-model-review-smoke-test-20260707-after-claude-reset-reviewer/ccg-health-20260707-202000.json","1370","2026-07-10T07:36:30.4541792Z","016cbc686f449e624801b0f9868f0a94ded1ae31840ecfa6136ca46ea7fe8918"
"tracked",".ccg/dual-model-runs/20260707-202000-dual-model-review-smoke-test-20260707-after-claude-reset-reviewer/claude-reviewer-attempt-1.prompt.md","1452","2026-07-10T07:36:30.4541792Z","fb780cb507752995695867f9a0883ed68ab844b1b74c3dca3a5bd7eb83bf905a"
"tracked",".ccg/dual-model-runs/20260707-202000-dual-model-review-smoke-test-20260707-after-claude-reset-reviewer/claude-reviewer-attempt-1.stderr.md","296","2026-07-10T07:36:30.4551790Z","232c0f5a6adae9d2e8c087a5f3690dcb8459c1d3fe6542c91d6f6d798ac8199c"
"tracked",".ccg/dual-model-runs/20260707-202000-dual-model-review-smoke-test-20260707-after-claude-reset-reviewer/claude-reviewer-attempt-1.stdout.md","765","2026-07-10T07:36:30.4551790Z","69d3af8bf596543bcbd3183ead73a8df338109bc84d26f2bfc01d18bb04da57c"
"tracked",".ccg/dual-model-runs/20260707-202000-dual-model-review-smoke-test-20260707-after-claude-reset-reviewer/gemini-reviewer-attempt-1.prompt.md","1452","2026-07-10T07:36:30.4562324Z","e1e686871b96a1ed94ccb17d2d26fa2ac60f4a04ce6f6ff9d6ab3adc1c9dd411"
"tracked",".ccg/dual-model-runs/20260707-202000-dual-model-review-smoke-test-20260707-after-claude-reset-reviewer/gemini-reviewer-attempt-1.stderr.md","2172","2026-07-10T07:36:30.4562324Z","63c3b06d5880fd396775b8515846c42d5707c8fe3b055b511bf0037bfb5cd9d0"
"tracked",".ccg/dual-model-runs/20260707-202000-dual-model-review-smoke-test-20260707-after-claude-reset-reviewer/gemini-reviewer-attempt-1.stdout.md","0","2026-07-10T07:36:30.4562324Z","e3b0c44298fc1c149afbf4c8996fb92427ae41e4649b934ca495991b7852b855"
"tracked",".ccg/dual-model-runs/20260707-202000-dual-model-review-smoke-test-20260707-after-claude-reset-reviewer/health-attempt-1.json","1596","2026-07-10T07:36:30.4572328Z","d20b4dbff6b146e9ac4885e002b619506f475365a25436095f22d8efb36e35a6"
"tracked",".ccg/dual-model-runs/20260707-202000-dual-model-review-smoke-test-20260707-after-claude-reset-reviewer/summary.json","6348","2026-07-10T07:36:30.4572328Z","b13cabb45c474a39a97ff8b5db7a48ce6bdcb243a02e96ec36d8bbfd78fccb08"
"tracked",".ccg/dual-model-runs/20260707-202000-dual-model-review-smoke-test-20260707-after-claude-reset-reviewer/summary.md","707","2026-07-10T07:36:30.4572328Z","a2cfe46e28760d45fe0ec0342defe76e6f58f7b25bb2316b4c75776e3f3c4a3c"
"tracked",".ccg/dual-model-runs/20260707-202042-fix-dual-model-operation-after-claude-reset-review-reviewer/ccg-health-20260707-202043.json","1370","2026-07-10T07:36:30.4582323Z","c018417242ffce0642a2e7a5f2fbd72e43605bf3524809e16e05ca1d82e73d3c"
"tracked",".ccg/dual-model-runs/20260707-202042-fix-dual-model-operation-after-claude-reset-review-reviewer/claude-reviewer-attempt-1.prompt.md","1374","2026-07-10T07:36:30.4592321Z","b100341c46f6dc4ceb96c0f4b43bc0c70390271a977b0528900038a5b9a38a65"
"tracked",".ccg/dual-model-runs/20260707-202042-fix-dual-model-operation-after-claude-reset-review-reviewer/claude-reviewer-attempt-1.stderr.md","296","2026-07-10T07:36:30.4592321Z","1d9d530c459a8d760065e27f3d8c789bf96c4bbde733bde462efc6a18534c813"
"tracked",".ccg/dual-model-runs/20260707-202042-fix-dual-model-operation-after-claude-reset-review-reviewer/claude-reviewer-attempt-1.stdout.md","7676","2026-07-10T07:36:30.4602450Z","a872f2c4a74fafe40589c94fd6b61e6a42d49fc4b4b5780708c0e4ec8e2b45d7"
"tracked",".ccg/dual-model-runs/20260707-202042-fix-dual-model-operation-after-claude-reset-review-reviewer/gemini-reviewer-attempt-1.prompt.md","1374","2026-07-10T07:36:30.4602450Z","56e41713a2ac6547755cbf52ab177a37f72d27b4e41a9c8c53ae9085d4d4cbc8"
"tracked",".ccg/dual-model-runs/20260707-202042-fix-dual-model-operation-after-claude-reset-review-reviewer/gemini-reviewer-attempt-1.stderr.md","2162","2026-07-10T07:36:30.4602450Z","0b872a814ab0b087f96ced923dd285d674b6af7d3edf6d633a95474a4a8c598b"
"tracked",".ccg/dual-model-runs/20260707-202042-fix-dual-model-operation-after-claude-reset-review-reviewer/gemini-reviewer-attempt-1.stdout.md","0","2026-07-10T07:36:30.4612747Z","e3b0c44298fc1c149afbf4c8996fb92427ae41e4649b934ca495991b7852b855"
"tracked",".ccg/dual-model-runs/20260707-202042-fix-dual-model-operation-after-claude-reset-review-reviewer/health-attempt-1.json","1590","2026-07-10T07:36:30.4612747Z","5b13bb23ef846786cefa725210b184bcbc5748c205ee9b4bf153174f2b8aa0e8"
"tracked",".ccg/dual-model-runs/20260707-202042-fix-dual-model-operation-after-claude-reset-review-reviewer/summary.json","7176","2026-07-10T07:36:30.4622744Z","dee3f2f31a2cd7c841bdd71425d373300b4f63826a73e3359f4fc1a248f3e33e"
"tracked",".ccg/dual-model-runs/20260707-202042-fix-dual-model-operation-after-claude-reset-review-reviewer/summary.md","692","2026-07-10T07:36:30.4622744Z","4c3dbdbd43992fef78ff1fe3826f78d88bdbcf6897d14d3cee79523c068270b6"
"tracked",".ccg/dual-model-runs/20260707-203350-dual-model-smoke-test-20260707-post-shim-critical-fix-analyzer/ccg-health-20260707-203350.json","1615","2026-07-10T07:36:30.4622744Z","4555798c3b41e2701135facfdb88a5d5981b89c4fb8096e714428cc6e692569e"
"tracked",".ccg/dual-model-runs/20260707-203350-dual-model-smoke-test-20260707-post-shim-critical-fix-analyzer/claude-analyzer-attempt-1.prompt.md","1231","2026-07-10T07:36:30.4632776Z","3d8d2382417cffe4c86b306252c69e8b501ccaaa1da241ed2e437d90bfa3184d"
"tracked",".ccg/dual-model-runs/20260707-203350-dual-model-smoke-test-20260707-post-shim-critical-fix-analyzer/claude-analyzer-attempt-1.stderr.md","296","2026-07-10T07:36:30.4632776Z","a34ce6fa001f0f9730081429daffb578c6bb06121257b5e9b938d6e436fbca17"
"tracked",".ccg/dual-model-runs/20260707-203350-dual-model-smoke-test-20260707-post-shim-critical-fix-analyzer/claude-analyzer-attempt-1.stdout.md","673","2026-07-10T07:36:30.4642745Z","a09264fb801b16b01faf418ea375078ee4174b1ad27ce0c35c628f52b015422e"
"tracked",".ccg/dual-model-runs/20260707-203350-dual-model-smoke-test-20260707-post-shim-critical-fix-analyzer/gemini-analyzer-attempt-1.prompt.md","1231","2026-07-10T07:36:30.4642745Z","e3fcc40cac82b605cfba0ffdaad215fcda13aeddb035156b4d61d947096e65d0"
"tracked",".ccg/dual-model-runs/20260707-203350-dual-model-smoke-test-20260707-post-shim-critical-fix-analyzer/gemini-analyzer-attempt-1.stderr.md","2162","2026-07-10T07:36:30.4652741Z","5f6b45358b9b46d9325c977d47bcfb5c6c2836375e98012301fa3015687dca3f"
"tracked",".ccg/dual-model-runs/20260707-203350-dual-model-smoke-test-20260707-post-shim-critical-fix-analyzer/gemini-analyzer-attempt-1.stdout.md","0","2026-07-10T07:36:30.4652741Z","e3b0c44298fc1c149afbf4c8996fb92427ae41e4649b934ca495991b7852b855"
"tracked",".ccg/dual-model-runs/20260707-203350-dual-model-smoke-test-20260707-post-shim-critical-fix-analyzer/health-attempt-1.json","1838","2026-07-10T07:36:30.4652741Z","a9d923c78a6dbd66ff8b4370a699730bb1c71cffb046ad0693b04b9a37a546b8"
"tracked",".ccg/dual-model-runs/20260707-203350-dual-model-smoke-test-20260707-post-shim-critical-fix-analyzer/summary.json","6533","2026-07-10T07:36:30.4662741Z","cbac0dc7b0c1094c74f38a15ac2b6501b7c0053eedbd547da4e885785164d8b7"
"tracked",".ccg/dual-model-runs/20260707-203350-dual-model-smoke-test-20260707-post-shim-critical-fix-analyzer/summary.md","698","2026-07-10T07:36:30.4662741Z","b8637572bc73ce4ce74e050618af6cfb2c6852f392501c9210e5366fee543368"
"tracked",".ccg/dual-model-runs/20260707-203504-dual-model-review-smoke-test-20260707-post-shim-critical-fix-reviewer/ccg-health-20260707-203504.json","1615","2026-07-10T07:36:30.4662741Z","ac3bfb376717f277d4dddda67afcfdc0704c8689e19a89b84401e4c12c7c97ee"
"tracked",".ccg/dual-model-runs/20260707-203504-dual-model-review-smoke-test-20260707-post-shim-critical-fix-reviewer/claude-reviewer-attempt-1.prompt.md","1456","2026-07-10T07:36:30.4672759Z","73c8ec20cc75266042d519d6f4a676def27b9f598f9f5199e75c06afc08db4e3"
"tracked",".ccg/dual-model-runs/20260707-203504-dual-model-review-smoke-test-20260707-post-shim-critical-fix-reviewer/claude-reviewer-attempt-1.stderr.md","296","2026-07-10T07:36:30.4672759Z","a8a0a9ca943c433a89372d2a4f7a522cd534bd7ddfd79a3f5c1586a7e2e3a981"
"tracked",".ccg/dual-model-runs/20260707-203504-dual-model-review-smoke-test-20260707-post-shim-critical-fix-reviewer/claude-reviewer-attempt-1.stdout.md","855","2026-07-10T07:36:30.4682798Z","6b269e06b7a75851f902305946452378d9ac0dcb947d8086bfc441e9cf2b1134"
"tracked",".ccg/dual-model-runs/20260707-203504-dual-model-review-smoke-test-20260707-post-shim-critical-fix-reviewer/gemini-reviewer-attempt-1.prompt.md","1456","2026-07-10T07:36:30.4682798Z","5b6bce9c2f285eec2226d8f06592fd9e5a46bd9544bf4a657681f46a9a1c0960"
"tracked",".ccg/dual-model-runs/20260707-203504-dual-model-review-smoke-test-20260707-post-shim-critical-fix-reviewer/gemini-reviewer-attempt-1.stderr.md","2266","2026-07-10T07:36:30.4692745Z","af21e71aa51ad13875bb3943cebc8823588293c904832c0c2db4741cd2af295f"
"tracked",".ccg/dual-model-runs/20260707-203504-dual-model-review-smoke-test-20260707-post-shim-critical-fix-reviewer/gemini-reviewer-attempt-1.stdout.md","0","2026-07-10T07:36:30.4692745Z","e3b0c44298fc1c149afbf4c8996fb92427ae41e4649b934ca495991b7852b855"
"tracked",".ccg/dual-model-runs/20260707-203504-dual-model-review-smoke-test-20260707-post-shim-critical-fix-reviewer/health-attempt-1.json","1845","2026-07-10T07:36:30.4692745Z","bfc9c0884bf203513d9a94aa8817dfdd2b2d9761ee2094faa7efe234c6cb2e6a"
"tracked",".ccg/dual-model-runs/20260707-203504-dual-model-review-smoke-test-20260707-post-shim-critical-fix-reviewer/summary.json","6581","2026-07-10T07:36:30.4702749Z","fd815991cf18e7730c28ef0ca60401f8f7777daa3c143cb55d20618f450d609d"
"tracked",".ccg/dual-model-runs/20260707-203504-dual-model-review-smoke-test-20260707-post-shim-critical-fix-reviewer/summary.md","719","2026-07-10T07:36:30.4702749Z","31006b1523754d3ffb84b628432de0d358484423a7f8159c6b09f36880fff0a4"
"tracked",".ccg/dual-model-runs/annotate-all-cs-files-analysis-input.md","1094","2026-07-10T07:36:30.4702749Z","e3718c975054054a90d82d305c6d904a5f810d36984b283e599dd727b36abc52"
"tracked",".ccg/dual-model-runs/annotate-all-cs-files-analyzer.md","1827","2026-07-10T07:36:30.4702749Z","45b9197664a91f5cea8866fef818326635d330934e62bd23ae77b5f1fc722983"
"tracked",".ccg/dual-model-runs/annotate-all-cs-files-reviewer.md","2676","2026-07-10T07:36:30.4715968Z","84e6030edee00a635773090b5f87c210f88eeb16d5b594d27379e5888a68bd0a"
"tracked",".ccg/dual-model-runs/annotate-all-cs-files-review-input.md","1943","2026-07-10T07:36:30.4715968Z","9e7149bdfa8be92bd40e972542b992ff27f51ca3eb25da3e434f0e8bfbd70c63"
"tracked",".ccg/dual-model-runs/annotate-richmenu-cs-files-analysis-input.md","4578","2026-07-10T07:36:30.4715968Z","ba70b3d7faaa82e5e3a23c6bb130f4c0603a9769eae5a54857ce76dd0bc852ce"
"tracked",".ccg/dual-model-runs/annotate-richmenu-cs-files-analyzer.md","5313","2026-07-10T07:36:30.4725976Z","3e58ee079d522f2eef7bd119e35bebb34c3895b1f090fb1d55be3700c1cac293"
"tracked",".ccg/dual-model-runs/annotate-richmenu-cs-files-reviewer.md","230122","2026-07-10T07:36:30.4735951Z","e53160b46b63851dd2a5eb1dbac176e92ccca4bcbf17345aa246ebfb831c5b67"
"tracked",".ccg/dual-model-runs/annotate-richmenu-cs-files-review-input.md","229384","2026-07-10T07:36:30.4725976Z","76a1f8c76d0600f87fdcdcb88ec3a49e0da1ffbc485957c99ed473a241dc4700"
"tracked",".ccg/dual-model-runs/ccg-fallback-policy-verification-review.md","354","2026-07-10T07:36:30.4745948Z","235063230063d7ef56fe85f2ccb8624e4f867c2c8c73c090a66c976cee838f56"
"tracked",".ccg/dual-model-runs/ccg-health-20260704-150503.json","1143","2026-07-10T07:36:30.4745948Z","c556e5747b83c983936389bc96c6348b0f1a7aa0ca83aa4280a5d8aed97f6830"
"tracked",".ccg/dual-model-runs/ccg-health-20260704-151542.json","1143","2026-07-10T07:36:30.4745948Z","2042af6634966285782c91a451b4cdf24abb8b944171c0c09b0075921be2c9d3"
"tracked",".ccg/dual-model-runs/ccg-health-20260704-152713.json","12812","2026-07-10T07:36:30.4745948Z","5d823e55ff876465f111d52f98e995593eee3e612f7e49f68a2b67354f57d12f"
"tracked",".ccg/dual-model-runs/ccg-health-20260704-153310.json","1143","2026-07-10T07:36:30.4745948Z","33f56bc6fe771c111a85a30b4ea684f770f6de64f690a9b49c61df0ad0cab93f"
"tracked",".ccg/dual-model-runs/ccg-health-20260704-192026.json","1143","2026-07-10T07:36:30.4755956Z","67ef762c88e814338ca44e5dcc4765e63cda399ef82e4587672eb32dd3ac154f"
"tracked",".ccg/dual-model-runs/ccg-health-20260707-152917.json","14672","2026-07-10T07:36:30.4761630Z","ccf094b6f15172e1c014151a2c19a7fac8f837fe9d91ae16257086aa7db09a91"
"tracked",".ccg/dual-model-runs/ccg-health-20260707-153326.json","4473","2026-07-10T07:36:30.4761630Z","c19487a3d3e2483d9eb3e5bd5d825c221c886822251eec9e33241bb021cb71be"
"tracked",".ccg/dual-model-runs/ccg-health-20260707-153814.json","4902","2026-07-10T07:36:30.4771688Z","66f0d7f98753cdbd6122c67373f3efdc7a63ec3d384bf2a2b841a41f3b08e789"
"tracked",".ccg/dual-model-runs/ccg-health-20260707-154058.json","4866","2026-07-10T07:36:30.4771688Z","ecd2740bae9a9a16e6851325b41b58dbb47ce87a6cd66f2f0c96dcce8bb880ba"
"tracked",".ccg/dual-model-runs/ccg-health-20260707-155055.json","4945","2026-07-10T07:36:30.4781703Z","89e545490d5a8bf067a02075ee815805494d658b2499cff312fee5b4285eca6a"
"tracked",".ccg/dual-model-runs/ccg-health-20260707-160635.json","4866","2026-07-10T07:36:30.4781703Z","b1d604463af644018eb0865d485613a77b7a202b9a4d2309b956d923c8f4bc9a"
"tracked",".ccg/dual-model-runs/ccg-health-20260707-161401.json","4866","2026-07-10T07:36:30.4791685Z","d0e48ee0c7f75599b31afb24fc9df04b8db27f46b6ca5b390d662de8be9d98c1"
"tracked",".ccg/dual-model-runs/ccg-health-20260707-162113.json","5121","2026-07-10T07:36:30.4791685Z","66792e4323f5c455e14247751ed50e82946f08caf3bdf6eb6ef65565b9e89376"
"tracked",".ccg/dual-model-runs/ccg-health-20260707-162409.json","5118","2026-07-10T07:36:30.4791685Z","fc0380ec263e657b6d7c14bcb674086463343d80f58e823f1614925d65c02817"
"tracked",".ccg/dual-model-runs/ccg-health-20260707-163038.json","5436","2026-07-10T07:36:30.4801700Z","410ff38c0e5dbaa444de4e3b5af468907d27053b70ee5899ce81d0643a545c8a"
"tracked",".ccg/dual-model-runs/ccg-health-20260707-163537.json","5436","2026-07-10T07:36:30.4801700Z","04c0232ecc015b7c1c93cb021b35e3d0976f2ac8093ed88058b53bd87b1d3f3e"
"tracked",".ccg/dual-model-runs/ccg-health-20260707-164141.json","5352","2026-07-10T07:36:30.4801700Z","cc40e290fbaa12736615a99c10b3554ae182287f63e20b57bfe6f7c7dbafc440"
"tracked",".ccg/dual-model-runs/ccg-health-20260707-164412.json","5352","2026-07-10T07:36:30.4812881Z","d76fd5dbb663ade9ba37df00befe525bf8b0559420be18bcfe3fc68ce42cc6c0"
"tracked",".ccg/dual-model-runs/ccg-health-20260707-201846.json","5102","2026-07-10T07:36:30.4822885Z","da6be205f85dc165c2103fcdc48f7188aaf0a8f749536a13661b485d3b7eaf29"
"tracked",".ccg/dual-model-runs/ccg-health-20260707-203331.json","5344","2026-07-10T07:36:30.4822885Z","064d257ff08f15914296c2cdb30e15d48dc5ea412bbbddf3fcc92bc7ee985301"
"tracked",".ccg/dual-model-runs/ccg-health-20260707-203503.json","5347","2026-07-10T07:36:30.4822885Z","ca85d42a61a324d823ab9548eb8883e393cdb92f71c1f35f8c2afde5414ff26e"
"tracked",".ccg/dual-model-runs/ccg-health-20260707-204130.json","5347","2026-07-10T07:36:30.4832879Z","2997e5c68584d62086a525086f3c2590e8249862ae9e7c5cde83e910298c6533"
"tracked",".ccg/dual-model-runs/ccg-health-20260709-145236.json","1615","2026-07-10T07:36:30.4832879Z","401c509ead5e93393fbc7eea57de9faed0a55b8d2d9ca9512cb64b64ee8a9497"
"tracked",".ccg/dual-model-runs/ccg-health-20260709-145306.json","5377","2026-07-10T07:36:30.4832879Z","3040b507e52641610aa8c6241d29c4684683c7a85a4bd1c5c5198941b93cefb6"
"tracked",".ccg/dual-model-runs/ccg-self-healing-formal-review.md","4609","2026-07-10T07:36:30.4842876Z","0e27f33387965fcecee3a03c5eb5a97719620e9fdf579b0b3aa23e1b1d6b6e9b"
"tracked",".ccg/dual-model-runs/dual-model-review-smoke-test-20260707-after-claude-reset-reviewer.md","1133","2026-07-10T07:36:30.4842876Z","fc911fbf131f1111cb01d8b0ea2c195e50a48c30554e56d33b18628e21b71200"
"tracked",".ccg/dual-model-runs/dual-model-review-smoke-test-20260707-after-fix-reviewer.md","1124","2026-07-10T07:36:30.4852886Z","0ccfdcb0a96a35f333c0857b87466577ad1e7558a2df8d9ec5eab1fbbe57a567"
"tracked",".ccg/dual-model-runs/dual-model-review-smoke-test-20260707-ascii-quota-fix-reviewer.md","1130","2026-07-10T07:36:30.4852886Z","f0ee4c7ea50c57d4bc43dd0cb416fcb5b81d96c56538ff838e0d8027113761cf"
"tracked",".ccg/dual-model-runs/dual-model-review-smoke-test-20260707-claude-shim-reviewer.md","1126","2026-07-10T07:36:30.4862930Z","40a8b51aad58739ff8277d7fdf42c26bfba3fa2745f65463ee48429ab51f4287"
"tracked",".ccg/dual-model-runs/dual-model-review-smoke-test-20260707-diagnostic-fix-reviewer.md","1129","2026-07-10T07:36:30.4862930Z","2dcfb4861ee1c6d9c035a71dc0d480e1476c061bbaf0481358194acbc1a921b9"
"tracked",".ccg/dual-model-runs/dual-model-review-smoke-test-20260707-final-diagnostics-reviewer.md","1132","2026-07-10T07:36:30.4872888Z","0dfbd7fc67264126d94c9903e4dadccc19f6318bb66febed0515956e06fe6cad"
"tracked",".ccg/dual-model-runs/dual-model-review-smoke-test-20260707-final-reviewer.md","1120","2026-07-10T07:36:30.4872888Z","a9b8eaabbb332fe6d15fc5da92def6b16b97b387400f6f226d769b8156545d54"
"tracked",".ccg/dual-model-runs/dual-model-review-smoke-test-20260707-final-warning-patch-reviewer.md","1134","2026-07-10T07:36:30.4872888Z","814e653b86c67a2678794363bc4d6d6183e117b91376b117ca0dd65d30bbe19e"
"tracked",".ccg/dual-model-runs/dual-model-review-smoke-test-20260707-narrow-quota-fix-reviewer.md","1131","2026-07-10T07:36:30.4882881Z","b325e5c11a60d73047b810c0dc7c216393aadf8acb1ef1ec6cf4e8299e62e776"
"tracked",".ccg/dual-model-runs/dual-model-review-smoke-test-20260707-post-shim-critical-fix-reviewer.md","1137","2026-07-10T07:36:30.4882881Z","d2650e38689ea3dc8b1e1b95bca9dd113e8fa1ff75a5528d7210a76ea9af3260"
"tracked",".ccg/dual-model-runs/dual-model-review-smoke-test-20260707-reviewer.md","1114","2026-07-10T07:36:30.4892938Z","ff3d43d06650900174ef50fab879bd751048e918d1e417b0047182fc126cd15e"
"tracked",".ccg/dual-model-runs/dual-model-review-smoke-test-20260707-review-fix-reviewer.md","1125","2026-07-10T07:36:30.4892938Z","528fc4fa1e51d154cc211641508a46242b7764545e2c254259d084cfa47aeaa7"
"tracked",".ccg/dual-model-runs/dual-model-review-smoke-test-20260707-warning-fix-reviewer.md","1126","2026-07-10T07:36:30.4892938Z","a9abbb081e0621bd0219a131950b0fc4305b4e7d9ab3b86ccc9ad68e2d5d11da"
"tracked",".ccg/dual-model-runs/dual-model-smoke-test-20260707-after-claude-reset-analyzer.md","908","2026-07-10T07:36:30.4902880Z","0da9ba46b34c1f9ab4c3b9e024dea182acd437dc0753934c3d3a7f6d0939e33e"
"tracked",".ccg/dual-model-runs/dual-model-smoke-test-20260707-after-fix-analyzer.md","899","2026-07-10T07:36:30.4902880Z","b95d7d106b27dbf1d2cae9582d94f69fa71beb577db44e3ef6c716b6d8f419e3"
"tracked",".ccg/dual-model-runs/dual-model-smoke-test-20260707-analyzer.md","889","2026-07-10T07:36:30.4902880Z","f451511fbcacf3eb91696c5990553168e8f0e0540392cdd4eb198e5774164a4e"
"tracked",".ccg/dual-model-runs/dual-model-smoke-test-20260707-ascii-quota-fix-analyzer.md","905","2026-07-10T07:36:30.4902880Z","beefd75f31acf1842200b616ecb2d7d10e80e25d8fbd0b15969a403258795753"
"tracked",".ccg/dual-model-runs/dual-model-smoke-test-20260707-claude-shim-analyzer.md","901","2026-07-10T07:36:30.4913900Z","95eda3890c8166effe358cad1599cff6eaa6086b5b5783cbbe49f79d2cf8fa3e"
"tracked",".ccg/dual-model-runs/dual-model-smoke-test-20260707-diagnostic-fix-analyzer.md","904","2026-07-10T07:36:30.4913900Z","5f2a43e7306b94c63d815309bf698b35201c2816246746e2a12fadf3e46028c1"
"tracked",".ccg/dual-model-runs/dual-model-smoke-test-20260707-final-analyzer.md","895","2026-07-10T07:36:30.4913900Z","b81cc0e9725ec6f486b5ed162768b8427a87618d2ceaa891259298ff43acf5ed"
"tracked",".ccg/dual-model-runs/dual-model-smoke-test-20260707-final-diagnostics-analyzer.md","907","2026-07-10T07:36:30.4913900Z","32ca1eb53edda2130cc863b03d7295b60dda8e1874d859c0ffa2612b55bbbcff"
"tracked",".ccg/dual-model-runs/dual-model-smoke-test-20260707-final-warning-patch-analyzer.md","909","2026-07-10T07:36:30.4923892Z","a4077eea83a9e58b3c94d327b2e6d3fbbd17407c92774253ff633d59f4faa688"
"tracked",".ccg/dual-model-runs/dual-model-smoke-test-20260707-input.md","237","2026-07-10T07:36:30.4923892Z","7593bc00aa9468eb1531e708fc4a1acc6806acc8b5a706336aa84ef02c9cb463"
"tracked",".ccg/dual-model-runs/dual-model-smoke-test-20260707-narrow-quota-fix-analyzer.md","906","2026-07-10T07:36:30.4923892Z","1b568b0311700ab591d37fb8e8f9c8284dc787f8a536779c9b42483193a80819"
"tracked",".ccg/dual-model-runs/dual-model-smoke-test-20260707-post-shim-critical-fix-analyzer.md","912","2026-07-10T07:36:30.4923892Z","52377a237642954609465c56f845eed6bd59fc3bdfcbeea5f7160bd362035a6f"
"tracked",".ccg/dual-model-runs/dual-model-smoke-test-20260707-rerun-analyzer.md","895","2026-07-10T07:36:30.4933889Z","6056aa8b8a17819f6700f39f63c46a63eb38ee5783c0ec35eebe1ecf1eee72d8"
"tracked",".ccg/dual-model-runs/dual-model-smoke-test-20260707-reviewer-input.md","455","2026-07-10T07:36:30.4933889Z","f3c38c84480db769ce152a9c396613be4e2eddc92f3eedc1b269eb732058bd0e"
"tracked",".ccg/dual-model-runs/dual-model-smoke-test-20260707-review-fix-analyzer.md","900","2026-07-10T07:36:30.4933889Z","1b4879238a8de789f8642fcd750aaf9f8b4d8364ecbdd242a9dec74630619229"
"tracked",".ccg/dual-model-runs/dual-model-smoke-test-20260707-warning-fix-analyzer.md","901","2026-07-10T07:36:30.4933889Z","564e59fe2e7acd712e63c73e293220b81150a3bd4f8d14031a9071775a105f43"
"tracked",".ccg/dual-model-runs/fix-dual-model-operation-after-claude-reset-review-reviewer.md","1055","2026-07-10T07:36:30.4946635Z","7f966af4ad00eb0bdb7233a56434a3c08ca0316ca909f2967f5a5a9fbfeb0a20"
"tracked",".ccg/dual-model-runs/fix-dual-model-operation-claude-shim-review-reviewer.md","969","2026-07-10T07:36:30.4946635Z","96f5ac30da272182b05c9f1b3f03a596d43789fe69fffa267aeb23e22d958e97"
"tracked",".ccg/dual-model-runs/fix-dual-model-operation-final-review-input.md","14336","2026-07-10T07:36:30.4956632Z","a1927e25098a977cd5847e22b9c50920c33aafc543c92994c6ff31234720b21c"
"tracked",".ccg/dual-model-runs/fix-dual-model-operation-final-review-reviewer.md","14995","2026-07-10T07:36:30.4956632Z","aab5ca090f55d3cd38962f71078a36f04eb6d999f019899f07bc1d1b0b88aa83"
"tracked",".ccg/dual-model-runs/fix-dual-model-operation-final-warning-review-input.md","14751","2026-07-10T07:36:30.4966619Z","7bf7b444903687757cbde4ec28398046887c0b81afec9c42e263bef5f764b713"
"tracked",".ccg/dual-model-runs/fix-dual-model-operation-final-warning-review-reviewer.md","15418","2026-07-10T07:36:30.4966619Z","1fc3728e65029bb91d42764785032c4d34cf77cd55f4149764a995353c0cb231"
"tracked",".ccg/dual-model-runs/fix-dual-model-operation-postfix-review-input.md","13571","2026-07-10T07:36:30.4976612Z","f95b66e74d8de62a3be6d46e87fa2b1b8d22038fe8923ce2532d9a623bc63c8b"
"tracked",".ccg/dual-model-runs/fix-dual-model-operation-postfix-review-reviewer.md","14232","2026-07-10T07:36:30.4976612Z","4269835b1379a1d3c0138bb5d16a2b2788e7f1bb6c8db31fa19a904c008c67f8"
"tracked",".ccg/dual-model-runs/fix-dual-model-operation-review-input.md","501","2026-07-10T07:36:30.4986632Z","af04f9d4c2c6a199fafc4b07071ae5a38392d2597e8f1fa25b0e4ee47cb60fd7"
"tracked",".ccg/dual-model-runs/fix-dual-model-operation-review-reviewer.md","1154","2026-07-10T07:36:30.4986632Z","17119098e3e5a508ef0a8acb203afb58d00e00ca69dfc5aea8fb9d989775e99f"
"tracked",".ccg/dual-model-runs/health-final-check/ccg-health-20260704-145350.json","12777","2026-07-10T07:36:30.4986632Z","16df27761cf383fe5d34a512c7f03ff744ada9211fca08c08e9e0697024c1ab6"
"tracked",".ccg/dual-model-runs/line-richmenu-shared-orchestrator-review.md","92862","2026-07-10T07:36:30.5001671Z","67dcab7b1241459121a0223c89d1c1c0b32c4de2a67759c0127e5489d44633a6"
"tracked",".ccg/dual-model-runs/line-richmenu-word-manual-analysis-analyzer.md","2399","2026-07-10T07:36:30.5001671Z","07f399cfc6b8ada55e0b4c8341cb598ed22591c85b417a177c505c94773717bc"
"tracked",".ccg/dual-model-runs/line-richmenu-word-manual-analysis-input.md","1706","2026-07-10T07:36:30.5001671Z","1e888ad3290f45384cd4a0c015215a8281cdf21e835a41b5b7cbc09ce3b0bae9"
"tracked",".ccg/dual-model-runs/reduce-line-wait-500ms-reviewer.md","1504","2026-07-10T07:36:30.5011709Z","2837df496f53f15f975b86627768a3060f35081b7e735d84fdd5dd3aef5408af"
"tracked",".ccg/dual-model-runs/reduce-line-wait-500ms-review-input.md","771","2026-07-10T07:36:30.5001671Z","d404e514010cfb361df64011a2a9e8d67972474f05620090b77aa68e3a2aca50"
"tracked",".ccg/dual-model-runs/rename-main-project-to-speechmessageproducts-churchreport-analysis-input.md","1432","2026-07-10T07:36:30.5011709Z","e7419310feb4efeedf92c0f63e52ac384fe110ab1ab631d76dd6f494d715d72f"
"tracked",".ccg/dual-model-runs/rename-main-project-to-speechmessageproducts-churchreport-analyzer.md","2108","2026-07-10T07:36:30.5018723Z","6b0d0dac8798fc8bdd6cee8ce1447d68643c92c70ecff1b4cbc857a501b7476f"
"tracked",".ccg/dual-model-runs/richmenu-assignment-final-review-after-boundary-fix.md","1570","2026-07-10T07:36:30.5021866Z","84be84d2c95f24e31ea4b8583e64fb8688b076951a1069684b5f9acc99278ab6"
"tracked",".ccg/dual-model-runs/richmenu-assignment-final-review-after-timeout-fix.md","1667","2026-07-10T07:36:30.5021866Z","bbf2bce74e5221f485158baa019dad18e5c973c3ed77b70acffa6856054b1aa3"
"tracked",".ccg/dual-model-runs/richmenu-shared-orchestrator-final-review-input.md","2330","2026-07-10T07:36:30.5021866Z","fc2c1f84f7e6d7e140e7093b4ad74297f365ac7d813abca28243e9b75aefc16a"
"tracked",".ccg/dual-model-runs/richmenu-shared-orchestrator-postfix-review-input.md","3077","2026-07-10T07:36:30.5021866Z","41c6399bad87832f5e570aae3b892ca5b085d73de1a49f35091f3f0542b7be7e"
"tracked",".ccg/dual-model-runs/self-healing-smoke-review.md","112","2026-07-10T07:36:30.5031707Z","b731a409a2a8638735bcbe7e708ea1e91984f4971b36e1ddf2212a8d1087f17c"
"tracked",".ccg/dual-model-runs/self-healing-smoke-review-v2.md","136","2026-07-10T07:36:30.5031707Z","892097b847a7630fc16028c9ee86c734952e428267abd5ea329883b0bf5a44d2"
"tracked",".ccg/dual-model-runs/session-leakage-complete-fix-analysis-architect.md","1663","2026-07-10T07:36:30.5031707Z","90cf82910c0102646c4c8dd53f00d4b43d2f6c1a9d7b0d5a7844e17c6ca17fb6"
"tracked",".ccg/dual-model-runs/session-leakage-complete-fix-analysis-input.md","912","2026-07-10T07:36:30.5031707Z","73a38c6adce12c45ea73626e41e512a512429f0a16b03283373abc572e0e8407"
"tracked",".ccg/dual-model-runs/session-leakage-complete-fix-review-input.md","16923","2026-07-10T07:36:30.5041946Z","f49393d262fd10264fcfa5a91439bd8ba13d00794bfa73450ebf597d1ac98b13"
"tracked",".ccg/dual-model-runs/session-leakage-complete-fix-review-reviewer.md","17671","2026-07-10T07:36:30.5041946Z","ba70849736895299947ad8f4bac8ca8e5d4678b3556b2ef6fe0f65396b2e19f5"
"tracked",".ccg/dual-model-runs/show-line-send-result-for-donations-analysis-input.md","1584","2026-07-10T07:36:30.5041946Z","e57de42044e75f8ec248eafc8b3fedc69f43adffe53a327feba2adb0f0d66595"
"tracked",".ccg/dual-model-runs/show-line-send-result-for-donations-analyzer.md","2332","2026-07-10T07:36:30.5041946Z","d51416b57ede43fc0e702be3aeae22ae6233607833052d862b76abd9ca0d3cba"
"tracked",".ccg/dual-model-runs/show-line-send-result-for-donations-final-review-diff.patch","18056","2026-07-10T07:36:30.5051940Z","a490688c100419ab451631de7ebd7fe5298e8601fd0ddb4c5779c6ac86067e50"
"tracked",".ccg/dual-model-runs/show-line-send-result-for-donations-final-reviewer.md","2102","2026-07-10T07:36:30.5051940Z","07910d2cbfc3b463866d1a1d5107a494b2f10ac14fc373985b9186adba9886fe"
"tracked",".ccg/dual-model-runs/show-line-send-result-for-donations-final-review-input.md","1348","2026-07-10T07:36:30.5051940Z","f342e25c118dc6de3b0092b44cb580e7a068aef2fd41d801c49f934633ec3560"
"tracked",".ccg/dual-model-runs/show-line-send-result-for-donations-review-diff.patch","17982","2026-07-10T07:36:30.5051940Z","87b595164831dc0d62c6cd3d20cff2a5dbcca9350b645f837be58b84b030ac3c"
"tracked",".ccg/dual-model-runs/show-line-send-result-for-donations-reviewer.md","1947","2026-07-10T07:36:30.5061948Z","70e8f5e3e30972a0513fce52b5ae0e4b076e27562a4da28f064c113d8899daec"
"tracked",".ccg/dual-model-runs/show-line-send-result-for-donations-review-input.md","1199","2026-07-10T07:36:30.5061948Z","eb0a64a9354accdd9d20ec10cbde45fb63622493439527c5eac6a141a5e251a8"
"tracked",".ccg/dual-model-runs/speed-up-atm-donation-submit-analysis-input.md","2300","2026-07-10T07:36:30.5061948Z","c19660d50a049c7ec9f9dadcfed442006fde700a4d857f2f83e64289c0ca1f7a"
"tracked",".ccg/dual-model-runs/speed-up-atm-donation-submit-analyzer.md","2987","2026-07-10T07:36:30.5061948Z","54caed2f1fea0c4c25a20eb59720a979587b383a7005a001670399b33db8314a"
"tracked",".ccg/dual-model-runs/speed-up-atm-donation-submit-reviewer.md","8644","2026-07-10T07:36:30.5071960Z","87e4d5f3d0ebb37703f68761a2329b7811176f69a43f03182e9ffb83e537720f"
"tracked",".ccg/dual-model-runs/speed-up-atm-donation-submit-review-input.md","7957","2026-07-10T07:36:30.5071960Z","8364f909e8225b432cf83e365200864d7beff79602ed5d13572ac442db8cf913"
"tracked",".ccg/dual-model-runs/subagent-goal-word-tutorial-analysis-analyzer.md","1819","2026-07-10T07:36:30.5071960Z","d50067c4f23f005f69357544e90dd5e2e99c189f2de0af9fdcf653c565724ab0"
"tracked",".ccg/dual-model-runs/subagent-goal-word-tutorial-analysis-input.md","1124","2026-07-10T07:36:30.5081967Z","9b808d33cbb7aad6a893b1219bbc9049687e23f92bf2954aaf71694e61e45441"
"tracked",".ccg/dual-model-runs/subagent-goal-word-tutorial-review-input.md","930","2026-07-10T07:36:30.5081967Z","968df6f5b6f3fc024431d00838cc2175f586854548e7750c1d6b31578c4cff3a"
"tracked",".ccg/dual-model-runs/subagent-goal-word-tutorial-review-reviewer.md","1623","2026-07-10T07:36:30.5081967Z","0dcece3353364b2f6ff5232793d9d1bdd263cd71c5f996429356106e0468fa35"
"tracked",".ccg/tasks/annotate-all-cs-files/implement.md","758","2026-07-10T07:36:30.5091942Z","827d13b353e2978fad5c9721b8c791a607f2eb9b4a2e172a8aa4467fb8aa7d74"
"tracked",".ccg/tasks/annotate-all-cs-files/requirements.md","1294","2026-07-10T07:36:30.5091942Z","399806a0736fbc579fa8950f873f1de2ba3c50c53efd3e49daaaaeae6f84ef57"
"tracked",".ccg/tasks/annotate-all-cs-files/review.md","3678","2026-07-10T07:36:30.5091942Z","ca1b2a136fa39fd5f06743b90daf0d496e7ea33fce6b0b644009ac76830bbed5"
"tracked",".ccg/tasks/annotate-all-cs-files/task.json","450","2026-07-10T07:36:30.5091942Z","918a9429edcc1125d8e48d9c0bd8c4d9f56d5e8626da363eb6cb154832de65a0"
"tracked",".ccg/tasks/annotate-richmenu-cs-files/requirements.md","4917","2026-07-10T07:36:30.5101944Z","954d67abf12787b4dd10ecb74e19f953e8e907bfbeda355b79345603f06888df"
"tracked",".ccg/tasks/annotate-richmenu-cs-files/review.md","2080","2026-07-10T07:36:30.5101944Z","7f5c49400d90ad93a15143629e7690c2e5eb5c8c6c47ef18895674370406fb60"
"tracked",".ccg/tasks/annotate-richmenu-cs-files/task.json","469","2026-07-10T07:36:30.5101944Z","214382a626ed18238db6bb97a39cc54b4d1c26455e434a9d9547ec7b76b0c4c3"
"tracked",".ccg/tasks/archive/2026-06/codex-tools-word-manual/task.json","403","2026-07-10T07:36:30.5112198Z","50ea761e3110cb634b55da4184039049fa1b6f109e68c2d65bc459b8ae6ac031"
"tracked",".ccg/tasks/archive/2026-07/ccg-dual-model-auto-recovery-entrypoint/requirements.md","873","2026-07-10T07:36:30.5112198Z","eaf7c7e645b6378cee5e675aa1713b60ab2b07a304fa8268dbabf0ebd4c97571"
"tracked",".ccg/tasks/archive/2026-07/ccg-dual-model-auto-recovery-entrypoint/review.md","1710","2026-07-10T07:36:30.5112198Z","b3e6ffdaf4f72f2653b3762f0914b7112edaad42bf662f81dcd562d4622abaec"
"tracked",".ccg/tasks/archive/2026-07/ccg-dual-model-auto-recovery-entrypoint/task.json","490","2026-07-10T07:36:30.5122187Z","af3ec7bbe0535658300473bd3337f445bb4832e26fb25db7fdd4f43532722b83"
"tracked",".ccg/tasks/archive/2026-07/diagnose-ccg-external-review/review.md","1872","2026-07-10T07:36:30.5122187Z","63c6954c0424249414ec687e328a8a320b93ef4648df1f43d3c6d25f74d2e749"
"tracked",".ccg/tasks/archive/2026-07/diagnose-ccg-external-review/task.json","442","2026-07-10T07:36:30.5122187Z","938e961fac235861804d2b304a81c0cfde51e559505bf915208c8a6e491a1169"
"tracked",".ccg/tasks/archive/2026-07/enforce-text-file-encoding-rules/requirements.md","897","2026-07-10T07:36:30.5122187Z","1039fba5b54d4e4b9d1a25eedca9b4950c9a5c38f72659874e898c6641be5002"
"tracked",".ccg/tasks/archive/2026-07/enforce-text-file-encoding-rules/review.md","689","2026-07-10T07:36:30.5132179Z","eb0e777a457533eae886089008ae227584e5726528ffb15b40d1b3dd4e41a39d"
"tracked",".ccg/tasks/archive/2026-07/enforce-text-file-encoding-rules/task.json","406","2026-07-10T07:36:30.5132179Z","f002ef05f5f46ef9d437759c87490133b8c40b0c7c32ac4bad063c7eaa4a837b"
"tracked",".ccg/tasks/archive/2026-07/fix-atm-copy-excludes-line-result/task.json","404","2026-07-10T07:36:30.5132179Z","e196c72ea61fb36b9878a7fc66c42e16b99bb193c1ea32e53fb4d3e8a529f838"
"tracked",".ccg/tasks/archive/2026-07/fix-atm-line-notification/.turns.json","382","2026-07-10T07:36:30.5142181Z","9addc75d1ca0858b82bfd25686802394171327d64a07afad12009b904e5b9926"
"tracked",".ccg/tasks/archive/2026-07/fix-atm-line-notification/task.json","452","2026-07-10T07:36:30.5142181Z","3101a12d0575b0943832dcf555457799b50562497e36e82213ba8f1f73e1a50d"
"tracked",".ccg/tasks/archive/2026-07/fix-ccg-external-review-cli-path/requirements.md","815","2026-07-10T07:36:30.5142181Z","a24084e57d7e05aa38aae900c1c0ec5cc55ddbd4b416e3bb35bfdd87473e7da7"
"tracked",".ccg/tasks/archive/2026-07/fix-ccg-external-review-cli-path/review.md","3848","2026-07-10T07:36:30.5142181Z","cb344c80074cbd2c58788db9bdb1bd701ef9bd0bb8ba0761931e99eb5df3bd7d"
"tracked",".ccg/tasks/archive/2026-07/fix-ccg-external-review-cli-path/task.json","466","2026-07-10T07:36:30.5152197Z","6f9fa576e326ffa5031d5aeff28db0a50acd6a426219a9b9730a7b6c1d1f49f5"
"tracked",".ccg/tasks/archive/2026-07/line-admin-error-notification-convergence/claude-review.raw.md","3400","2026-07-10T07:36:30.5152197Z","0964adf0ab2042e86e390c92bca687b49600c23cccd12bcbe9b601d1466fcaed"
"tracked",".ccg/tasks/archive/2026-07/line-admin-error-notification-convergence/gemini-review.raw.md","21661","2026-07-10T07:36:30.5152197Z","9a672c12c439548ccb72b892ef1792ad072f06d11d92464417d5826bc9214f7d"
"tracked",".ccg/tasks/archive/2026-07/line-admin-error-notification-convergence/requirements.md","1518","2026-07-10T07:36:30.5162184Z","348040f814e3eebc329545d830d0d880177bfb8d47a5369a650516164697e3e0"
"tracked",".ccg/tasks/archive/2026-07/line-admin-error-notification-convergence/review.md","3104","2026-07-10T07:36:30.5162184Z","f98331a43422242f9a7d48a31900f4a18a81ef09af22f04944f578feb8482a6e"
"tracked",".ccg/tasks/archive/2026-07/line-admin-error-notification-convergence/task.json","481","2026-07-10T07:36:30.5162184Z","f1b6232d0ba14648f7a2cdb5bbfef2e8405ea706af52075759fb6338391a450b"
"tracked",".ccg/tasks/archive/2026-07/line-churchreport-callsite-convergence/claude-review.raw.md","878","2026-07-10T07:36:30.5172200Z","868c460e49e474ee5490f621133ba8d40dec10710e7711506e10161f9dbc3d07"
"tracked",".ccg/tasks/archive/2026-07/line-churchreport-callsite-convergence/gemini-review.raw.md","23424","2026-07-10T07:36:30.5172200Z","9c37e7fbf86601cb9f6ec70da8b1fe254c6c412250ba63665b42026e7a251d84"
"tracked",".ccg/tasks/archive/2026-07/line-churchreport-callsite-convergence/review.md","1956","2026-07-10T07:36:30.5182177Z","1a140d3961e152ed4841337a417e3fa491d1345da3d46c050b343d966eae2c70"
"tracked",".ccg/tasks/archive/2026-07/line-churchreport-callsite-convergence/task.json","452","2026-07-10T07:36:30.5182177Z","936acc3c3f98010934ab3d7d7dc84c2cefc45858ec01b4a5d60e1f33b94f7237"
"tracked",".ccg/tasks/archive/2026-07/line-messaging-api-external-review/requirements.md","1365","2026-07-10T07:36:30.5182177Z","41e46381aa0b952fb4a5d1044ad9a94a1f9feb385d245ec0e086f9e425f1b8b7"
"tracked",".ccg/tasks/archive/2026-07/line-messaging-api-external-review/review.md","4897","2026-07-10T07:36:30.5182177Z","5f3bee0dba4d6f9a2343976f8656b1997fa9aa33e39fd3ff44b96594966cac14"
"tracked",".ccg/tasks/archive/2026-07/line-messaging-api-external-review/task.json","410","2026-07-10T07:36:30.5192186Z","c525ab1821f0ad8874d6dc0869c37d7b335c05966d6059d76d8a3cfd620b2897"
"tracked",".ccg/tasks/archive/2026-07/line-messaging-api-official-matrix/review.md","2223","2026-07-10T07:36:30.5192186Z","c8095f505444ae400853fbe5bdb43421b44b3aad351de8886bdc0eb9910e95ec"
"tracked",".ccg/tasks/archive/2026-07/line-messaging-api-official-matrix/task.json","424","2026-07-10T07:36:30.5192186Z","f0ed633a8a2f94bd31f53cdcd7ec2e8eb5257b5234a275094afeae5a4bdd76e3"
"tracked",".ccg/tasks/archive/2026-07/line-messaging-sdk-p0-fixes/requirements.md","2112","2026-07-10T07:36:30.5192186Z","1e6793c5f3ab813fcaa2d2fa337fbae0a0bbb9d6beb9972461f1d51ed88f459c"
"tracked",".ccg/tasks/archive/2026-07/line-messaging-sdk-p0-fixes/review.md","1905","2026-07-10T07:36:30.5243023Z","bf7d735a1d54ca0680e8b62447e422b3454ae1b6c403891c4e4d130a5dcbb81b"
"tracked",".ccg/tasks/archive/2026-07/line-messaging-sdk-p0-fixes/review-claude.txt","6415","2026-07-10T07:36:30.5213016Z","0406a7ea95b1a5a7790de5f8a11308536c58fe391fd3f902216b4d6f24ff12cf"
"tracked",".ccg/tasks/archive/2026-07/line-messaging-sdk-p0-fixes/review-claude-after-iconfiguration-fix.txt","9674","2026-07-10T07:36:30.5202182Z","052714fe5c0ffdab0fc800a7b9f9f2dffbd499dd9e6124b97146df33b41e077d"
"tracked",".ccg/tasks/archive/2026-07/line-messaging-sdk-p0-fixes/review-claude-after-transcoding-fix.txt","14092","2026-07-10T07:36:30.5202182Z","eb2156c2e835bc708339cf6222c9423db5aedcfd4c99e994d668bd873ea47f81"
"tracked",".ccg/tasks/archive/2026-07/line-messaging-sdk-p0-fixes/review-claude-after-url-helper-fix.txt","14328","2026-07-10T07:36:30.5202182Z","4175d0b89aeaa49bda05cc2c76ed68d407f814b01477246a7053c2782ac50f9d"
"tracked",".ccg/tasks/archive/2026-07/line-messaging-sdk-p0-fixes/review-claude-final.txt","3326","2026-07-10T07:36:30.5202182Z","f3c362b3f9faa2d459ee7588a6570dec2e9a1e587e9877de9ec81ca3abbc2523"
"tracked",".ccg/tasks/archive/2026-07/line-messaging-sdk-p0-fixes/review-claude-p0-closure.txt","7979","2026-07-10T07:36:30.5213016Z","fc24618fd63a927f560204efa84e952cb658cf55f78abfd0447ddabead8fed90"
"tracked",".ccg/tasks/archive/2026-07/line-messaging-sdk-p0-fixes/review-gemini.txt","70743","2026-07-10T07:36:30.5243023Z","dadbf271ab64eeb62b59fa4a96594110de67a82b053304f22ec7e8c0b86fb5c8"
"tracked",".ccg/tasks/archive/2026-07/line-messaging-sdk-p0-fixes/review-gemini-after-iconfiguration-fix.txt","96762","2026-07-10T07:36:30.5223014Z","78069860b4f10cd95dc8077a1610f466db7a5cf94771ac9497f77fd776d0d1cc"
"tracked",".ccg/tasks/archive/2026-07/line-messaging-sdk-p0-fixes/review-gemini-after-transcoding-fix.txt","93702","2026-07-10T07:36:30.5223014Z","fa4c6fc9baebc7a9482cbf304c9996803314a52fc1e977191962fff14051b1bf"
"tracked",".ccg/tasks/archive/2026-07/line-messaging-sdk-p0-fixes/review-gemini-after-url-helper-fix.txt","90775","2026-07-10T07:36:30.5223014Z","84992c20bf9ba4707946ca1dc47ebc890e7043260d4e902c2b60bbe2621838ba"
"tracked",".ccg/tasks/archive/2026-07/line-messaging-sdk-p0-fixes/review-gemini-final.txt","74091","2026-07-10T07:36:30.5233038Z","d1324ad894b8a1a7eb078818063d4fa486ef2d28ee9408c71b7f3a55b6d2e4bf"
"tracked",".ccg/tasks/archive/2026-07/line-messaging-sdk-p0-fixes/review-gemini-p0-closure.txt","78162","2026-07-10T07:36:30.5233038Z","3b829f134c9e29f4c708f3b1b794c5b8c18a8faa2f2ac1befefd3d78d6786fe5"
"tracked",".ccg/tasks/archive/2026-07/line-messaging-sdk-p0-fixes/task.json","426","2026-07-10T07:36:30.5243023Z","642a0c3ff4416ebc47b625c19742dd62ad4ba45582bf4f0c7cca8eb6bebb904c"
"tracked",".ccg/tasks/archive/2026-07/line-notification-content-wrappers/claude-review.raw.md","896","2026-07-10T07:36:30.5243023Z","33b09524e3beca3c2c239871fea276d7428531e98fd1560f04c137ba1292f0be"
"tracked",".ccg/tasks/archive/2026-07/line-notification-content-wrappers/gemini-review.raw.md","17070","2026-07-10T07:36:30.5253013Z","f3779b4f9ed59a7b383902374f47c2d713c688916b1f25226ea73ae769ea8cb4"
"tracked",".ccg/tasks/archive/2026-07/line-notification-content-wrappers/review.md","1344","2026-07-10T07:36:30.5253013Z","5c5f5ab6d23e40dd875ab5728dc8835e98d5d4c2a5d81bea4e510bedb59112c7"
"tracked",".ccg/tasks/archive/2026-07/line-notification-content-wrappers/task.json","457","2026-07-10T07:36:30.5253013Z","2c4097469ceb06b6232959708c2c20f70dc4de1cacda9469401b4e86290ef048"
"tracked",".ccg/tasks/archive/2026-07/line-processor-sdk-backed-send-message/.turns.json","1061","2026-07-10T07:36:30.5253013Z","12569c12e5bd59d7d45cf776a4c4644bd6d83076aef868a74fb287854c53f6d8"
"tracked",".ccg/tasks/archive/2026-07/line-processor-sdk-backed-send-message/review.md","2699","2026-07-10T07:36:30.5253013Z","47c6e5f73abe3bf4cb6159bb82c75db58cae97b0a4b9f086069374b773154846"
"tracked",".ccg/tasks/archive/2026-07/line-processor-sdk-backed-send-message/review-claude-final.txt","7718","2026-07-10T07:36:30.5253013Z","fbed8ac04a70ec23cb1c5cc9d7b9893324dac87d9ed9664ee76eaa97cf504b46"
"tracked",".ccg/tasks/archive/2026-07/line-processor-sdk-backed-send-message/task.json","525","2026-07-10T07:36:30.5253013Z","2f877b8f203075a785232e3324a8b9d8cde0164af19dd3ebfd5dbdca540610d9"
"tracked",".ccg/tasks/archive/2026-07/line-product-friendly-message-api/claude-review.raw.md","916","2026-07-10T07:36:30.5268774Z","b75e6511d9e74f56da2bbe017b817fecabc7c743509e342faba4bf3c3930acde"
"tracked",".ccg/tasks/archive/2026-07/line-product-friendly-message-api/gemini-review.raw.md","12021","2026-07-10T07:36:30.5272640Z","3a7520ba1a453bce2021cdc51370734ecc2e9340127f9553a0b1100bf4eb4eb8"
"tracked",".ccg/tasks/archive/2026-07/line-product-friendly-message-api/review.md","1707","2026-07-10T07:36:30.5272640Z","e67428da55b347e83a6d0b2a2027c7b52af5188afd50e8835b96575056ceb777"
"tracked",".ccg/tasks/archive/2026-07/line-product-friendly-message-api/task.json","447","2026-07-10T07:36:30.5272640Z","ee07916eb8e232cb6209f4eeea3be495f152d71b4cb1d0cd3afe0ad7258b31bf"
"tracked",".ccg/tasks/archive/2026-07/line-pushutility-best-effort-sdk-convergence/claude-review.raw.md","905","2026-07-10T07:36:30.5283214Z","81fcdfb505884e9171f4b1b5cafab7c57a173cf67d14ea7ff666a9bf59eb049b"
"tracked",".ccg/tasks/archive/2026-07/line-pushutility-best-effort-sdk-convergence/claude-review-rerun.raw.md","6095","2026-07-10T07:36:30.5272640Z","a32e26bf4c7efac036aea01889303ef963dbc163618164809dfc21af0e315e5c"
"tracked",".ccg/tasks/archive/2026-07/line-pushutility-best-effort-sdk-convergence/gemini-review.raw.md","24774","2026-07-10T07:36:30.5287305Z","1da88d7e379c99a6d331721f462f054968f4cef98c185899ab34e76f8dbab3ea"
"tracked",".ccg/tasks/archive/2026-07/line-pushutility-best-effort-sdk-convergence/gemini-review-rerun.raw.md","41965","2026-07-10T07:36:30.5283214Z","8f42680bb93c472e6706e3865ee19f59ec250d02e26f2989f8ddcd20d8641218"
"tracked",".ccg/tasks/archive/2026-07/line-pushutility-best-effort-sdk-convergence/requirements.md","1188","2026-07-10T07:36:30.5287305Z","ba9bff50bc85f47ad4855d48aeb15c3bbb15f243adbda5e959f704f937835ad6"
"tracked",".ccg/tasks/archive/2026-07/line-pushutility-best-effort-sdk-convergence/review.md","2975","2026-07-10T07:36:30.5287305Z","9ed9775b76400fe4f28c020eba05d0a080d2eb6fdf322cd6095c6bcac3a568a6"
"tracked",".ccg/tasks/archive/2026-07/line-pushutility-best-effort-sdk-convergence/task.json","495","2026-07-10T07:36:30.5287305Z","7ccc271cceab6840a9fbfc20f8f91ab19346c80c81f450057738b6a631dd68a6"
"tracked",".ccg/tasks/archive/2026-07/line-pushutility-reliable-required-callsite-cleanup/claude-review.raw.md","910","2026-07-10T07:36:30.5287305Z","b5d21ab93068c4bdb58cf85143066897ef671fc3e501071b540ce975fd67643a"
"tracked",".ccg/tasks/archive/2026-07/line-pushutility-reliable-required-callsite-cleanup/gemini-review.raw.md","21377","2026-07-10T07:36:30.5302345Z","e999515b271437af177ad17aadf31580ea5ea1e45e1ac6329ab9bfe464e187dc"
"tracked",".ccg/tasks/archive/2026-07/line-pushutility-reliable-required-callsite-cleanup/requirements.md","1015","2026-07-10T07:36:30.5302345Z","10f73c9225c64a34f91fe66d9785a65fc8060b2df9da0b3f15c38b0ad1c0b4a4"
"tracked",".ccg/tasks/archive/2026-07/line-pushutility-reliable-required-callsite-cleanup/review.md","2930","2026-07-10T07:36:30.5310489Z","7ec96c83648d9ca6014b25f35d29b89df0274fec5c3a22512d7f6e9505731471"
"tracked",".ccg/tasks/archive/2026-07/line-pushutility-reliable-required-callsite-cleanup/task.json","483","2026-07-10T07:36:30.5310489Z","231d236ce86f26293b29a8dd3bc3d227eb6ac7e81f6a9c900731cf9dd1a0a4ad"
"tracked",".ccg/tasks/archive/2026-07/line-utilityclass-best-effort-sdk-convergence/claude-review.raw.md","6962","2026-07-10T07:36:30.5313552Z","3baafa15e45e196647660716b61430bba99c1bc11759abe96df28ffca062ea8b"
"tracked",".ccg/tasks/archive/2026-07/line-utilityclass-best-effort-sdk-convergence/gemini-review.raw.md","21391","2026-07-10T07:36:30.5313552Z","e0b2739cdba23749f6bc55436ce7c382108ba1843ae1177264439bdde4dc4dbf"
"tracked",".ccg/tasks/archive/2026-07/line-utilityclass-best-effort-sdk-convergence/requirements.md","1298","2026-07-10T07:36:30.5313552Z","043d108619f404af8fe2c98b9fe4fb2194f97df3f6ae717124dbec0119b03404"
"tracked",".ccg/tasks/archive/2026-07/line-utilityclass-best-effort-sdk-convergence/review.md","3242","2026-07-10T07:36:30.5323786Z","7c83fbc0cb51b0503b63224f6b8f37c9c917cf50db3aaa2b445e9d3a7ef1c4c0"
"tracked",".ccg/tasks/archive/2026-07/line-utilityclass-best-effort-sdk-convergence/task.json","487","2026-07-10T07:36:30.5323786Z","ece89c363bccfa56875f8e61c02075a4afb6bd82843695a13c8b8a3250d161bd"
"tracked",".ccg/tasks/archive/2026-07/qpay-model-boundary-brainstorm/.turns.json","1954","2026-07-10T07:36:30.5327147Z","efdf1398dcde61825a8aa28f4df6051aaa499b49b3c801811caa7830978404d3"
"tracked",".ccg/tasks/archive/2026-07/qpay-model-boundary-brainstorm/base-sha.txt","42","2026-07-10T07:36:30.5327147Z","379b76bc75a40a888b6569d0d8fd56fba513ad55df6307852464d8f5ae43bba2"
"tracked",".ccg/tasks/archive/2026-07/qpay-model-boundary-brainstorm/review.md","9132","2026-07-10T07:36:30.5327147Z","6442bffdb5f30d5c5ef5ba38eb9aaf1524faebd8865a50c3a28ca3baf585a5da"
"tracked",".ccg/tasks/archive/2026-07/qpay-model-boundary-brainstorm/task.json","571","2026-07-10T07:36:30.5327147Z","2ea7c7de4fa05b40ee7e7b03a49843046556d50bd09ab968b3f45b1ca392cfdf"
"tracked",".ccg/tasks/archive/2026-07/reduce-line-wait-500ms/.turns.json","79","2026-07-10T07:36:30.5337432Z","c68d4080be571ab991866a11287fd055bb71f890ba6ec32d418b1ee1fd03010a"
"tracked",".ccg/tasks/archive/2026-07/reduce-line-wait-500ms/review.md","1372","2026-07-10T07:36:30.5337432Z","44c6e99a6466eeb4072161ab2cdfc38825facac33dc17db4fa30b68148ad848e"
"tracked",".ccg/tasks/archive/2026-07/reduce-line-wait-500ms/task.json","405","2026-07-10T07:36:30.5337432Z","31da367fdfc413b042d7c9c51b31710388047dcfa79a1f8da96fdd784f9bb002"
"tracked",".ccg/tasks/archive/2026-07/rename-main-project-to-speechmessageproducts-churchreport/requirements.md","824","2026-07-10T07:36:30.5347443Z","6a8185f3c491709190b3725964d8852d33c3f279f5f714ec22c7b43ea5770051"
"tracked",".ccg/tasks/archive/2026-07/rename-main-project-to-speechmessageproducts-churchreport/review.md","1422","2026-07-10T07:36:30.5347443Z","068bdef1dbb5aa4b248ddda444fb9bf0be585c42d3cfa442139fb62bbbc373d1"
"tracked",".ccg/tasks/archive/2026-07/rename-main-project-to-speechmessageproducts-churchreport/task.json","426","2026-07-10T07:36:30.5347443Z","af45d92a16dcac312e7f229311f3103c1920a426b08ea87d2606b11422afbac9"
"tracked",".ccg/tasks/archive/2026-07/richmenu-shared-architecture-brainstorm/.turns.json","1415","2026-07-10T07:36:30.5357429Z","9ba954310c232777e00da0be8ef69290bb8fd557aad17c4bf97e011540aadac5"
"tracked",".ccg/tasks/archive/2026-07/richmenu-shared-architecture-brainstorm/claude-review.stderr.md","580","2026-07-10T07:36:30.5357429Z","742c710dc9f00b45b81c4b470623a5197f3298b06b8a7800063ed4c3482391d6"
"tracked",".ccg/tasks/archive/2026-07/richmenu-shared-architecture-brainstorm/dual-model-summary.json","10277","2026-07-10T07:36:30.5357429Z","b2e1923be85b5fcf6d084bc9385361178104fde4dda7f1ab0c7bb6622e692e4e"
"tracked",".ccg/tasks/archive/2026-07/richmenu-shared-architecture-brainstorm/gemini-review.raw.md","46849","2026-07-10T07:36:30.5367452Z","f2a92d0db01081ddd56966ba84b3cd8fde5a961353fe9a477a9ce25fcff7b440"
"tracked",".ccg/tasks/archive/2026-07/richmenu-shared-architecture-brainstorm/review.md","57609","2026-07-10T07:36:30.5367452Z","49fcbfdcec5717101258f06170315b8d9a54ffe3cddbd02c6cb3f6695cccd469"
"tracked",".ccg/tasks/archive/2026-07/richmenu-shared-architecture-brainstorm/review-prompt.md","37951","2026-07-10T07:36:30.5367452Z","4011c8e3d31f665540215ccd57093a28ebae86a1e8320f023268a5e77ed436cc"
"tracked",".ccg/tasks/archive/2026-07/richmenu-shared-architecture-brainstorm/task.json","510","2026-07-10T07:36:30.5377432Z","675d95e6b626c0810164d3af7a844ceb5f0543ad03942422d788e057bf6f4a5a"
"tracked",".ccg/tasks/archive/2026-07/session-leakage-complete-fix/review.md","2725","2026-07-10T07:36:30.5377432Z","6e5f8b6453b541c73d3d8d30338bf67075e9a2f55b22619c84e2fe38721812b4"
"tracked",".ccg/tasks/archive/2026-07/session-leakage-complete-fix/task.json","486","2026-07-10T07:36:30.5377432Z","ceb6aff77f3e49f88d429909023ae58d273b1ee2142809a421a53879a0b2c4ce"
"tracked",".ccg/tasks/archive/2026-07/show-line-send-result-for-donations/.turns.json","277","2026-07-10T07:36:30.5377432Z","12c2fb4d37dd1f05d8ac4aae1898bd030c56d041e250744835cf6b843e8c5c74"
"tracked",".ccg/tasks/archive/2026-07/show-line-send-result-for-donations/review.md","1279","2026-07-10T07:36:30.5387432Z","4bad47066b652e6fd880dd15ae816c65ee3cc14ec9d220d6b426e4c361ef2e95"
"tracked",".ccg/tasks/archive/2026-07/show-line-send-result-for-donations/task.json","460","2026-07-10T07:36:30.5387432Z","dee9cd1129262425b1bbcb9eb9cf3c87a05893fbec245de7e1b94414a5e736d7"
"tracked",".ccg/tasks/archive/2026-07/speed-up-atm-donation-submit/review.md","935","2026-07-10T07:36:30.5387432Z","376b79a4a60a78bf9be6bbcccdf63b5e11b9cd936de571c3917c4952725adf33"
"tracked",".ccg/tasks/archive/2026-07/speed-up-atm-donation-submit/task.json","423","2026-07-10T07:36:30.5387432Z","4dfc68a4a941873f51bd410082841c4c1b03ada2b5dd0bbf2bad6237fd284e53"
"tracked",".ccg/tasks/brainstorm-payment-post-processing-extraction/requirements.md","607","2026-07-10T07:36:30.5387432Z","265042a82f4e69758c153dc96da79fbe3df23607ff79627c6ec8cc9f5e16f1bb"
"tracked",".ccg/tasks/brainstorm-payment-post-processing-extraction/review.md","2085","2026-07-10T07:36:30.5402457Z","262e7b52105759a48737b33f870aa9d5349a74a6f35e9a35b4d07523596c59eb"
"tracked",".ccg/tasks/brainstorm-payment-post-processing-extraction/review-prompt.md","734","2026-07-10T07:36:30.5402457Z","a8c078244866fa00c9e48a9b0e8416aeee2712ad12d564ba6a2ff2c63f3caa8c"
"tracked",".ccg/tasks/brainstorm-payment-post-processing-extraction/task.json","600","2026-07-10T07:36:30.5402457Z","a8f3d0c7e0c663ccd8efcf220b6907d0c709207d31cf3d5f3f8bb4c4228faafc"
"tracked",".ccg/tasks/ccg-dual-model-self-healing/requirements.md","769","2026-07-10T07:36:30.5402457Z","6380e2c1bfac19c9664c45627f831e65115e2cd9b64ef526e910eb869c832338"
"tracked",".ccg/tasks/ccg-dual-model-self-healing/review.md","938","2026-07-10T07:36:30.5412494Z","5d61db03b8a01acf3df18fe1f9ceeb4a8a499cfdc9467c4c4bc950680356787f"
"tracked",".ccg/tasks/ccg-dual-model-self-healing/task.json","458","2026-07-10T07:36:30.5412494Z","e38dc0b4b56794c153897f42de48a8259565bf9891bcb46d89f3ee15e406b83f"
"tracked",".ccg/tasks/create-payment-flow-v15-diagram/task.json","417","2026-07-10T07:36:30.5412494Z","0f21700d91084583af021a8f2911bd35a8ad7c2c6834aa740b4e83d545878564"
"tracked",".ccg/tasks/create-worktree-rich-menu-add-comment/task.json","665","2026-07-10T07:36:30.5422493Z","8b10f29f81c0520eaabaf5993b7248134e6367440d15e7425b4b964b78241937"
"tracked",".ccg/tasks/explain-donation-fee-payment-processor-comments/task.json","478","2026-07-10T07:36:30.5422493Z","eda251db3b55ac0e11b708995fcdc906010f08d63b16a44b5a4c6b75a75c2e17"
"tracked",".ccg/tasks/fix-dual-model-operation/findings.md","5023","2026-07-10T07:36:30.5422493Z","329e730fdf49798ebf3591199740262b6f57830799e5f5e3b13c0f313c4bca1e"
"tracked",".ccg/tasks/fix-dual-model-operation/requirements.md","774","2026-07-10T07:36:30.5432493Z","b2c09b4c2783dfb32502e41184a66c69cd3a4783f2e3269bfd11a76cdb83f79d"
"tracked",".ccg/tasks/fix-dual-model-operation/review.md","2009","2026-07-10T07:36:30.5432493Z","df4c3283a2dd4eb329808732d33a47bf70d23392e6cda6705fa7d2e91a4858ae"
"tracked",".ccg/tasks/fix-dual-model-operation/task.json","455","2026-07-10T07:36:30.5432493Z","f212bb84812e82ba8a0e496d639fd3cdfd6186602df32ee6ab0d833243e6dc0f"
"tracked",".ccg/tasks/fix-dual-model-operation/verify-claude-model-shim.ps1","1453","2026-07-10T07:36:30.5442497Z","13191f2753c54957458da551b4a8ea679c0fb69c8ab01960069db1983c985b3b"
"tracked",".ccg/tasks/fix-empty-donation-payment-view-fields/review.md","2156","2026-07-10T07:36:30.5442497Z","987f3f017300237213ffed66f3b5783b28b0ad4d3fbb70653dd26d05ebe85b27"
"tracked",".ccg/tasks/fix-empty-donation-payment-view-fields/task.json","513","2026-07-10T07:36:30.5442497Z","c6b4d332fd39357a228741ffc313cdb2bdb9460e4ed22df3e6f2e84ae1bf7bfd"
"tracked",".ccg/tasks/line-binding-notification-convergence/requirements.md","799","2026-07-10T07:36:30.5452493Z","3cb4a2a93d291d284e7343d35029a79fb2b96521f782aaf9f9eb16f026ac42b8"
"tracked",".ccg/tasks/line-binding-notification-convergence/review.md","6811","2026-07-10T07:36:30.5452493Z","fcc1c306ec3bc44eef9063a6915e1d9e393c084adffadc860a98285c5f711045"
"tracked",".ccg/tasks/line-binding-notification-convergence/task.json","514","2026-07-10T07:36:30.5452493Z","036e6be6a542dc3e153c5c71b5d9353f77468bae0e96e4df3360d15c5020a290"
"tracked",".ccg/tasks/line-group-room-profile-adapter/review.md","2962","2026-07-10T07:36:30.5462495Z","fb286856123d77dd3c1a759663ab0a56b87ed15693217b1ba1eeef53c75692d1"
"tracked",".ccg/tasks/line-group-room-profile-adapter/task.json","553","2026-07-10T07:36:30.5462495Z","01886b24605f84421b811883510ea891131b5452cec168a6b785c9042b360ca7"
"tracked",".ccg/tasks/line-identity-profile-adapter/review.md","3407","2026-07-10T07:36:30.5472513Z","0a9fdcc8d512647b68f75f39550bb79b40a91aa5917e8a47b367c1ab718ba92b"
"tracked",".ccg/tasks/line-identity-profile-adapter/task.json","388","2026-07-10T07:36:30.5472513Z","be396093c23b6b00d557c58a50a08bb530fec21c2248b6b412a93d1bb58273f2"
"tracked",".ccg/tasks/line-messaging-sdk-p1-brainstorm/review.md","31392","2026-07-10T07:36:30.5482494Z","2aece9ef93f23899848d826e227cf1c8c717c7a77a9dcdc59ad66f762c7b1fcf"
"tracked",".ccg/tasks/line-messaging-sdk-p1-brainstorm/review-claude-blocked.txt","450","2026-07-10T07:36:30.5472513Z","307641a07c470b13618bffc62bdc58b3e4c977ff9f9c398ce0de8bb3e675caed"
"tracked",".ccg/tasks/line-messaging-sdk-p1-brainstorm/review-gemini.txt","59426","2026-07-10T07:36:30.5482494Z","413c2bdfb2993084b553fd6a25f420c2dc46a647410b113625b4e67dd6ea4d17"
"tracked",".ccg/tasks/line-messaging-sdk-p1-brainstorm/task.json","565","2026-07-10T07:36:30.5482494Z","02698c288d360e94ee342c4524f121e14a3e90a2eb3533561f777db1cd2b97b5"
"tracked",".ccg/tasks/line-p1-closeout-inventory/task.json","542","2026-07-10T07:36:30.5482494Z","ebec5ac8a245cd621a681f00cf2ac812ec4966bf6028dc142257872755c60ca2"
"tracked",".ccg/tasks/line-reliable-notification-adapter/review.md","2602","2026-07-10T07:36:30.5492502Z","298f4fb3a85033276e72aa3b8ddefa58a174ce34d6226b397ee9256441b444e2"
"tracked",".ccg/tasks/line-reliable-notification-adapter/task.json","554","2026-07-10T07:36:30.5492502Z","df21e054a573b1b7530062958b9dad712c2f30993573ef7303f43569bdfcfc03"
"tracked",".ccg/tasks/line-richmenu-shared-orchestrator-review/review-task.md","4147","2026-07-10T07:36:30.5502499Z","0100e4ad928089e2dd58989c147cca8d28b18e48b80b0e80c8e956359f8696c6"
"tracked",".ccg/tasks/line-richmenu-word-manual/.turns.json","-1","MISSING","MISSING"
"tracked",".ccg/tasks/line-richmenu-word-manual/build_richmenu_manual.py","-1","MISSING","MISSING"
"tracked",".ccg/tasks/line-richmenu-word-manual/requirements.md","-1","MISSING","MISSING"
"tracked",".ccg/tasks/line-richmenu-word-manual/sources/developers_line_biz_en_docs_liff_overview.html","-1","MISSING","MISSING"
"tracked",".ccg/tasks/line-richmenu-word-manual/sources/developers_line_biz_en_docs_messaging_api_using_rich_menus.html","-1","MISSING","MISSING"
"tracked",".ccg/tasks/line-richmenu-word-manual/sources/developers_line_biz_en_docs_messaging_api_using_rich_menus.html.txt","-1","MISSING","MISSING"
"tracked",".ccg/tasks/line-richmenu-word-manual/sources/developers_line_biz_en_reference_messaging_api_rich_menu.html","-1","MISSING","MISSING"
"tracked",".ccg/tasks/line-richmenu-word-manual/sources/developers_line_biz_en_reference_messaging_api_rich_menu.html.txt","-1","MISSING","MISSING"
"tracked",".ccg/tasks/line-richmenu-word-manual/sources/developers_line_biz_en_reference_messaging_api_richmenu_switch_action.html","-1","MISSING","MISSING"
"tracked",".ccg/tasks/line-richmenu-word-manual/sources/developers_line_biz_en_reference_messaging_api_richmenu_switch_action.html.txt","-1","MISSING","MISSING"
"tracked",".ccg/tasks/line-richmenu-word-manual/sources/source-summary.json","-1","MISSING","MISSING"
"tracked",".ccg/tasks/line-richmenu-word-manual/task.json","-1","MISSING","MISSING"
"tracked",".ccg/tasks/line-richmenu-workflow-convergence/claude-review.raw.md","5150","2026-07-10T07:36:30.5552585Z","6230eabf0adc9c349d9c94b5944fae6d8877482d885003f3f601ae2e46bde9ba"
"tracked",".ccg/tasks/line-richmenu-workflow-convergence/claude-review-prompt.md","1983","2026-07-10T07:36:30.5552585Z","c24ab44f235613e27e2f9e174df7df10c24f2cf2eb6545c43ce7901e6292da93"
"tracked",".ccg/tasks/line-richmenu-workflow-convergence/external-review-summary.md","2309","2026-07-10T07:36:30.5552585Z","e3a7c1300d8308dee27e264817548fc356a5748442bdadf0e6f7aeca4bd23c4a"
"tracked",".ccg/tasks/line-richmenu-workflow-convergence/gemini-review.raw.md","50755","2026-07-10T07:36:30.5562632Z","7a16f02f2b0b5cdf20e32339137877b560654025409f0c65f31d72fd58ef302c"
"tracked",".ccg/tasks/line-richmenu-workflow-convergence/gemini-review-prompt.md","1770","2026-07-10T07:36:30.5552585Z","e554556f238e44d41530a8623474f77abe7a9839f75e630f8f6c3ed2f86d2e87"
"tracked",".ccg/tasks/line-richmenu-workflow-convergence/review.md","3512","2026-07-10T07:36:30.5562632Z","a988ca50d596e0b61a42e3d076218185036815b910466e0cd1fd57824cb398a8"
"tracked",".ccg/tasks/line-richmenu-workflow-convergence/review-diff.patch","120742","2026-07-10T07:36:30.5562632Z","8b7de856d605812309325bee1f9318486bc8c235253c92e11c4fd0bf279c4e74"
"tracked",".ccg/tasks/line-richmenu-workflow-convergence/task.json","511","2026-07-10T07:36:30.5572617Z","90bb227caa445dc4bc198e36823768ec4eea7941d5579608b7ad13ccfc029b31"
"tracked",".ccg/tasks/line-shared-workflow-extraction-phase2/claude-review.raw.md","900","2026-07-10T07:36:30.5572617Z","fb97b5339731e3e26acca9a4a33f0b352be415d386eccf64757cce54710af850"
"tracked",".ccg/tasks/line-shared-workflow-extraction-phase2/gemini-review.raw.md","48982","2026-07-10T07:36:30.5572617Z","dcc7d18693eab0969707d25b313701fc901bccbc8abf7ab3289684504c795d5b"
"tracked",".ccg/tasks/line-shared-workflow-extraction-phase2/requirements.md","1378","2026-07-10T07:36:30.5582625Z","cdf984b06ea5a2556edc39aa0194b163f19787769a6fc63417423ff27834cc8e"
"tracked",".ccg/tasks/line-shared-workflow-extraction-phase2/review.md","3086","2026-07-10T07:36:30.5582625Z","d3c142bf2960274b69bc034ec2140fe51a8224cc92958a71202cc213a0c8e6d9"
"tracked",".ccg/tasks/line-shared-workflow-extraction-phase2/task.json","417","2026-07-10T07:36:30.5582625Z","c82c1f32ee6ebcc125c06736220889fd97d4c487fcb0bd5b13fd21fc7c37811d"
"tracked",".ccg/tasks/line-usage-surface-inventory/inventory.md","4062","2026-07-10T07:36:30.5582625Z","e6478dcc92f36e6c0bc372c1422107d52db3b407460fae5a778e9853b348d174"
"tracked",".ccg/tasks/line-usage-surface-inventory/task.json","475","2026-07-10T07:36:30.5582625Z","398e8e5a95e98692f01d9faba3002c4bd507a0efe043ff339d616115d23c019f"
"tracked",".ccg/tasks/modularize-donation-payment-manager/requirements.md","1543","2026-07-10T07:36:30.5592620Z","ff948925e35a232723a1eb315fa0f038d8a71c43a4dfb1a8227f469ccc56c552"
"tracked",".ccg/tasks/modularize-donation-payment-manager/review.md","3115","2026-07-10T07:36:30.5592620Z","004dfa07e5841a38151cdac3c39baf560d84d858923a71999b226938431dc8e5"
"tracked",".ccg/tasks/modularize-donation-payment-manager/task.json","588","2026-07-10T07:36:30.5592620Z","2463b1273ea9df91c244e03dc58f396c071136974aa6beabbf97616d9c1f6663"
"tracked",".ccg/tasks/neutralize-mypay-product-service-names/focused_diff.patch","90647","2026-07-10T07:36:30.5602637Z","00ba886e3228fcc7bf16e022b98d95d63646f6edee406131ea946b1527f7baca"
"tracked",".ccg/tasks/neutralize-mypay-product-service-names/review.md","2753","2026-07-10T07:36:30.5613787Z","73518ab467c1a34163e34dbd03aebfb2dd5781a50a69a1d7527052c0229cbffb"
"tracked",".ccg/tasks/neutralize-mypay-product-service-names/review-claude.md","741","2026-07-10T07:36:30.5602637Z","4f7127af84122e1de88e6c149974b749defb9d0b491276026dc8f51ee82b8ede"
"tracked",".ccg/tasks/neutralize-mypay-product-service-names/review-gemini.md","850","2026-07-10T07:36:30.5602637Z","f834adf142448300743137705850553890ca0b464e9e0c1514c5f3a57ede29d0"
"tracked",".ccg/tasks/neutralize-mypay-product-service-names/task.json","467","2026-07-10T07:36:30.5613787Z","2515350aa9a61afac494a5efb4a77d9541f639fed39ed5e00a4052855d4c8116"
"tracked",".ccg/tasks/neutralize-qpay-product-layer-names/analysis.md","819","2026-07-10T07:36:30.5613787Z","2fd8fb45307e11f35de37b1cdcf645a708577b37d7373d5323cc7d89c0a52d2c"
"tracked",".ccg/tasks/neutralize-qpay-product-layer-names/plan.md","1159","2026-07-10T07:36:30.5613787Z","ab6bd4bd49866cb30311b9058fbb4faebc355508651b1f797c96169219f2e759"
"tracked",".ccg/tasks/neutralize-qpay-product-layer-names/requirements.md","1669","2026-07-10T07:36:30.5613787Z","69329aea76a9bc5350b8c32556ad6849f21623ee0e492f104a04609e63a817f0"
"tracked",".ccg/tasks/neutralize-qpay-product-layer-names/task.json","550","2026-07-10T07:36:30.5623796Z","061c23b17d3993b84dd8db708c58eea303f50d37766a44caa5c7abfe1a05101f"
"tracked",".ccg/tasks/neutralize-qpay-product-workflow-names/task.json","560","2026-07-10T07:36:30.5623796Z","e56a67f60d4dce8f20f72f6599acd24ce8e859f1188cf6aac5cd1b6aae30e877"
"tracked",".ccg/tasks/payment-host-integration-layer/analysis.md","4422","2026-07-10T07:36:30.5623796Z","44e5b81981c2debdb4d72e06b6cdbda43b4438829169b29bc2fe31441a3b7219"
"tracked",".ccg/tasks/payment-host-integration-layer/review.md","7749","2026-07-10T07:36:30.5633795Z","7957a2985de1e1062d1e6a8aa29fa799eef2025b10081ab361323e405e1771be"
"tracked",".ccg/tasks/payment-host-integration-layer/task.json","517","2026-07-10T07:36:30.5633795Z","8991c9c347910e7ab9fa8d0cf4ea7c20cabebd5c81846549aa653ffe2c440e5b"
"tracked",".ccg/tasks/payment-module-extraction/.turns.json","883","2026-07-10T07:36:30.5633795Z","96e81ebc995fa2ef8b4adddb22c6cdc7deaf79e476d6bd038e7f957eb2cec1d5"
"tracked",".ccg/tasks/payment-module-extraction/analysis.md","2611","2026-07-10T07:36:30.5633795Z","b6d69e55dd9cadae50e4897074bdb53402c29be9802e103c7a071ebe3f383d45"
"tracked",".ccg/tasks/payment-module-extraction/review.md","47081","2026-07-10T07:36:30.5643799Z","9f822eda11b8f967249c94c76c005bbcbab95b6bcfa2e894f512b6de090cb9a1"
"tracked",".ccg/tasks/payment-module-extraction/task.json","522","2026-07-10T07:36:30.5643799Z","6c624625e499caa2cd06e54702a64a3b59175e062df9bcec77349b4d147bcd43"
"tracked",".ccg/tasks/remove-qpay-compatibility-wrappers/review.md","4053","2026-07-10T07:36:30.5643799Z","cbecdd4982bc28dd5f1c14c64385016c32eb83f2e1080f2159d8fba34d83083c"
"tracked",".ccg/tasks/remove-qpay-compatibility-wrappers/task.json","510","2026-07-10T07:36:30.5643799Z","e6ec3c8ed7fc4bfade106230f67345d91f40023c0864cd0b6c3e19b75ea1cb47"
"tracked",".ccg/tasks/rename-repo-to-speech-message-products/task.json","483","2026-07-10T07:36:30.5653797Z","53d2cec6241f16ea24dd189b7a28f79f078a6b14f1423b3a73d61a561b8f14d9"
"tracked",".ccg/tasks/reply-utility-group-room-profile-adapter/requirements.md","1535","2026-07-10T07:36:30.5653797Z","ec3f16c61a7959fd9e2cd8000e58ed95673fb714b1e768f8a7de34a05f4673b5"
"tracked",".ccg/tasks/reply-utility-group-room-profile-adapter/review.md","3171","2026-07-10T07:36:30.5663809Z","d7f95ee038b223d69394180d8d14bfcc1936f1f05b08f947005e2f74ac2cdb9e"
"tracked",".ccg/tasks/reply-utility-group-room-profile-adapter/task.json","523","2026-07-10T07:36:30.5663809Z","84d29a711b7bacb43818d4d6f96ea29dc90e375476ee47a0b813e6952b33bcf6"
"tracked",".ccg/tasks/restore-dedication-management-menu/task.json","411","2026-07-10T07:36:30.5663809Z","42dc4c1c257ff5e80c30421a64644cbc0a0f4f6903bf1fa05984e16ea29dc673"
"tracked",".ccg/tasks/show-line-send-result-for-donations/requirements.md","948","2026-07-10T07:36:30.5673787Z","8b813391372e0b41848b254db2bc6c9324632fa57cd281097e1243908bdd83d1"
"tracked",".ccg/tasks/show-line-send-result-for-donations/review.md","1299","2026-07-10T07:36:30.5673787Z","e54d44f1ff704c66e60691500bdc69404c268ddeec8facdd0fd352929ca072f1"
"tracked",".ccg/tasks/show-line-send-result-for-donations/task.json","411","2026-07-10T07:36:30.5673787Z","7c8e606f7adf21f4731c5e93d72555f1382b12710acca6814cfc4a17f908c470"
"tracked",".ccg/tasks/subagent-goal-word-tutorial/build_subagent_goal_tutorial.ps1","25552","2026-07-10T07:36:30.5683796Z","b214504fe8c2ea29503fbb3fa6bb8408ba27848d3e24c6e3a55d8dc9166fe391"
"tracked",".ccg/tasks/subagent-goal-word-tutorial/docx-generator/docx-validation.json","595","2026-07-10T07:36:30.5693813Z","17d3b214d3203bd2530fad057aa1ee852a0752f0f98119c3b73b684cd5bef2aa"
"tracked",".ccg/tasks/subagent-goal-word-tutorial/docx-generator/docx-work-csharp/[Content_Types].xml","714","2026-07-10T07:36:30.5703791Z","a05e3185d9473ee6a2b09a21f831a7249ca26b9434446d4f3b2a027a3926c5ec"
"tracked",".ccg/tasks/subagent-goal-word-tutorial/docx-generator/docx-work-csharp/_rels/.rels","308","2026-07-10T07:36:30.5703791Z","7c94bc2b1d09d97fe3c7fd54099330c22ea5133b566bd5f841d30d511d3862b2"
"tracked",".ccg/tasks/subagent-goal-word-tutorial/docx-generator/docx-work-csharp/word/_rels/document.xml.rels","145","2026-07-10T07:36:30.5703791Z","cd115b29073bcda12837339be66198c967f22b154faf58efba4c5da25f4dd38f"
"tracked",".ccg/tasks/subagent-goal-word-tutorial/docx-generator/docx-work-csharp/word/document.xml","44957","2026-07-10T07:36:30.5715052Z","37b0cdcee2c0c2211b4f005f226a11ead81ac5ce113241d23a3ae9255442a79f"
"tracked",".ccg/tasks/subagent-goal-word-tutorial/docx-generator/docx-work-csharp/word/settings.xml","222","2026-07-10T07:36:30.5715052Z","d525e975f3d6e141cfcd160ba37b2254e3a93d447fde954866fb612ac342ef3a"
"tracked",".ccg/tasks/subagent-goal-word-tutorial/docx-generator/docx-work-csharp/word/styles.xml","3943","2026-07-10T07:36:30.5715052Z","55edd9d6320439c40a39b22cd8584701d7190a7e2c1b51e7984bd90acd3d57c7"
"tracked",".ccg/tasks/subagent-goal-word-tutorial/docx-generator/Program.cs","25052","2026-07-10T07:36:30.5693813Z","368c57843ba9b2aa2a1d4393bf59039708f186468ba4f36b72edf8d998db6734"
"tracked",".ccg/tasks/subagent-goal-word-tutorial/docx-generator/Subagent_Goal_保母級教學手冊.docx","8494","2026-07-10T07:36:30.5693813Z","53e5eb06948dada154f00e3e343474eda7a163c94066511f3d330b2f90f4593f"
"tracked",".ccg/tasks/subagent-goal-word-tutorial/docx-generator/SubagentGoalDocx.csproj","245","2026-07-10T07:36:30.5693813Z","1b9316ffd4b157199e40d0dedb6273af41da031226475abbe1b19d99c1859d3c"
"tracked",".ccg/tasks/subagent-goal-word-tutorial/docx-validation.json","579","2026-07-10T07:36:30.5715052Z","05f0cce9b6dc8f56cd3e24803ff1b6154787b71c59897fa2c81c6f04d7ff1bfd"
"tracked",".ccg/tasks/subagent-goal-word-tutorial/docx-work-csharp/[Content_Types].xml","714","2026-07-10T07:36:30.5725053Z","a05e3185d9473ee6a2b09a21f831a7249ca26b9434446d4f3b2a027a3926c5ec"
"tracked",".ccg/tasks/subagent-goal-word-tutorial/docx-work-csharp/_rels/.rels","308","2026-07-10T07:36:30.5725053Z","7c94bc2b1d09d97fe3c7fd54099330c22ea5133b566bd5f841d30d511d3862b2"
"tracked",".ccg/tasks/subagent-goal-word-tutorial/docx-work-csharp/word/_rels/document.xml.rels","145","2026-07-10T07:36:30.5735055Z","cd115b29073bcda12837339be66198c967f22b154faf58efba4c5da25f4dd38f"
"tracked",".ccg/tasks/subagent-goal-word-tutorial/docx-work-csharp/word/document.xml","44957","2026-07-10T07:36:30.5735055Z","37b0cdcee2c0c2211b4f005f226a11ead81ac5ce113241d23a3ae9255442a79f"
"tracked",".ccg/tasks/subagent-goal-word-tutorial/docx-work-csharp/word/settings.xml","222","2026-07-10T07:36:30.5735055Z","d525e975f3d6e141cfcd160ba37b2254e3a93d447fde954866fb612ac342ef3a"
"tracked",".ccg/tasks/subagent-goal-word-tutorial/docx-work-csharp/word/styles.xml","3943","2026-07-10T07:36:30.5735055Z","55edd9d6320439c40a39b22cd8584701d7190a7e2c1b51e7984bd90acd3d57c7"
"tracked",".ccg/tasks/subagent-goal-word-tutorial/requirements.md","822","2026-07-10T07:36:30.5745050Z","143748de4a0c1665586c775b89cbd110f19f30af756227634a38bf4d69143f07"
"tracked",".ccg/tasks/subagent-goal-word-tutorial/review.md","1036","2026-07-10T07:36:30.5745050Z","ef81dd4890494c158f6d2e9b6af8ab026beb62e5ee3cc87bdbb9a757cd0f263d"
"tracked",".ccg/tasks/subagent-goal-word-tutorial/Subagent_Goal_保母級教學手冊.docx","8494","2026-07-10T07:36:30.5673787Z","95678ed8b8f4923690110fd55f2eeeca7a53ad557702b3fff3dbb3bdfbadf07b"
"tracked",".ccg/tasks/subagent-goal-word-tutorial/task.json","425","2026-07-10T07:36:30.5745050Z","c426eacae9c338a62d624aa72e96965c4ae150b9ff900ed85f652fd9ece95bbf"
"tracked",".claude/agents/trellis-check.md","3724","2026-07-10T07:36:30.5745050Z","5a31f70c50f79d577e392422d606d3cedd4781ae507d2f5894c1313b5d0732a1"
"tracked",".claude/agents/trellis-implement.md","3518","2026-07-10T07:36:30.5755050Z","cdd472be260b845971d10c9ba3c0983ea086500e6357598b76ff042e25ea2628"
"tracked",".claude/agents/trellis-research.md","3956","2026-07-10T07:36:30.5755050Z","5c92c40eee13a45551d78a20e122c77e805f566bfb8dfb3b012837191c123a35"
"tracked",".claude/commands/trellis/continue.md","2413","2026-07-10T07:36:30.5765047Z","158947f2d969523a8f57bb31ad87d05c210c1ba35fedf353d0438e8dea26d798"
"tracked",".claude/commands/trellis/finish-work.md","3491","2026-07-10T07:36:30.5765047Z","36675cf97b8178bf6a7da03d33bcc9fb211e9d5f364dd5b3834236c44b327824"
"tracked",".claude/hooks/inject-subagent-context.py","25565","2026-07-10T07:36:30.5765047Z","5ab339431e2c7afbc4044d8c5a65bc728782b49d51d162b3b9f6c1cd6aa4d5c9"
"tracked",".claude/hooks/inject-workflow-state.py","14079","2026-07-10T07:36:30.5775047Z","73de0ebc4237b895682c130cb531d1222969aaca01d43baec6a59095fcce1ce8"
"tracked",".claude/hooks/session-start.py","29919","2026-07-10T07:36:30.5775047Z","228a8eeb559a858fd4618617a33d43ef0ac196acb11b1d4b55cba180d50b227f"
"tracked",".claude/hooks/statusline.py","10536","2026-07-10T07:36:30.5775047Z","49ff0d9aafbd60540b2bb287d8aeb05688ab3df54507512c852128e70f4014ab"
"tracked",".claude/settings.json","1690","2026-07-10T07:36:30.5785048Z","1b79b03b3f7fd04d43d1d95ed5d680946ca71d4a28ab24cb5a171b94581bc80e"
"tracked",".claude/skills/trellis-before-dev/SKILL.md","1892","2026-07-10T07:36:30.5785048Z","199d45432ad0a66ee051f2a1fcbd977126984037e4977d87b9c805daa3422fec"
"tracked",".claude/skills/trellis-brainstorm/SKILL.md","6324","2026-07-10T07:36:30.5785048Z","3073a0ebb23ce5657f04d1f20a71805fd3ec74d3490dd788fb4858fe55094c02"
"tracked",".claude/skills/trellis-break-loop/SKILL.md","7151","2026-07-10T07:36:30.5785048Z","2452e59334062e5676977377c6e5f7c6d286a343bfc4ca01177ef46df02fc07a"
"tracked",".claude/skills/trellis-channel/references/command-reference.md","17845","2026-07-10T07:36:30.5800083Z","8004e33542861c6621c8b99d9e33652503f3a6bdd9d19c803bb5a4064a6173c7"
"tracked",".claude/skills/trellis-channel/references/forum.md","8203","2026-07-10T07:36:30.5810131Z","b642d4d12671751e04284df2482627a01a77316e68b6c53d243b1482925ccc75"
"tracked",".claude/skills/trellis-channel/references/progress-debugging.md","8721","2026-07-10T07:36:30.5810131Z","e93f1860ede2c46bb7ff6fb7567243b8e42e854b78973f5af3b6de4329995c22"
"tracked",".claude/skills/trellis-channel/references/workers.md","11427","2026-07-10T07:36:30.5810131Z","39da7671f5ab889958bdbc7cf6968fa50440882acb997976b88fd17ff39c2bce"
"tracked",".claude/skills/trellis-channel/references/workflows.md","4616","2026-07-10T07:36:30.5810131Z","ebb1b721103b93b2e923ddd96d347ac7e7d7eeff8438bdf38b1fc27a46f8ebe4"
"tracked",".claude/skills/trellis-channel/SKILL.md","4939","2026-07-10T07:36:30.5800083Z","6d31e55ee8adc2312f365bbab8c4d0b4e66d4f5461e797460a3855b032d3fd0e"
"tracked",".claude/skills/trellis-check/SKILL.md","2911","2026-07-10T07:36:30.5820142Z","5c260db51826a7217eb71c3f5b1a02ae3a211335d46f6f08dd2a461037bd5656"
"tracked",".claude/skills/trellis-meta/references/customize-local/add-project-local-conventions.md","2589","2026-07-10T07:36:30.5830191Z","089fbe708369bbac4e9cb7fdaed610b312b29cc1ab771ac8f7f6b43408af42f1"
"tracked",".claude/skills/trellis-meta/references/customize-local/change-agents.md","2723","2026-07-10T07:36:30.5830191Z","9eaed26ef4e94114ae0b6dd6a0de2b740d76321f1e869197004721eaadb045d8"
"tracked",".claude/skills/trellis-meta/references/customize-local/change-context-loading.md","3386","2026-07-10T07:36:30.5830191Z","04035e5dcbda3c6304154e663ff35a709d817914317e0dc3ab950dfec7c6e6ba"
"tracked",".claude/skills/trellis-meta/references/customize-local/change-hooks.md","2369","2026-07-10T07:36:30.5830191Z","787a1d25fdb08ae06f29154b8322ab69da671f22d6e4bb38b0906f4a009961fe"
"tracked",".claude/skills/trellis-meta/references/customize-local/change-skills-or-commands.md","7077","2026-07-10T07:36:30.5840179Z","f499570fce5d62a600ec8d8826bf12fbf54471fc820005682c7fc2c592a8402e"
"tracked",".claude/skills/trellis-meta/references/customize-local/change-spec-structure.md","2467","2026-07-10T07:36:30.5840179Z","8c82ae1e03139caac072d46a5cd54aaa0cdfa348fb2e205cbe93e1a5e972fd74"
"tracked",".claude/skills/trellis-meta/references/customize-local/change-task-lifecycle.md","4682","2026-07-10T07:36:30.5840179Z","de533a68a41fa1e80f569b5c4e1a6c04b76ad372d9e511d3b471835072cef855"
"tracked",".claude/skills/trellis-meta/references/customize-local/change-workflow.md","4349","2026-07-10T07:36:30.5850177Z","2cc9cd7c5062c648398c090796e4caf68e9ce690a0602482b180e66cd819a05e"
"tracked",".claude/skills/trellis-meta/references/customize-local/overview.md","2922","2026-07-10T07:36:30.5850177Z","07b6a438e77d80e5735e7825248ed813374167f31018fbe0f67d2bf2bf6a8d8d"
"tracked",".claude/skills/trellis-meta/references/local-architecture/bundled-skills.md","11680","2026-07-10T07:36:30.5850177Z","26368580731217a38fb0e073a1d95b68ab67077be1f92cc77c29c9cc9f8d296b"
"tracked",".claude/skills/trellis-meta/references/local-architecture/context-injection.md","4133","2026-07-10T07:36:30.5860193Z","5eb6e756a3fec86af78712fcfcc282393b0c65d3d7575dcbd4001640b555e596"
"tracked",".claude/skills/trellis-meta/references/local-architecture/generated-files.md","3983","2026-07-10T07:36:30.5860193Z","fabea03153a7b41d0db677e48881682b2289eb2d47aba4d5a81f2113b3a45181"
"tracked",".claude/skills/trellis-meta/references/local-architecture/multi-agent-channel.md","6854","2026-07-10T07:36:30.5860193Z","b4066fbbea77fcfa7cfd974b2528e332208767101c7def163b69a099df82de26"
"tracked",".claude/skills/trellis-meta/references/local-architecture/overview.md","3798","2026-07-10T07:36:30.5860193Z","22fd95cb76cddce926caed8cac2425321781f9c7b5680b72e86c0205ff8412ae"
"tracked",".claude/skills/trellis-meta/references/local-architecture/spec-system.md","3536","2026-07-10T07:36:30.5870187Z","76635be6c17a7215748bc283cfba6ef8acc00ef6128ad52dbb6ba228d6209fc8"
"tracked",".claude/skills/trellis-meta/references/local-architecture/task-system.md","6234","2026-07-10T07:36:30.5870187Z","262acc2c9698007defcdc95289dc844def7a1a0bcd9390a77c6b42a18228d708"
"tracked",".claude/skills/trellis-meta/references/local-architecture/workflow.md","3831","2026-07-10T07:36:30.5870187Z","afd32df7503d557ad61ee0c6198c9b9c38a9d27a16df5a2ab97dd25f4f2a2645"
"tracked",".claude/skills/trellis-meta/references/local-architecture/workspace-memory.md","2835","2026-07-10T07:36:30.5870187Z","9e4f6af739c8b97f53d002ee50043dfc05580512979ab29cbe5d3768f9d9dfc8"
"tracked",".claude/skills/trellis-meta/references/platform-files/agents.md","3977","2026-07-10T07:36:30.5880198Z","3c8fa6352a4cf263480232f3f545caf6b0dace64b3d177f28ff59f29d33a71a5"
"tracked",".claude/skills/trellis-meta/references/platform-files/hooks-and-settings.md","4150","2026-07-10T07:36:30.5880198Z","c412080495c1af9096f8b4f976e9afb6f2fd237f23ca5866f8dfeed08ad261a2"
"tracked",".claude/skills/trellis-meta/references/platform-files/overview.md","3483","2026-07-10T07:36:30.5880198Z","74b4121fff22554d447a53ecbea3721b297739d4c0e1df3a1a6b329936b02ff3"
"tracked",".claude/skills/trellis-meta/references/platform-files/platform-map.md","5155","2026-07-10T07:36:30.5880198Z","a0f47010afffd84ede0d2e50e61b598197fb70243ddae0202bb889ef8d87ec26"
"tracked",".claude/skills/trellis-meta/references/platform-files/skills-and-commands.md","4013","2026-07-10T07:36:30.5890178Z","7330d730aa2edac0f8fc94f76eda8ba4d38ca320ad29a10cb265effd2d6e9e44"
"tracked",".claude/skills/trellis-meta/SKILL.md","12679","2026-07-10T07:36:30.5820142Z","6dbcfad7e3f8f8b3df12abf0bc4ebade138bf2e7b3a73c279cdfb45179175c6c"
"tracked",".claude/skills/trellis-session-insight/references/cli-quick-reference.md","6899","2026-07-10T07:36:30.5890178Z","ed74b8f6072c3e0df081acff348f30747c227fdce5f477b5b34781537f874fb9"
"tracked",".claude/skills/trellis-session-insight/references/triggering-patterns.md","4151","2026-07-10T07:36:30.5900189Z","65c14f0d6356ac2fe174b08d1004a9bb218e0e99bb9de27619e842f16300a060"
"tracked",".claude/skills/trellis-session-insight/SKILL.md","6460","2026-07-10T07:36:30.5890178Z","153afa9df17f44444402cb79978dc4ca92ec53010c902f2f03570a9df8f3da11"
"tracked",".claude/skills/trellis-spec-bootstrap/references/mcp-setup.md","2856","2026-07-10T07:36:30.5900189Z","324e149a07d5a4b7acf7b162cac466736938d3d2d08147bf139780ee3cfcef97"
"tracked",".claude/skills/trellis-spec-bootstrap/references/repository-analysis.md","2804","2026-07-10T07:36:30.5900189Z","9e24113607f362e51d64fb9228872bab32790d929d2474aeca1a985ac3a724ee"
"tracked",".claude/skills/trellis-spec-bootstrap/references/spec-task-planning.md","2292","2026-07-10T07:36:30.5911143Z","976903865d2918fdb07f12df32044eeb8e6a544b4b0e78a911fec7c9283bf436"
"tracked",".claude/skills/trellis-spec-bootstrap/references/spec-writing.md","2246","2026-07-10T07:36:30.5911143Z","022092cf1e94030bd17232b446f6cbf5c9355915178612419ac6246e95beddf8"
"tracked",".claude/skills/trellis-spec-bootstrap/SKILL.md","2720","2026-07-10T07:36:30.5900189Z","073887f5db840632d51e2933625965527e42898ff02ade7a028a78385c6eb12c"
"tracked",".claude/skills/trellis-update-spec/SKILL.md","10410","2026-07-10T07:36:30.5911143Z","82a989ea919fdcb1cf87e9bdf4444c1e5b9018e0e2f5c15e209572432f05b3c8"
"tracked",".codex/agents/trellis-check.toml","4541","2026-07-10T07:36:30.5921143Z","9b5f1bb7ab94f895d3754eb20515f80eaaa7c666bab62bb9600f54c49d6a344b"
"tracked",".codex/agents/trellis-implement.toml","3947","2026-07-10T07:36:30.5921143Z","6647aff9339d6ea43f029fcf6bffbea6f049dabcf0a99599f2ff5012f8ba39f9"
"tracked",".codex/agents/trellis-research.toml","2431","2026-07-10T07:36:30.5921143Z","dccd249685b1a70e154fff2c6fea9dfa16f6a9d38cceeeb26af1f76c85ef617c"
"tracked",".codex/config.toml","1576","2026-07-10T07:36:30.5921143Z","dc85c39088d045822a112ca4e543d668b96147b73334723b516fc31027197368"
"tracked",".codex/hooks.json","273","2026-07-10T07:36:30.5931140Z","71c66bef4ec9aa52d95e4096bae0863e4c07e4a3f479a922c1c63da9f93bada0"
"tracked",".codex/hooks/inject-workflow-state.py","14079","2026-07-10T07:36:30.5931140Z","73de0ebc4237b895682c130cb531d1222969aaca01d43baec6a59095fcce1ce8"
"tracked",".codex/hooks/session-start.py","19349","2026-07-10T07:36:30.5931140Z","ccb3596320d13e16e9deb31ad507c68d71f34eecca89a444c469aaf8e4ec1416"
"tracked",".editorconfig","316","2026-07-10T07:36:30.5931140Z","99debd99c8605d25e232c0f4db413fafd07d825dd1a26ec8204b54e749ae3ebc"
"tracked",".gemini/agents/trellis-check.md","4837","2026-07-10T07:36:30.5941146Z","bcc452502bab43f8c20f287e9cd3764f5e1315336ffde8db06d39eaf349387eb"
"tracked",".gemini/agents/trellis-implement.md","4639","2026-07-10T07:36:30.5941146Z","4066fa7a5d75d46bc65ec9a102ba84c3b80501773c3d7de1b90b6286f9949e47"
"tracked",".gemini/agents/trellis-research.md","3903","2026-07-10T07:36:30.5941146Z","42d4228aac5720ef96c4498094f5fb3bf46964e59f4401c12bd3fb45b78a0b07"
"tracked",".gemini/commands/trellis/continue.toml","2471","2026-07-10T07:36:30.5951145Z","b3b2ac5427d85bcaa6c70ddcb78351fdd983d93f62d4f1499035db090b2146eb"
"tracked",".gemini/commands/trellis/finish-work.toml","3552","2026-07-10T07:36:30.5951145Z","f24db01f6561851a9f181c86f556ec5d9983c2fba37405bf83506000a28b0f0f"
"tracked",".gemini/hooks/inject-workflow-state.py","14079","2026-07-10T07:36:30.5951145Z","73de0ebc4237b895682c130cb531d1222969aaca01d43baec6a59095fcce1ce8"
"tracked",".gemini/hooks/session-start.py","29919","2026-07-10T07:36:30.5961144Z","228a8eeb559a858fd4618617a33d43ef0ac196acb11b1d4b55cba180d50b227f"
"tracked",".gemini/settings.json","545","2026-07-10T07:36:30.5961144Z","e32285a5933ac6c32e6ef24e7ec857dfa9132c04e42e78103517192024f39058"
"tracked",".gitattributes","3062","2026-07-10T07:36:30.5961144Z","e9555d38df5670c01ed838a47f02174a3e656ecd97280d9ded37a5134b3ce146"
"tracked",".github/ASP.NET.Core.NET.10.md","3595","2026-07-10T07:36:30.5971138Z","bf6ccd4304de4ca39f308446547bf96e7b72cf92e731135dc464c695585e4a7a"
"tracked",".github/copilot-architecture.md","566","2026-07-10T07:36:30.5971138Z","bd8e75c7607d93b8c01debd8d67b1328d9fcf8edf2395a21bd3147ec73cc4923"
"tracked",".github/copilot-concurrency.md","333","2026-07-10T07:36:30.5971138Z","fb7d8101bb233c9a25995fdab3f018072b029c44380c440c558e06ed4814ffbe"
"tracked",".github/copilot-dynamics365.md","395","2026-07-10T07:36:30.5971138Z","d22944ec611cc1b138d2aff772a66352be3cf0b345dfb29e4565516076a94273"
"tracked",".github/copilot-efcore.md","434","2026-07-10T07:36:30.5971138Z","9fb6b24f94cc67e69ecd7a5f50ede20db63790c544c4b64ee4e7baa72086acce"
"tracked",".github/copilot-instructions.md","4328","2026-07-10T07:36:30.5981143Z","f47d677c24e182f6230a0639a623c54733331ddb94c3a39a38a98cbc2a91d616"
"tracked",".github/copilot-performance.md","317","2026-07-10T07:36:30.5981143Z","335d4757f9e5b37a7fef31d2d0dc6979b5cd9106846fcbf221b94957da22f95f"
"tracked",".github/copilot-pr-review.md","428","2026-07-10T07:36:30.5981143Z","85bd6cb84347a55412ff79a88602c799ae7109010e91cba32910cca508b6f123"
"tracked",".github/copilot-security.md","358","2026-07-10T07:36:30.5981143Z","70805e6426c1ce4beefc5cec7ab441d844622eb7929d4ee612110d1445c205bd"
"tracked",".github/workflows/toolutility-tests.yml","2268","2026-07-10T07:36:30.5991142Z","043f1e8c439de6214417a83df30eee8b6d0611bb41f19c1c1e2d94ac556ac135"
"tracked",".gitignore","4718","2026-07-10T07:36:30.5991142Z","4d141b313fd10025ba4e4221da254fd58e3a89b0c21f0ee2bd458172e93b00ca"
"tracked",".opencode/agents/trellis-check.md","3877","2026-07-10T07:36:30.5991142Z","99bf1e3f5200a8f58469d4de74cc67f258ed44c7fd087769f98518d6822fc9c3"
"tracked",".opencode/agents/trellis-implement.md","3715","2026-07-10T07:36:30.5991142Z","b641a0e286b8ba817541c9fc203494b9f4b46b69f9f4cf0bbe9f7d78aa2de333"
"tracked",".opencode/agents/trellis-research.md","4069","2026-07-10T07:36:30.6001145Z","6f12f13a1874c272168d6d28313142b0f3218ef0408ac497589811043753af9f"
"tracked",".opencode/commands/trellis/continue.md","2415","2026-07-10T07:36:30.6001145Z","0387bf21e8676c83fd29fbfe0db5acc24a07e58452ad49948128b122f4017b20"
"tracked",".opencode/commands/trellis/finish-work.md","3491","2026-07-10T07:36:30.6001145Z","36675cf97b8178bf6a7da03d33bcc9fb211e9d5f364dd5b3834236c44b327824"
"tracked",".opencode/lib/session-utils.js","17435","2026-07-10T07:36:30.6013446Z","b5a60eb43a0694b73174d362320798931af419dc41ea3329f28d7c364924fb0a"
"tracked",".opencode/lib/trellis-context.js","11261","2026-07-10T07:36:30.6013446Z","e76bc2ef031d9198e47de17acb2009c043927316801c3f08b56c1f4d1a9f110a"
"tracked",".opencode/package.json","69","2026-07-10T07:36:30.6013446Z","6b6891504581d15dfb7523aae5ac9df0c4a78a862bbd7ee7f7a8d128c5da844c"
"tracked",".opencode/plugins/inject-subagent-context.js","16774","2026-07-10T07:36:30.6013446Z","c099ed8c8206cacad5b109d5a7577797fb331bcc1f35e2f3d5f9266ab96b03f0"
"tracked",".opencode/plugins/inject-workflow-state.js","6114","2026-07-10T07:36:30.6013446Z","815004fabca335a731ca4e650d2f0dec5de0ace130f460c3a7cc0db2783ff12d"
"tracked",".opencode/plugins/session-start.js","3904","2026-07-10T07:36:30.6023448Z","1f0c8940901402117f418923dcfe8da3d76e1d8a19d19fdc147257be4bd15d57"
"tracked",".opencode/skills/trellis-before-dev/SKILL.md","1892","2026-07-10T07:36:30.6023448Z","199d45432ad0a66ee051f2a1fcbd977126984037e4977d87b9c805daa3422fec"
"tracked",".opencode/skills/trellis-brainstorm/SKILL.md","6324","2026-07-10T07:36:30.6033456Z","3073a0ebb23ce5657f04d1f20a71805fd3ec74d3490dd788fb4858fe55094c02"
"tracked",".opencode/skills/trellis-break-loop/SKILL.md","7151","2026-07-10T07:36:30.6033456Z","2452e59334062e5676977377c6e5f7c6d286a343bfc4ca01177ef46df02fc07a"
"tracked",".opencode/skills/trellis-channel/references/command-reference.md","17845","2026-07-10T07:36:30.6033456Z","8004e33542861c6621c8b99d9e33652503f3a6bdd9d19c803bb5a4064a6173c7"
"tracked",".opencode/skills/trellis-channel/references/forum.md","8203","2026-07-10T07:36:30.6043448Z","b642d4d12671751e04284df2482627a01a77316e68b6c53d243b1482925ccc75"
"tracked",".opencode/skills/trellis-channel/references/progress-debugging.md","8721","2026-07-10T07:36:30.6043448Z","e93f1860ede2c46bb7ff6fb7567243b8e42e854b78973f5af3b6de4329995c22"
"tracked",".opencode/skills/trellis-channel/references/workers.md","11427","2026-07-10T07:36:30.6043448Z","39da7671f5ab889958bdbc7cf6968fa50440882acb997976b88fd17ff39c2bce"
"tracked",".opencode/skills/trellis-channel/references/workflows.md","4616","2026-07-10T07:36:30.6043448Z","ebb1b721103b93b2e923ddd96d347ac7e7d7eeff8438bdf38b1fc27a46f8ebe4"
"tracked",".opencode/skills/trellis-channel/SKILL.md","4939","2026-07-10T07:36:30.6033456Z","6d31e55ee8adc2312f365bbab8c4d0b4e66d4f5461e797460a3855b032d3fd0e"
"tracked",".opencode/skills/trellis-check/SKILL.md","2911","2026-07-10T07:36:30.6053448Z","5c260db51826a7217eb71c3f5b1a02ae3a211335d46f6f08dd2a461037bd5656"
"tracked",".opencode/skills/trellis-meta/references/customize-local/add-project-local-conventions.md","2589","2026-07-10T07:36:30.6063445Z","089fbe708369bbac4e9cb7fdaed610b312b29cc1ab771ac8f7f6b43408af42f1"
"tracked",".opencode/skills/trellis-meta/references/customize-local/change-agents.md","2723","2026-07-10T07:36:30.6063445Z","9eaed26ef4e94114ae0b6dd6a0de2b740d76321f1e869197004721eaadb045d8"
"tracked",".opencode/skills/trellis-meta/references/customize-local/change-context-loading.md","3386","2026-07-10T07:36:30.6063445Z","04035e5dcbda3c6304154e663ff35a709d817914317e0dc3ab950dfec7c6e6ba"
"tracked",".opencode/skills/trellis-meta/references/customize-local/change-hooks.md","2369","2026-07-10T07:36:30.6063445Z","787a1d25fdb08ae06f29154b8322ab69da671f22d6e4bb38b0906f4a009961fe"
"tracked",".opencode/skills/trellis-meta/references/customize-local/change-skills-or-commands.md","7077","2026-07-10T07:36:30.6073449Z","f499570fce5d62a600ec8d8826bf12fbf54471fc820005682c7fc2c592a8402e"
"tracked",".opencode/skills/trellis-meta/references/customize-local/change-spec-structure.md","2467","2026-07-10T07:36:30.6073449Z","8c82ae1e03139caac072d46a5cd54aaa0cdfa348fb2e205cbe93e1a5e972fd74"
"tracked",".opencode/skills/trellis-meta/references/customize-local/change-task-lifecycle.md","4682","2026-07-10T07:36:30.6073449Z","de533a68a41fa1e80f569b5c4e1a6c04b76ad372d9e511d3b471835072cef855"
"tracked",".opencode/skills/trellis-meta/references/customize-local/change-workflow.md","4349","2026-07-10T07:36:30.6073449Z","2cc9cd7c5062c648398c090796e4caf68e9ce690a0602482b180e66cd819a05e"
"tracked",".opencode/skills/trellis-meta/references/customize-local/overview.md","2922","2026-07-10T07:36:30.6083449Z","07b6a438e77d80e5735e7825248ed813374167f31018fbe0f67d2bf2bf6a8d8d"
"tracked",".opencode/skills/trellis-meta/references/local-architecture/bundled-skills.md","11680","2026-07-10T07:36:30.6083449Z","26368580731217a38fb0e073a1d95b68ab67077be1f92cc77c29c9cc9f8d296b"
"tracked",".opencode/skills/trellis-meta/references/local-architecture/context-injection.md","4133","2026-07-10T07:36:30.6083449Z","5eb6e756a3fec86af78712fcfcc282393b0c65d3d7575dcbd4001640b555e596"
"tracked",".opencode/skills/trellis-meta/references/local-architecture/generated-files.md","3983","2026-07-10T07:36:30.6083449Z","fabea03153a7b41d0db677e48881682b2289eb2d47aba4d5a81f2113b3a45181"
"tracked",".opencode/skills/trellis-meta/references/local-architecture/multi-agent-channel.md","6854","2026-07-10T07:36:30.6083449Z","b4066fbbea77fcfa7cfd974b2528e332208767101c7def163b69a099df82de26"
"tracked",".opencode/skills/trellis-meta/references/local-architecture/overview.md","3798","2026-07-10T07:36:30.6093446Z","22fd95cb76cddce926caed8cac2425321781f9c7b5680b72e86c0205ff8412ae"
"tracked",".opencode/skills/trellis-meta/references/local-architecture/spec-system.md","3536","2026-07-10T07:36:30.6093446Z","76635be6c17a7215748bc283cfba6ef8acc00ef6128ad52dbb6ba228d6209fc8"
"tracked",".opencode/skills/trellis-meta/references/local-architecture/task-system.md","6234","2026-07-10T07:36:30.6093446Z","262acc2c9698007defcdc95289dc844def7a1a0bcd9390a77c6b42a18228d708"
"tracked",".opencode/skills/trellis-meta/references/local-architecture/workflow.md","3831","2026-07-10T07:36:30.6103455Z","afd32df7503d557ad61ee0c6198c9b9c38a9d27a16df5a2ab97dd25f4f2a2645"
"tracked",".opencode/skills/trellis-meta/references/local-architecture/workspace-memory.md","2835","2026-07-10T07:36:30.6108503Z","9e4f6af739c8b97f53d002ee50043dfc05580512979ab29cbe5d3768f9d9dfc8"
"tracked",".opencode/skills/trellis-meta/references/platform-files/agents.md","3977","2026-07-10T07:36:30.6108503Z","3c8fa6352a4cf263480232f3f545caf6b0dace64b3d177f28ff59f29d33a71a5"
"tracked",".opencode/skills/trellis-meta/references/platform-files/hooks-and-settings.md","4150","2026-07-10T07:36:30.6108503Z","c412080495c1af9096f8b4f976e9afb6f2fd237f23ca5866f8dfeed08ad261a2"
"tracked",".opencode/skills/trellis-meta/references/platform-files/overview.md","3483","2026-07-10T07:36:30.6118565Z","74b4121fff22554d447a53ecbea3721b297739d4c0e1df3a1a6b329936b02ff3"
"tracked",".opencode/skills/trellis-meta/references/platform-files/platform-map.md","5155","2026-07-10T07:36:30.6118565Z","a0f47010afffd84ede0d2e50e61b598197fb70243ddae0202bb889ef8d87ec26"
"tracked",".opencode/skills/trellis-meta/references/platform-files/skills-and-commands.md","4013","2026-07-10T07:36:30.6118565Z","7330d730aa2edac0f8fc94f76eda8ba4d38ca320ad29a10cb265effd2d6e9e44"
"tracked",".opencode/skills/trellis-meta/SKILL.md","12679","2026-07-10T07:36:30.6053448Z","6dbcfad7e3f8f8b3df12abf0bc4ebade138bf2e7b3a73c279cdfb45179175c6c"
"tracked",".opencode/skills/trellis-session-insight/references/cli-quick-reference.md","6899","2026-07-10T07:36:30.6128541Z","ed74b8f6072c3e0df081acff348f30747c227fdce5f477b5b34781537f874fb9"
"tracked",".opencode/skills/trellis-session-insight/references/triggering-patterns.md","4151","2026-07-10T07:36:30.6128541Z","65c14f0d6356ac2fe174b08d1004a9bb218e0e99bb9de27619e842f16300a060"
"tracked",".opencode/skills/trellis-session-insight/SKILL.md","6460","2026-07-10T07:36:30.6128541Z","153afa9df17f44444402cb79978dc4ca92ec53010c902f2f03570a9df8f3da11"
"tracked",".opencode/skills/trellis-spec-bootstrap/references/mcp-setup.md","2856","2026-07-10T07:36:30.6138540Z","324e149a07d5a4b7acf7b162cac466736938d3d2d08147bf139780ee3cfcef97"
"tracked",".opencode/skills/trellis-spec-bootstrap/references/repository-analysis.md","2804","2026-07-10T07:36:30.6138540Z","9e24113607f362e51d64fb9228872bab32790d929d2474aeca1a985ac3a724ee"
"tracked",".opencode/skills/trellis-spec-bootstrap/references/spec-task-planning.md","2292","2026-07-10T07:36:30.6138540Z","976903865d2918fdb07f12df32044eeb8e6a544b4b0e78a911fec7c9283bf436"
"tracked",".opencode/skills/trellis-spec-bootstrap/references/spec-writing.md","2246","2026-07-10T07:36:30.6138540Z","022092cf1e94030bd17232b446f6cbf5c9355915178612419ac6246e95beddf8"
"tracked",".opencode/skills/trellis-spec-bootstrap/SKILL.md","2720","2026-07-10T07:36:30.6128541Z","073887f5db840632d51e2933625965527e42898ff02ade7a028a78385c6eb12c"
"tracked",".opencode/skills/trellis-update-spec/SKILL.md","10410","2026-07-10T07:36:30.6148561Z","82a989ea919fdcb1cf87e9bdf4444c1e5b9018e0e2f5c15e209572432f05b3c8"
"tracked",".serena/.gitignore","8","2026-07-10T07:36:30.6148561Z","56326d749401841d23e69493167468b16e53a4b55837da1d5352a8c697c7599b"
"tracked",".serena/cache/csharp/document_symbols.pkl","6943642","2026-07-10T07:36:30.6328253Z","0060cf8d335c57ac5ea7679f4149d7d733d40f601e5b433bc4bdadebead4ea68"
"tracked",".serena/cache/csharp/raw_document_symbols.pkl","970760","2026-07-10T07:36:30.6375750Z","670fb9f456383c5494088e4985af8ca88c0b3669f5ae326e4b4a9546fa4f6bfb"
"tracked",".serena/project.yml","9210","2026-07-10T07:36:30.6375750Z","ca06026d7dacdbb62bada0bc8c19777ef9c0928a1cbe79153f346a93e3cc109b"
"tracked",".trellis/.gitignore","493","2026-07-10T07:36:30.6375750Z","3d6c16331d7d4b09098fff33208e048f419fa00db42299f19d21542379d5cb44"
"tracked",".trellis/.template-hashes.json","26301","2026-07-10T07:36:30.6385711Z","912217b4d6b38febf636152ea3776753cc06d4bcf37ee55463a217b4e2c4eeaf"
"tracked",".trellis/.version","5","2026-07-10T07:36:30.6385711Z","2368e634a41997fb424fcf3126b6e07f28a4cf3ffbde79c9725766a31d7f3ba8"
"tracked",".trellis/agents/check.md","2607","2026-07-10T07:36:30.6385711Z","03d9f3e45dba629fd659a967c3ef17effba886db527870e4d2fab6930282a8da"
"tracked",".trellis/agents/implement.md","2415","2026-07-10T07:36:30.6385711Z","6da19490fa082e0a65b44764d41a5c29c05bdb74f34e8917f8b04cb193c29550"
"tracked",".trellis/config.yaml","4451","2026-07-10T07:36:30.6385711Z","da6853cbaf5a5e475dd585fd2d1418b9820c4a867d73ca5fda5876f93d74cf86"
"tracked",".trellis/scripts/__init__.py","110","2026-07-10T07:36:30.6400741Z","4371cb0cdd6d3efac5822d54a230f5d4fe7b6d45785aa3d73a9d0d4664f15c46"
"tracked",".trellis/scripts/add_session.py","19111","2026-07-10T07:36:30.6400741Z","df8179ffe83923ef40e221556905776f34837829bbd2824d3b28fd4cf62ebd48"
"tracked",".trellis/scripts/common/__init__.py","2863","2026-07-10T07:36:30.6400741Z","1805ecef04be58b5040f64932a9ed4dcf7198926adaae54a5d9ea99dec599eb2"
"tracked",".trellis/scripts/common/active_task.py","21134","2026-07-10T07:36:30.6410781Z","8b500269871ae875bdb69aaf65d249b1cc35aa68bbf6ba14c7e7bffed7d5fee2"
"tracked",".trellis/scripts/common/cli_adapter.py","29681","2026-07-10T07:36:30.6410781Z","51f0c18f4e0a27f71bbcbc68aec5b2fa88d589f7c81c6dad5d168df57190d20c"
"tracked",".trellis/scripts/common/config.py","14358","2026-07-10T07:36:30.6410781Z","f0ed06000fa65035504bcb3a96267fe78c3290c3431a94d1eab06da77c970e82"
"tracked",".trellis/scripts/common/developer.py","5353","2026-07-10T07:36:30.6410781Z","573686f4e79fb708c260aaf30a24b8701e814de4350e531d2217216ef66019b4"
"tracked",".trellis/scripts/common/git.py","924","2026-07-10T07:36:30.6420775Z","713f9abc6262991391c34ac3ab2e3daea318a6137887362f36727863f98d918e"
"tracked",".trellis/scripts/common/git_context.py","3180","2026-07-10T07:36:30.6420775Z","2d38cf945bc3b929b34c854e869945057a32054055ccc00e4f538e679070868d"
"tracked",".trellis/scripts/common/io.py","946","2026-07-10T07:36:30.6420775Z","13a9b5f87d99b67bae211087a8ff906fdd171b81866854897938a04525fe3eee"
"tracked",".trellis/scripts/common/log.py","1164","2026-07-10T07:36:30.6420775Z","6bc674c028d51a3f0bcce11dc19b25cf905398688ca12416fe5adc6cc75b1041"
"tracked",".trellis/scripts/common/packages_context.py","8106","2026-07-10T07:36:30.6430775Z","4eb92e4f5ba229b1162ea83326b3968f719f318166e30d120ebc1cf32f39ea2f"
"tracked",".trellis/scripts/common/paths.py","12905","2026-07-10T07:36:30.6430775Z","6ecf5e1efa38e8c66b97a4f60f14678e91ee0fb7cfb7685d39af5c5af0ab3093"
"tracked",".trellis/scripts/common/safe_commit.py","11692","2026-07-10T07:36:30.6430775Z","cc36874043caa3a951b4b2dba8426523c86f90ae4ba2d058ad9d0821548de354"
"tracked",".trellis/scripts/common/session_context.py","26852","2026-07-10T07:36:30.6440791Z","8b7b832ce72c801bb823519517fe7e9a96273383ce8dac371a421863b84560ac"
"tracked",".trellis/scripts/common/task_context.py","7295","2026-07-10T07:36:30.6440791Z","b9aa83a82e90d9a5dd5305f8f9847ea4892948b1e26a95afbc2582a13cb2e7c8"
"tracked",".trellis/scripts/common/task_queue.py","5197","2026-07-10T07:36:30.6440791Z","68a047c88a281c6933b2c039abaebba141f3a97245567f0b79fddaaffca9730e"
"tracked",".trellis/scripts/common/task_store.py","27239","2026-07-10T07:36:30.6440791Z","d6cc06ac12e2e96efc54f3e9060f1db9a3e88b29520c7b74f0b1dec6290f5ffa"
"tracked",".trellis/scripts/common/task_utils.py","8919","2026-07-10T07:36:30.6450784Z","3f0b775080e1369fc9e450f4787762dffaab07c0a65019aa8bf781fca1ed18ba"
"tracked",".trellis/scripts/common/tasks.py","3290","2026-07-10T07:36:30.6450784Z","219e7c7f00466ae372123d1932f11bd3c94260b8a5acf12c4cf040c79a075c90"
"tracked",".trellis/scripts/common/trellis_config.py","4080","2026-07-10T07:36:30.6450784Z","2b32010d924237dc269e1066c7a0f00fa4760f6f27c9c45dbb97e390a5ae3f13"
"tracked",".trellis/scripts/common/types.py","3061","2026-07-10T07:36:30.6450784Z","ba596ac3ee9f56a4411d6be507a9bf6ab4063828b7678efa910e243e23fcd182"
"tracked",".trellis/scripts/common/workflow_phase.py","6906","2026-07-10T07:36:30.6450784Z","8e3305e88eec5cc4a81607e6b2181ce38b4e2d04241f5c4ae04e2c7574ae32c5"
"tracked",".trellis/scripts/get_context.py","334","2026-07-10T07:36:30.6460774Z","a41e97de2a456be978f39032870fa20ddaf029e4f8a9e2506708ecdfc2cb6e4a"
"tracked",".trellis/scripts/get_developer.py","472","2026-07-10T07:36:30.6460774Z","748b6102c30647fe2c93caeef632239c1414f066a3cd38f1aa5d7ba7ff16c5eb"
"tracked",".trellis/scripts/hooks/linear_sync.py","7919","2026-07-10T07:36:30.6460774Z","43d1f2b41ed981a24f12704e825ac56aca3b25c22646de303658dff65a98b560"
"tracked",".trellis/scripts/init_developer.py","1105","2026-07-10T07:36:30.6460774Z","2a2a338b50c44d1ae42bd0520de09e0dc1bf186bc955d93f8abf65df90233993"
"tracked",".trellis/scripts/task.py","19188","2026-07-10T07:36:30.6470773Z","c73b3bcf01f211280958665e937717f79457b8fc1bc731d3dfdb10eba338b81b"
"tracked",".trellis/spec/backend/database-guidelines.md","827","2026-07-10T07:36:30.6470773Z","9c736489432506e8a20275ec5aa21eb6273c566eb73168d6505bfaf137dbbfba"
"tracked",".trellis/spec/backend/directory-structure.md","831","2026-07-10T07:36:30.6470773Z","30df2571a30d9c91b569367fc357300b8378b9c5f5cd25d94d7b3968b5c5ba29"
"tracked",".trellis/spec/backend/error-handling.md","771","2026-07-10T07:36:30.6470773Z","9867a6559b4b7753ffc80236ae9100ef8f9a79abd0c0011d97467ec24d2abd2b"
"tracked",".trellis/spec/backend/index.md","1261","2026-07-10T07:36:30.6480775Z","c73f8867dffbae93202455099577d6c8cb1e8d680a9f9bed29c88475fef46614"
"tracked",".trellis/spec/backend/logging-guidelines.md","768","2026-07-10T07:36:30.6480775Z","38c9483f37dc8812cbec2bb22592ef50b7d0b6c5a277b504aa3b2ef238407151"
"tracked",".trellis/spec/backend/quality-guidelines.md","27416","2026-07-10T07:36:30.6480775Z","90d4920a439f0854020ee77e6c6eb1c69edd762cbe8b60d08676432d04ccd64c"
"tracked",".trellis/spec/frontend/component-guidelines.md","937","2026-07-10T07:36:30.6490776Z","b6c7d41486fc3a7b501ecc6c13941c45aac3e99700f7afd63ae4d3f339c0a67b"
"tracked",".trellis/spec/frontend/directory-structure.md","799","2026-07-10T07:36:30.6490776Z","5cfa60d7fcadf249bf979e3b79c6596bf3c2560677ddad28c0e6154a11353b86"
"tracked",".trellis/spec/frontend/hook-guidelines.md","796","2026-07-10T07:36:30.6490776Z","d2db38faf545403386a6a3bfdede30b6f1e139796ccc66fe1ace3ac7c0961cb8"
"tracked",".trellis/spec/frontend/index.md","1357","2026-07-10T07:36:30.6490776Z","da69420eb4aa777a3e21234602d58b2fc5ea117fa330e03c07d73a785e5447a5"
"tracked",".trellis/spec/frontend/quality-guidelines.md","799","2026-07-10T07:36:30.6500775Z","1e9046a97fc85080c9b5dee9b1a738d90ca089714f1dee6a6c055fdedb3c55d5"
"tracked",".trellis/spec/frontend/state-management.md","847","2026-07-10T07:36:30.6500775Z","af4c5531be475477d2b731b8f46051de810f092d519eff9b9f4bc343d3cbcae3"
"tracked",".trellis/spec/frontend/type-safety.md","792","2026-07-10T07:36:30.6500775Z","d0aa0f766e94cfaefc6141d82a03b16a8559ba6545afcf136345c6b07edb2782"
"tracked",".trellis/spec/guides/ccg-external-review-thinking-guide.md","6112","2026-07-10T07:36:30.6512079Z","20072e941fa0e783334668a5f5e9e24d58c8d6c95e59867cd5b646dc5359ff40"
"tracked",".trellis/spec/guides/code-reuse-thinking-guide.md","7604","2026-07-10T07:36:30.6512079Z","21044b97ba03682be2f3a6496ff75ac475211878d065f54823bc784dc6f6d961"
"tracked",".trellis/spec/guides/cross-layer-thinking-guide.md","15306","2026-07-10T07:36:30.6512079Z","0fd2f944c9ab679682fdd5d7f23e90b81df252fb8e0fd28df1d994a6a0f30735"
"tracked",".trellis/spec/guides/index.md","4138","2026-07-10T07:36:30.6512079Z","8d8f2e82f5c0743d6e9ea6628ec564eaff0ae9625837ba418ab21556d42ae8a4"
"tracked",".trellis/tasks/00-bootstrap-guidelines/prd.md","5657","2026-07-10T07:36:30.6524402Z","3aaa9a23de6c477f4dd12453042fd6cd3e63dcfe6b40705a12ec4d7ad7b0b002"
"tracked",".trellis/tasks/00-bootstrap-guidelines/task.json","765","2026-07-10T07:36:30.6524402Z","79435cd624cd61716f64ab2af25f886e9f2fec42be31572b1494463907b94eea"
"tracked",".trellis/tasks/06-25-payment-module-extraction/check.jsonl","254","2026-07-10T07:36:30.6524402Z","b07d08d236963962b98f02165f5c31eaaf15c70072b474458f952f1421887f6b"
"tracked",".trellis/tasks/06-25-payment-module-extraction/design.md","16598","2026-07-10T07:36:30.6534455Z","8d68c23b4665e4e864eb992e873d607ea72b8e56a3e911b3b1f836a801bb9c26"
"tracked",".trellis/tasks/06-25-payment-module-extraction/implement.jsonl","254","2026-07-10T07:36:30.6534455Z","b07d08d236963962b98f02165f5c31eaaf15c70072b474458f952f1421887f6b"
"tracked",".trellis/tasks/06-25-payment-module-extraction/implement.md","6643","2026-07-10T07:36:30.6534455Z","1396b479725f42eb63252fdecdc1e78dcef84ac35f8e366c9526fe1ea00f61ef"
"tracked",".trellis/tasks/06-25-payment-module-extraction/prd.md","8446","2026-07-10T07:36:30.6544437Z","3b18896a066b99cf3529accc77b40ae555e8597cee62aa34fcea2316b4b2d97f"
"tracked",".trellis/tasks/06-25-payment-module-extraction/task.json","907","2026-07-10T07:36:30.6544437Z","eeeb584cef94d7e61a826f151b5d537d847d03035aef9f45a2400717ac4aabb8"
"tracked",".trellis/tasks/06-29-payment-host-integration-layer/check.jsonl","254","2026-07-10T07:36:30.6544437Z","b07d08d236963962b98f02165f5c31eaaf15c70072b474458f952f1421887f6b"
"tracked",".trellis/tasks/06-29-payment-host-integration-layer/design.md","11969","2026-07-10T07:36:30.6544437Z","5935c343acce759e958a8c92f38efb330c123ef3208ec958efc7afa7d008960a"
"tracked",".trellis/tasks/06-29-payment-host-integration-layer/implement.jsonl","254","2026-07-10T07:36:30.6544437Z","b07d08d236963962b98f02165f5c31eaaf15c70072b474458f952f1421887f6b"
"tracked",".trellis/tasks/06-29-payment-host-integration-layer/implement.md","4158","2026-07-10T07:36:30.6554455Z","5f938232c03d91bcae9e2e307968626b95ca18a3b57b3254079ea2103dd352a7"
"tracked",".trellis/tasks/06-29-payment-host-integration-layer/prd.md","6710","2026-07-10T07:36:30.6554455Z","5e828d71b64c52bc479c71d70bc4099c9c2b2eda3b397f9fc85e36a3818f3394"
"tracked",".trellis/tasks/06-29-payment-host-integration-layer/task.json","1210","2026-07-10T07:36:30.6554455Z","6b4fa1a1a79cf08d9387aa4605697a2a89503409a6dba24438155bb48bde39dc"
"tracked",".trellis/workflow.md","37420","2026-07-10T07:36:30.6554455Z","a0f9c562af99664cef49dace3f1ff6a11a506f970d8e302fd9147c4826a434e3"
"tracked",".trellis/workspace/codex/index.md","796","2026-07-10T07:36:30.6576647Z","1bb8c525c2be559a25397cb7157838c5a7c5806cef42441256d80ea136379ad4"
"tracked",".trellis/workspace/codex/journal-1.md","96","2026-07-10T07:36:30.6576647Z","dbaef41650be06e00e6fbe16b75ff3daed62151a577055969d25f8977fcd39b4"
"tracked",".trellis/workspace/index.md","2432","2026-07-10T07:36:30.6576647Z","6209bcfd24f9117c31edb97bbc17ade6b3805b038535041c32c6aed1697456d0"
"tracked",".trellis/workspace/RefactorPament/index.md","805","2026-07-10T07:36:30.6566625Z","44272b5fe3f370cc4c413a1e314987ad544b66bcd73eefd950e40f9061671f5c"
"tracked",".trellis/workspace/RefactorPament/journal-1.md","105","2026-07-10T07:36:30.6566625Z","88c5b1829129864cbca45b322d4f60a11be45571504d422fc46d7c69c0142b2c"
"tracked","AGENTS.md","3725","2026-07-10T07:36:30.6586648Z","134675dbb289a7b4f7a137ba8f7c99f7b8e1638eb400bc67c6a487eb242e688b"
"tracked","ChurchReport.MemberInfo.Tests/ChurchReport.MemberInfo.Tests.csproj","1494","2026-07-10T07:36:30.6586648Z","a7a1ee2b11131399903cedbd54724868f0d5e962804bb311b818b5f5b4799dc6"
"tracked","ChurchReport.MemberInfo.Tests/DefaultAvatarSvgTests.cs","2390","2026-07-10T07:36:30.6586648Z","3a276785e8779f93f4e78eecc0ccb5eec369c58114a5022d48e7684425948013"
"tracked","ChurchReport.MemberInfo.Tests/DonationNavigationAccessResolverTests.cs","2375","2026-07-10T07:36:30.6586648Z","d072a9e60529a0906477b3187ca778c34f962e444b52c33b3bc80df25dfc921d"
"tracked","ChurchReport.MemberInfo.Tests/LineSharedWorkflow/ChurchReportLineAdminNotificationServiceTests.cs","4888","2026-07-10T07:36:30.6586648Z","a9240afffdba71b870b022b3d2becbdbb7c30f7aca7588ca8cdc90accaf7ff59"
"tracked","ChurchReport.MemberInfo.Tests/LineSharedWorkflow/ChurchReportLineBindingNotificationServiceTests.cs","6132","2026-07-10T07:36:30.6601681Z","356d5c9e2c337f1075efa328ed2602bd52134685aaa0b11ac40dfd30ab71fe87"
"tracked","ChurchReport.MemberInfo.Tests/LineSharedWorkflow/LineUtilityClassWorkflowTests.cs","16601","2026-07-10T07:36:30.6601681Z","51024e1521ab3953eaa2fcc19341dfe7c30737ad431366aa4184f2e261e1f850"
"tracked","ChurchReport.MemberInfo.Tests/LineSharedWorkflow/MemberLineProfileWorkflowTests.cs","2198","2026-07-10T07:36:30.6601681Z","7a1250871a3c858324b2968d668addce3305c516b78ad0a56cf2a002f7fb013e"
"tracked","ChurchReport.MemberInfo.Tests/LineSharedWorkflow/PaymentNotificationServiceWorkflowTests.cs","4559","2026-07-10T07:36:30.6601681Z","403afb557f9b6c3f3510e39baecfe25caf40dc53b0024334876a04752b79f816"
"tracked","ChurchReport.MemberInfo.Tests/LineSharedWorkflow/PushUtilityWorkflowTests.cs","22302","2026-07-10T07:36:30.6611723Z","72a6f4db2c45f625568be696b67c2d70ee291d2157d0c36e82ce737cfb39f572"
"tracked","ChurchReport.MemberInfo.Tests/MemberInfoAccessResolverTests.cs","2756","2026-07-10T07:36:30.6611723Z","8faf214b66559bae5fd0a8089929550cd1690a36aaa135b89c98165aa1880660"
"tracked","ChurchReport.MemberInfo.Tests/MemberInfoScopeGuardTests.cs","2979","2026-07-10T07:36:30.6611723Z","0b7f4eff843c2b92c71963c34f46b82edec75a599f545eeb258a415ea5db0c6d"
"tracked","ChurchReport.MemberInfo.Tests/PaymentNotificationRetryKeyTests.cs","3718","2026-07-10T07:36:30.6621720Z","68acc8b7c6da1b87bbbcbd775f07c61034f123c527026d2487cc3e8190968aac"
"tracked","ChurchReport.MemberInfo.Tests/Payments/ChurchReportPaymentContextBuilderTests.cs","5190","2026-07-10T07:36:30.6621720Z","7390212339f03d398d7b86668fdf8c6175a281a01e3ef2618dc0df949c06e6b1"
"tracked","ChurchReport.MemberInfo.Tests/Payments/DonationPaymentCreateGatewayAdapterTests.cs","16848","2026-07-10T07:36:30.6621720Z","a1a88988bbc14451e2d6fc600c13b57bd974df9a5079ef9ab1476cc4ede11486"
"tracked","ChurchReport.MemberInfo.Tests/Payments/DonationPaymentFormModelMapperTests.cs","5442","2026-07-10T07:36:30.6621720Z","90afa8aad87dce550ab934ee044e80c8baaf1588e053b67573d702529102b83d"
"tracked","ChurchReport.MemberInfo.Tests/Payments/DonationPaymentFormModelNamingTests.cs","12183","2026-07-10T07:36:30.6631721Z","30935ea031f18f42c98163dcc76915b6907598c7f0975a946af0b180ea037690"
"tracked","ChurchReport.MemberInfo.Tests/Payments/DonationPaymentManagerNamingTests.cs","2879","2026-07-10T07:36:30.6631721Z","a7d38544261ce526c4447b2a87af2be939e2d5ab94ae7be4f037e50d66d6e15a"
"tracked","ChurchReport.MemberInfo.Tests/Payments/DonationPaymentNamingCompatibilityTests.cs","2624","2026-07-10T07:36:30.6631721Z","ee7ea499285bc82c1030dd6fb22bc903a432eeb5343f28063a6c3e5ed347ff85"
"tracked","ChurchReport.MemberInfo.Tests/Payments/DonationPaymentPostProcessingDependencyTests.cs","2370","2026-07-10T07:36:30.6631721Z","76b31fe97d4abd088a8e25c3f6d8a596bfafe874e817388731dc770edea6df96"
"tracked","ChurchReport.MemberInfo.Tests/Payments/DonationPaymentProcessorGatewayAdapterTests.cs","20628","2026-07-10T07:36:30.6641716Z","8032d31264942989129eee60d4df6592267ce49f28819449f54652768e0caeb0"
"tracked","ChurchReport.MemberInfo.Tests/Payments/DonationPaymentProcessorKeyInNotificationTests.cs","18090","2026-07-10T07:36:30.6641716Z","eea800a8dfcb2d74804d161795e7d8e47ba136f18963161653732faa50cadbca"
"tracked","ChurchReport.MemberInfo.Tests/Payments/DonationPaymentProcessorNamingTests.cs","3960","2026-07-10T07:36:30.6641716Z","3c8bafd5c19bb4dfc6774463d79bbcb0342a1cf0bc078b353acdc5b987d80556"
"tracked","ChurchReport.MemberInfo.Tests/Payments/DonationPaymentReturnPresenterTests.cs","3810","2026-07-10T07:36:30.6641716Z","982b00b74657b54a9213189f86ca6339a8b8e34a0f4992c812616a8588614228"
"tracked","ChurchReport.MemberInfo.Tests/Payments/DonationPaymentReturnProcessorNamingTests.cs","4401","2026-07-10T07:36:30.6651737Z","a46410a0987a09abd3d1e595965932b565bdf5cc116b07ce49fc2b61ee849e6d"
"tracked","ChurchReport.MemberInfo.Tests/Payments/DonationPaymentReturnWorkflowNamingTests.cs","2555","2026-07-10T07:36:30.6651737Z","c4de6c1ea1fc1ab703554421213c0f206d7259a510aa3dd5aef6d38c658c5cd1"
"tracked","ChurchReport.MemberInfo.Tests/Payments/DonationPaymentReturnWorkflowTests.cs","6620","2026-07-10T07:36:30.6651737Z","488b431ebadd0f4dd92760d94f0456cc2625cf5634b1ec531fe30149bc016d3a"
"tracked","ChurchReport.MemberInfo.Tests/Payments/DonationPaymentServiceExtractionTests.cs","14703","2026-07-10T07:36:30.6651737Z","95745068d17ce3dfba928672e03f29f92f175c1ce2287e1760552feba2fb2c8b"
"tracked","ChurchReport.MemberInfo.Tests/Payments/DonationPaymentViewDefaultsTests.cs","6726","2026-07-10T07:36:30.6661720Z","a7f9010f954fdeb1f64bdc86a35d6f50e9e050402dcd169226c80ac1090c213e"
"tracked","ChurchReport.MemberInfo.Tests/Payments/MyPayControllerAdapterTests.cs","6750","2026-07-10T07:36:30.6661720Z","774220ca97b968e7e2244c959e028c9a8d820cf9924489d02d86a1bed9fab381"
"tracked","ChurchReport.MemberInfo.Tests/Payments/PaymentAcknowledgementResultMapperTests.cs","3207","2026-07-10T07:36:30.6661720Z","99ae07aa7eee5de17747bd42aa9d1fe67bae8cf0308b50ad6a0d0b7834a3bdf4"
"tracked","ChurchReport.MemberInfo.Tests/Payments/PaymentHttpRequestMapperTests.cs","3973","2026-07-10T07:36:30.6661720Z","1d20cf2f24763e797ae61847da21f5cd17e696df61dd487bf0a814da7c7695a0"
"tracked","ChurchReport.MemberInfo.Tests/Payments/PaymentMessageBuilderEncodingTests.cs","2661","2026-07-10T07:36:30.6671715Z","aa5a263c9d716a51cac5193de49b491c8499dc872f05885d47ec66503da3058c"
"tracked","ChurchReport.MemberInfo.Tests/Payments/PaymentPostPaymentArchitectureTests.cs","3614","2026-07-10T07:36:30.6671715Z","1db7123dfbb1f6da4b526d397835f9eb2a35a84e1840daa52fb2a7e6a3e02b62"
"tracked","ChurchReport.MemberInfo.Tests/Payments/PaymentPostPaymentWorkflowTests.cs","4605","2026-07-10T07:36:30.6671715Z","aae51d5c9b55c7a299d0f773c1e192ee2f06d28ce3197dea6b7c5e61e84f8194"
"tracked","ChurchReport.MemberInfo.Tests/Payments/PaymentProductServiceNamingTests.cs","3497","2026-07-10T07:36:30.6671715Z","97adbf8e2e7005032e2e40eef869848a390f1966348f068a9ebcb31dc39ca5db"
"tracked","ChurchReport.MemberInfo.Tests/Payments/PaymentReturnControllerTests.cs","9306","2026-07-10T07:36:30.6681714Z","47d53426f9dba9d3b201b12e795289b4098e6042ce028682a6b8ee0beb369c4e"
"tracked","ChurchReport.MemberInfo.Tests/Payments/PaymentWorkflowResultMapperTests.cs","2745","2026-07-10T07:36:30.6681714Z","bd6a3b0865335658feb5fb584bcbc9a84e5f519ea79358db96f78f8c56d6b0bd"
"tracked","ChurchReport.MemberInfo.Tests/Payments/PushUtilityTests.cs","5233","2026-07-10T07:36:30.6681714Z","854ad17f7fd8fefe8d56884fd7be40903e1fa0fca86f6f469e87b3f8b9de4dc6"
"tracked","ChurchReport.MemberInfo.Tests/Payments/TspgControllerAdapterTests.cs","11920","2026-07-10T07:36:30.6681714Z","3ca8cf13971d577e8d125b108a66b1d1a6a6b09f0e21c11b5c6740999d7745fd"
"tracked","ChurchReport.MemberInfo.Tests/ReplyUtilityGroupRoomProfileAdapterTests.cs","12055","2026-07-10T07:36:30.6691723Z","bfb6e0c025ac374f71f9b5d00196ef671080085f0f4566475cdcaa7b34a8fa49"
"tracked","ChurchReport.MemberInfo.Tests/SanityTest.cs","1470","2026-07-10T07:36:30.6691723Z","5024408c091855f731dbf0cc572971862eee566cf00dee340ac5c2796d9f8cc4"
"tracked","ChurchReport.MemberInfo.Tests/Security/GlobalAuthorizationFilterTests.cs","4329","2026-07-10T07:36:30.6691723Z","c2ade6d37d81aadba4f1b646520f256a189ee425959daaffacbcb456b5714c6f"
"tracked","ChurchReport.MemberInfo.Tests/Security/LocalReturnUrlTests.cs","881","2026-07-10T07:36:30.6701724Z","8bde8bf4423b5512353e61e6a271490fc5c6a7554ca9b4df4a4bf7b63bbe1522"
"tracked","ChurchReport.MemberInfo.Tests/Security/LoginClaimsFactoryTests.cs","1854","2026-07-10T07:36:30.6701724Z","eeaccd2f702d6c09a20149438dd9c5d32242f10fdb1847d258daec55dc1375ff"
"tracked","ChurchReport.MemberInfo.Tests/Security/LoginResponseFactoryTests.cs","1299","2026-07-10T07:36:30.6701724Z","b79ea81b055b99e44984618694a14c9f67f929b07482a687b5eb48fccf1adb47"
"tracked","ChurchReport.MemberInfo.Tests/Security/RefererIdentityRemovedTests.cs","628","2026-07-10T07:36:30.6701724Z","aa4b03d1241958abef408bb3fb388c9c946bc8f3ef8de2b1bbd6613736650c17"
"tracked","ChurchReport.MemberInfo.Tests/StaticRequestPathHelperTests.cs","4985","2026-07-10T07:36:30.6711892Z","73e9fe01fcac3be72292f148c204120599bfcbcbb98a57446b384bcb1e59ffe5"
"tracked","ChurchReport.Tests/PerformanceTests/CollectionQueryServiceAsyncTests.cs","14651","2026-07-10T07:36:30.6711892Z","e442f5d1df790e8a17daeda23a142a2937ae45420fef5bc786436f222d37877c"
"tracked","Data8.png","3321","2026-07-10T07:36:30.6721894Z","d876f3f48dfa144d9e9beeb83e5d8400bb877891dddb0e904215cbee4a1d64d7"
"tracked","docs/ccg-dual-model-health-permanent-fix.md","8705","2026-07-10T07:36:32.3315037Z","c0760e11b13e9023ceeaa3504a550f6efa9f3fbb681b8f926779f87d800a8c83"
"tracked","docs/ccg-dual-model-troubleshooting.md","7141","2026-07-10T07:36:32.3315037Z","339dbbde49bf14e23f17544461bb4d27ec93710ee1dc5625c880ba8c186b5ab5"
"tracked","docs/ccg-gemini-claude-review-troubleshooting.md","10303","2026-07-10T07:36:32.3315037Z","6de3b8802c078d29400656ddc6e237b186d191121ac1fc29a20d0b66c6505ec9"
"tracked","docs/Codex_Trellis_CCG_Superpowers_工具架構教學手冊.docx","44998","2026-07-10T07:36:32.3299935Z","15b213d58c4083d99796516b3cd67c7781dfcc4e0dab65306a6a133097de4252"
"tracked","docs/environment-audit-superpowers-trellis-ccg.md","9962","2026-07-10T07:36:32.3325019Z","1cc40539ca80f906048f8ede698c5cb52e0b40feb0896d0304eab01cc4816895"
"tracked","docs/payment-module-extraction-report-zh-TW.md","26621","2026-07-10T07:36:32.3325019Z","f74f74553028ae2dbbbbb4deb2d1a2a244acc715804f727629a352a0b3f3b1ac"
"tracked","docs/payments/qpay-name-migration.md","2225","2026-07-10T07:36:32.3325019Z","6ecb583b2b593444ccf5ae9cc64b181f65dece5c6f1041c010f3739ffa562eb2"
"tracked","docs/Prompt_Template_Library_Render/胡夢嵩自學-Prompt_Template_Library_CCG_Trellis_Superpowers.docx","50664","2026-07-10T07:36:32.3304977Z","3403b82133b7809da755284ace402755e86f710c9e8c3dc5b31b54920eb6363c"
"tracked","docs/reports/2026-07-06-session-leakage-remediation-report.docx","41067","2026-07-10T07:36:32.3335041Z","5fd7c9d3200eb52df9e3df0b9c717cf507493ac978625918ab7dcea78141b115"
"tracked","docs/scripts/Invoke-CcgDualModelWithSelfHealing.ps1","25747","2026-07-10T07:36:32.3345026Z","912f6ea896fe48d19cb469b072ea9f79fa562489bacb971d38ce145e226cd79c"
"tracked","docs/scripts/Start-CcgDualModelRun.ps1","6428","2026-07-10T07:36:32.3345026Z","30924e16001eeb7bd253bcdf8f21ba391edce4810f24a2957ff4f3c94c9f9983"
"tracked","docs/scripts/Test-CcgDualModelHealth.ps1","17724","2026-07-10T07:36:32.3355050Z","fe124587142db7f41db20de633777615e99c94d9b65b1e732013fadfde8ac9d8"
"tracked","docs/Subagent_Goal_保母級教學手冊.docx","8494","2026-07-10T07:36:32.3315037Z","95678ed8b8f4923690110fd55f2eeeca7a53ad557702b3fff3dbb3bdfbadf07b"
"tracked","docs/superpowers/2026-07-02-line-sdk-next-steps-handoff.md","6828","2026-07-10T07:36:32.3355050Z","d948c5ba81dd8e2592fb0592c9b51c17493298ecacd9afd73ccb7836e987272e"
"tracked","docs/superpowers/plans/2026-06-11-member-info-feature.md","67156","2026-07-10T07:36:32.3375022Z","70b5d05b247409dc4efc4549f9f2282341fc9469d40f737aa272416da1ec406e"
"tracked","docs/superpowers/plans/2026-06-11-member-info-feature-codex-rewrite.md","26668","2026-07-10T07:36:32.3365027Z","9852e553cdc7ce9e13ac417c5a95c5d4f1b8f38c9c0ab98d16d6e8af545d765a"
"tracked","docs/superpowers/plans/2026-06-11-member-info-feature-final.md","63096","2026-07-10T07:36:32.3365027Z","04292634ce80e02893b071c55095e8fdb337fad1f7dc594ee9c77b48001fb4ec"
"tracked","docs/superpowers/plans/2026-06-25-payment-module-extraction.md","57681","2026-07-10T07:36:32.3385027Z","e075c1e95bd6a8654ea50ca7cabb6199e6716ee0f00c967df42eca472ac17265"
"tracked","docs/superpowers/plans/2026-06-29-neutralize-qpay-product-workflow-names.md","45674","2026-07-10T07:36:32.3385027Z","e0936bc7cf92c730cdd8b9c05c7493af963f75b5d6c71b386ffecff001893b79"
"tracked","docs/superpowers/plans/2026-06-29-payment-host-integration-layer.md","29577","2026-07-10T07:36:32.3385027Z","20001ea577685944b9fbc0102fe39b57b47b6d9d937e13720787d6e54c38ce93"
"tracked","docs/superpowers/plans/2026-06-30-payment-post-processing-workflow-unification.md","46211","2026-07-10T07:36:32.3385027Z","bbe5a8f03da13c24bf2eb68f829e3541e67c24daab48d441c078e75f666cb702"
"tracked","docs/superpowers/plans/2026-07-01-donation-payment-manager-service-split.md","10659","2026-07-10T07:36:32.3402719Z","91231d41b3e0c3d51b4a89cc66488ca279551893b8d0653257ef9fa80ec1a9b4"
"tracked","docs/superpowers/plans/2026-07-01-neutral-payment-dto-and-qpay-name-containment.md","63834","2026-07-10T07:36:32.3402719Z","9d5541bab0e3f2f5bc8dd7eec06a032b4d8f459e7680eaab3b862f13bd4828c6"
"tracked","docs/superpowers/plans/2026-07-02-line-group-room-profile-adapter.md","4987","2026-07-10T07:36:32.3412761Z","e8f0d0c3187c42f616f358ff81408a6b4a96cafda655dbe1fce35da0d354c839"
"tracked","docs/superpowers/plans/2026-07-02-line-identity-profile-adapter.md","17162","2026-07-10T07:36:32.3412761Z","497eb067d0e47ca13c664b2eab827161c4683a61720b52b310ea21a6fcf30e04"
"tracked","docs/superpowers/plans/2026-07-02-line-messaging-api-official-matrix.md","25426","2026-07-10T07:36:32.3412761Z","534f9ca93294cb410b06eb4a2e06c29a09537bd477f03d9264775615b14500f1"
"tracked","docs/superpowers/plans/2026-07-02-line-messaging-sdk-p0-fixes.md","35399","2026-07-10T07:36:32.3422769Z","ba06f097782db234ecc95635e3bc443a920489c3d3fd50ea8cdd2a620521a444"
"tracked","docs/superpowers/plans/2026-07-02-line-processor-sdk-backed-send-message.md","2469","2026-07-10T07:36:32.3422769Z","7831106c7de7e075509a0570b62e834b06b219d9e9368cbe1176069ab6e41892"
"tracked","docs/superpowers/plans/2026-07-02-line-reliable-notification-adapter.md","25055","2026-07-10T07:36:32.3422769Z","5c381919f953cc26a32c14580c1de2ad20362c1c545a888c5408e53d22655c07"
"tracked","docs/superpowers/plans/2026-07-02-line-sdk-next-after-p1.md","2623","2026-07-10T07:36:32.3432766Z","8771b9e592b4c4a67f44e8e2a4bdeebeaa34de1bed02d23b11dede839f5bbfd0"
"tracked","docs/superpowers/plans/2026-07-02-line-sdk-p1-reliable-notification-boundary.md","15832","2026-07-10T07:36:32.3432766Z","05416235c716a037823406932b6011dece0d99621c6f5b593600259d619a7d55"
"tracked","docs/superpowers/plans/2026-07-03-line-churchreport-callsite-convergence.md","14796","2026-07-10T07:36:32.3432766Z","b8f086dd8ebf40b1005e0cc196c56bda807d1c9824302f075c76482e0d41cf0d"
"tracked","docs/superpowers/plans/2026-07-03-line-product-friendly-message-api.md","8270","2026-07-10T07:36:32.3432766Z","6929e9e35e719b55530b5afa82728087567ed647c4f2771e06f466a24c6ace20"
"tracked","docs/superpowers/plans/2026-07-03-line-shared-workflow-extraction-phase2.md","46790","2026-07-10T07:36:32.3442793Z","08e684b014d9dbc5a57aa56c0709b6a22ee2f4e024f849f22f9f6fb993500f60"
"tracked","docs/superpowers/plans/2026-07-03-reply-utility-group-room-profile-adapter.md","16724","2026-07-10T07:36:32.3442793Z","e0b19a5732df6289599f85c9eb51bcb77428c7094c094580c10fe321d6d272c3"
"tracked","docs/superpowers/plans/2026-07-06-session-leakage-complete-fix.md","60246","2026-07-10T07:36:32.3452776Z","7947684d34c2c70dbb0a771f629606feccfb6b03e024b27040422cec2c71298e"
"tracked","docs/superpowers/plans/2026-07-06-speech-message-products-repo-migration.md","17219","2026-07-10T07:36:32.3452776Z","d195268e41ff8c63ff53493b9d4795db557e39808a932cbcde0c16dfd7a68adb"
"tracked","docs/superpowers/reports/2026-07-03-line-refactor-progress-and-integration.md","9096","2026-07-10T07:36:32.3452776Z","b636e6b5e55405b687b6c72bab6fd512030e26b5cc0a195ec0b4705eb02ebaec"
"tracked","docs/superpowers/reports/2026-07-04-line-richmenu-shared-orchestrator-implementation-report.md","12569","2026-07-10T07:36:32.3462778Z","4eca8101547ca346de5dd997a1e633f9da3fd59b1f2ccfb0551f75d8915fb094"
"tracked","docs/superpowers/specs/2026-06-11-member-info-feature-design.md","11395","2026-07-10T07:36:32.3462778Z","c7a55aa69117d4d3854c75042d1f5cfdf4af29c566346cf82bd5fd9cd91c2247"
"tracked","docs/superpowers/specs/2026-06-25-payment-module-extraction-design.md","16598","2026-07-10T07:36:32.3462778Z","8d68c23b4665e4e864eb992e873d607ea72b8e56a3e911b3b1f836a801bb9c26"
"tracked","docs/superpowers/specs/2026-06-29-payment-host-integration-layer-design.md","7201","2026-07-10T07:36:32.3472777Z","223b4561d9807c20bf292b5f0968bf9d8d921dff370e1b189b93679f66ab16ab"
"tracked","docs/superpowers/specs/2026-07-02-line-group-room-profile-adapter-design.md","3520","2026-07-10T07:36:32.3472777Z","216d22290d3f57fa54c7b518873f7e9ecc7e45935c7e33b64d60a95f6555bf50"
"tracked","docs/superpowers/specs/2026-07-02-line-identity-profile-adapter-design.md","6690","2026-07-10T07:36:32.3472777Z","7cc51352abd35cd65b02034cff1a485673f2b75247717e6e9c8e698d87a690cc"
"tracked","docs/superpowers/specs/2026-07-02-line-messaging-api-official-matrix-design.md","9565","2026-07-10T07:36:32.3472777Z","5d39b2cd0d4b300702dd8fc00cfff64f70787a69b0fe758e39e19c669397f6a2"
"tracked","docs/superpowers/specs/2026-07-02-line-p1-closeout-next-slices.md","7693","2026-07-10T07:36:32.3482780Z","e6b2e70da2722192626f95f48987c5c5f74debb34a953b585e83edea55b2bdc4"
"tracked","docs/superpowers/specs/2026-07-02-line-reliable-notification-adapter-design.md","7591","2026-07-10T07:36:32.3482780Z","5fbfb4c901426229cc154b3cc9f3a619e9db1bf06da88bcac1960cb799a1a9cc"
"tracked","docs/superpowers/specs/2026-07-02-line-sdk-p1-reliable-notification-boundary-design.md","5494","2026-07-10T07:36:32.3482780Z","bdd844f81d4b7a8be4ddf6fc401cf788a2ca21f109aa9bd64eae0ede5c399657"
"tracked","docs/superpowers/specs/2026-07-03-line-churchreport-callsite-convergence-design.md","5552","2026-07-10T07:36:32.3492770Z","30abb3d53ab130b7e45d52ff56a045a58ce3343ac5f1157fbfef04a51ba6ae42"
"tracked","docs/superpowers/specs/2026-07-03-line-product-friendly-message-api-design.md","4647","2026-07-10T07:36:32.3492770Z","88d3d26d7785db1a7e26f9fc5c04fa2fe208f257098b41496ec4456c5adec44c"
"tracked","docs/superpowers/specs/2026-07-03-line-rich-menu-architecture-design.md","19076","2026-07-10T07:36:32.3492770Z","8a8caee41c2ff4eb247b47ca868cca59722a6e9abb3627739b8080deef99d03b"
"tracked","docs/superpowers/specs/2026-07-03-line-shared-extraction-design.md","10473","2026-07-10T07:36:32.3492770Z","8861049f7deaabbdb52162e0124ea67f301dd937a3cf4314f38b9be91afebecd"
"tracked","docs/superpowers/specs/2026-07-03-reply-utility-group-room-profile-adapter-design.md","4612","2026-07-10T07:36:32.3502772Z","02a571f0f3d9b777b260406e5dece04f7472fa24ffcd913cc659bf1cb017c333"
"tracked","docs/superpowers/specs/2026-07-06-speech-message-products-repo-migration-design.md","7412","2026-07-10T07:36:32.3502772Z","0db7d2afd31c5415797be0ca07d01cd07711c8cbb748ecf937a23aec533b4b56"
"tracked","Line.Messaging.Tests/Line.Messaging.Tests.csproj","1328","2026-07-10T07:36:30.6721894Z","21a434fa8b04119b848470847a338ccd1193c920e6efeb2dd6d3a3ad04879501"
"tracked","Line.Messaging.Tests/LineMessageModelTests.cs","2064","2026-07-10T07:36:30.6721894Z","06f10fbe7ec06795bd996a70cfdc3431671754acdbbcbfaf090c466d64ddf656"
"tracked","Line.Messaging.Tests/LineMessagingClientP0EndpointTests.cs","16163","2026-07-10T07:36:30.6731897Z","279f6a9f8b3a649e85211bac618bb573d23daef123ab84f5295ddf3e3e6df553"
"tracked","Line.Messaging.Tests/LineMessagingClientP1RetryKeyTests.cs","7394","2026-07-10T07:36:30.6731897Z","019e7822d9df9e70892957b69c1ddee5c951dfd6c74cc1fcc94a327471453dfb"
"tracked","Line.Messaging.Tests/LineMessagingProcessorCredentialTests.cs","4777","2026-07-10T07:36:30.6731897Z","9008e59909b1af3350d6c642e9f55f0d128ab05310c49baebf851b9bc9c77963"
"tracked","Line.Messaging/ContentStream.cs","8946","2026-07-10T07:36:30.6741898Z","fc7539d074c6446ae6c037ff664cc9d10f50dba9dcfaebd4deb1b5e2537b7fe0"
"tracked","Line.Messaging/Exceptions/ErrorResponseMessage.cs","2719","2026-07-10T07:36:30.6741898Z","f317262e0df412b01358db3bf66d0c1f1843b61e6331f9fd49d3c08fd758a2a2"
"tracked","Line.Messaging/Exceptions/InvalidSignatureException.cs","1889","2026-07-10T07:36:30.6741898Z","8519a21d65ed450cc8f69c11fe3e23f4ae15ba8022745e909ffb16bc770dc65b"
"tracked","Line.Messaging/Exceptions/LineResponseException.cs","2246","2026-07-10T07:36:30.6741898Z","8dbe7243bd808cb50d7fed8789a9f2358a60d90d770ff9e89ec5610bc32521aa"
"tracked","Line.Messaging/Exceptions/UserIdMismatchException.cs","1877","2026-07-10T07:36:30.6751892Z","c4466d3ee4c211f60401cdfb41cb1aa3983bacfcf805841259996cc524a62092"
"tracked","Line.Messaging/HttpResponseMessageExtensions.cs","2692","2026-07-10T07:36:30.6751892Z","1bba7f90e2f67e009a134b2ed474613825162bda6ace54a78e079231abab416f"
"tracked","Line.Messaging/ILineMessagingClient.cs","48425","2026-07-10T07:36:30.6751892Z","04ab8f4ab520983b96cc09ae71116ccf5722809e6f3be18907da8c38a1be4795"
"tracked","Line.Messaging/Json/CamelCaseJsonSerializerSettings.cs","1967","2026-07-10T07:36:30.6761890Z","bf160944d4aff5964b51fba5052b2272f06c7d0580ffbed38804f1ffb02d3b03"
"tracked","Line.Messaging/Json/CustomStringEnumConverter.cs","2966","2026-07-10T07:36:30.6761890Z","158cec14bfe63ca28d7be8103a779b48fff3426981e9aa570dec0cc3efc4e810"
"tracked","Line.Messaging/Json/ToStringJsonConverter.cs","2105","2026-07-10T07:36:30.6761890Z","c63dbb859d594139e112f66c41d17fff3d96b9cd7cf18bcfbc3232e556eea23c"
"tracked","Line.Messaging/Liff/LiffApp.cs","1603","2026-07-10T07:36:30.6771903Z","75c0196a3415b352cb516ea3c6c7efdbfebafde066f3a6447dc23b98fc46e311"
"tracked","Line.Messaging/Liff/LiffClient.cs","6814","2026-07-10T07:36:30.6771903Z","dcc154628a42909ecdd0aca47b5cd7cec3ed837048857fe2687a5120c63972bc"
"tracked","Line.Messaging/Liff/View.cs","2241","2026-07-10T07:36:30.6771903Z","6e3e4aca8d526fd03d4437db54959594db99e33e661166c31c08003da62d0c0b"
"tracked","Line.Messaging/Liff/ViewType.cs","2161","2026-07-10T07:36:30.6771903Z","f7468205a385997a27f6311fe42eaf4bb94b3e9fcb61cabc60d8b83450ea0a30"
"tracked","Line.Messaging/Line.Messaging.csproj","2350","2026-07-10T07:36:30.6781894Z","e8c65121b19e7ddaecccbf7be808d4b70bf97094389d1dea3ef6da8ff1260d4c"
"tracked","Line.Messaging/Line.Messaging_Net10.csproj","2347","2026-07-10T07:36:30.6781894Z","52ff32048af30ab99f575558c732bc0eb84479e989d2ae0e466f6269123681ab"
"tracked","Line.Messaging/LineMessagingClient.cs","134375","2026-07-10T07:36:30.6781894Z","1191437006642ea1fc72910a8512451f8d01b285ff07f8ca338467f6ec51c881"
"tracked","Line.Messaging/LineObjects/Audience.cs","9986","2026-07-10T07:36:30.6791887Z","b3345e5a0c3b38c55512fed2f52302a3f3dd0815f3a5075a10fbf622750dd399"
"tracked","Line.Messaging/LineObjects/BotInfo.cs","3187","2026-07-10T07:36:30.6791887Z","17488de98a2eb0c2b396d62faaff677dcc9959816431a84a4fb764804dfc8ac1"
"tracked","Line.Messaging/LineObjects/ChannelAccessToken.cs","4463","2026-07-10T07:36:30.6791887Z","6a06fc8b950cc8b956a00d75e0c5f3ab389dfeffc9ad2a3d5b347fc3a7d73c61"
"tracked","Line.Messaging/LineObjects/CouponAndMembership.cs","9449","2026-07-10T07:36:30.6791887Z","01090b058a54b4a2ac9f6ac855163faaa27f974cad2d6a4e7a0dfa7ede0df50d"
"tracked","Line.Messaging/LineObjects/GroupSummary.cs","2065","2026-07-10T07:36:30.6791887Z","14ce57776a3f632ef76aca662e5a3970ba6cee793055ecb87beaf1e3332cb86b"
"tracked","Line.Messaging/LineObjects/ImagemapSize.cs","2405","2026-07-10T07:36:30.6801893Z","8d67abd70d94094a487ddef53e8d7a89402d387048d76001d17f83e9ae6e78b0"
"tracked","Line.Messaging/LineObjects/Insights.cs","13866","2026-07-10T07:36:30.6801893Z","549607dc2ba45b3bff0658155d8062fbbc2e4c090aa4f52ace8ac3c22085f21a"
"tracked","Line.Messaging/LineObjects/MemberCount.cs","1756","2026-07-10T07:36:30.6801893Z","b999e31c8c4ec6d08d2c51d58d0b665800e427b0dddbaed435eb4a99c9ba3350"
"tracked","Line.Messaging/LineObjects/MemberIds.cs","1846","2026-07-10T07:36:30.6801893Z","55ead968a7d993b7c4ac78382cb04473306824590d55b024212cb675ed64856f"
"tracked","Line.Messaging/LineObjects/MessageQuota.cs","2855","2026-07-10T07:36:30.6812026Z","6e2df0f54ad418be5019d8204927479db893a4463b5f99f16bac71c86ade7a2d"
"tracked","Line.Messaging/LineObjects/NarrowcastProgress.cs","3929","2026-07-10T07:36:30.6812026Z","232e77ad5d896d64f0a33942573bfa90df1e172f9634319da336cce1be55a2b5"
"tracked","Line.Messaging/LineObjects/NumberOfMessages.cs","2428","2026-07-10T07:36:30.6812026Z","10559ae81185d67614ac5b22262a6de28ff632b76cad792d5561c940821d6b27"
"tracked","Line.Messaging/LineObjects/NumberOfSentMessagesStatus.cs","1615","2026-07-10T07:36:30.6812026Z","648e1eac1d31f5d7729331d25d241c9d2810ab1b08d90f4d4ace7b443b3999bc"
"tracked","Line.Messaging/LineObjects/UserIdList.cs","1518","2026-07-10T07:36:30.6822022Z","9b21e2aae959a3f619fae1dd15d4532f7709deaab1d75814d59edefcf2420582"
"tracked","Line.Messaging/LineObjects/UserProfile.cs","2067","2026-07-10T07:36:30.6822022Z","d680d88b9591b27c799b63ec51c396aef76bdfe52576751d93fda39f94d74c66"
"tracked","Line.Messaging/LineObjects/WebhookEndpoint.cs","1878","2026-07-10T07:36:30.6822022Z","dd749b3174599d6e783398de2df020e3b9ea1407f02f827937005f43750457b3"
"tracked","Line.Messaging/LineObjects/WebhookTestResult.cs","2565","2026-07-10T07:36:30.6822022Z","5c8bedbaaf4ffd3398ce50fe98e700e19adf5c0d6a36bd48af7318956d9b1baa"
"tracked","Line.Messaging/LineSchemeUrl.cs","49946","2026-07-10T07:36:30.6832020Z","e656fe2b18e809aa68bf6fb49605fea07564c677b56966fd7865edb8608b358f"
"tracked","Line.Messaging/Messages/Action/CameraRollTemplateAction.cs","2254","2026-07-10T07:36:30.6832020Z","26adcec093a52c8ae5294ec444ef2c4599cec6013b2a320f1afb9f2cefdfc408"
"tracked","Line.Messaging/Messages/Action/CameraTemplateAction.cs","2216","2026-07-10T07:36:30.6832020Z","ca4577fcf6b93017b10b0f8b72a1fd57c53eecec6ddfab706b41af1cabcb8188"
"tracked","Line.Messaging/Messages/Action/ClipboardTemplateAction.cs","2940","2026-07-10T07:36:30.6842013Z","ea502626212224ef9bb9da8229a7515818233348e04d436f7b962ac1466081e1"
"tracked","Line.Messaging/Messages/Action/DateTimePickerMode.cs","1585","2026-07-10T07:36:30.6842013Z","969bd92ee884b41943f7692c7e180f9b890a5ed7bde2d88d7c9888a20fda6ae7"
"tracked","Line.Messaging/Messages/Action/DateTimePickerTemplateAction.cs","8342","2026-07-10T07:36:30.6842013Z","44ed42c3c094bbc9fa9f545034a3a12d97640150544fbc5a645efb3be5fa5a01"
"tracked","Line.Messaging/Messages/Action/LocationTemplateAction.cs","2234","2026-07-10T07:36:30.6842013Z","88ddc1e119200e79e75803b5d0817ebe72c582c7da9dbe1f27492e92d4dd0b79"
"tracked","Line.Messaging/Messages/Action/MessageTemplateAction.cs","3437","2026-07-10T07:36:30.6842013Z","7fc2329a6a50eec210669d94f1c91e9059e5a9c1fe64151ee417d8590d8bebff"
"tracked","Line.Messaging/Messages/Action/PostbackTemplateAction.cs","5533","2026-07-10T07:36:30.6852016Z","d47e9c399d4e54342b9edc0e10f89cde0f4e7ee9a72baf3195f18b10653a5a6a"
"tracked","Line.Messaging/Messages/Action/RichMenuSwitchTemplateAction.cs","4283","2026-07-10T07:36:30.6852016Z","b57250b57b7a55b30a3778a66c5b928c288162e986b9055245fe1b60482b4ea2"
"tracked","Line.Messaging/Messages/Action/TemplateActionType.cs","2677","2026-07-10T07:36:30.6852016Z","0371c893ed92560050b0b94f39d377e34761b151cda160680f75dec049616708"
"tracked","Line.Messaging/Messages/Action/UriTemplateAction.cs","5002","2026-07-10T07:36:30.6852016Z","a0ef1797a9f5457ffc20d9a250ddaa0606089582f4cea2e30013e165325c9900"
"tracked","Line.Messaging/Messages/AudioMessage.cs","2905","2026-07-10T07:36:30.6862011Z","ecdc1851ea29b544c31809b214b50ca889fc628d698f2dd89b66f0cd272bc4f0"
"tracked","Line.Messaging/Messages/CouponMessage.cs","2372","2026-07-10T07:36:30.6862011Z","641a91bc8c03b8980e9bb9509248add2e2d6fcec54af33c99a507a8992cd5c68"
"tracked","Line.Messaging/Messages/Flex/BubbleContainer.cs","2971","2026-07-10T07:36:30.6862011Z","31c157ea089815fbd8dcbec705453dc6698a0f30c9685492b770bc1181f46ac8"
"tracked","Line.Messaging/Messages/Flex/CarouselContainer.cs","1811","2026-07-10T07:36:30.6862011Z","49bc602169a9c449aae8653ba61662c990790e6fb776c1d29b77581ffc29e09b"
"tracked","Line.Messaging/Messages/Flex/Component/BoxComponent.cs","4931","2026-07-10T07:36:30.6872015Z","5e85746d6f213cef2c944f5c3b1dd8d2ffdd8aa1b0e8ffde204f4a345f01ee99"
"tracked","Line.Messaging/Messages/Flex/Component/ButtonComponent.cs","4870","2026-07-10T07:36:30.6872015Z","a33c63a9d7371ddb7e51b99210fd125429ece37c222dfd0a435567bad78e4aa8"
"tracked","Line.Messaging/Messages/Flex/Component/FillerComponent.cs","1775","2026-07-10T07:36:30.6872015Z","ee30af4df40ba8d78ffc18b588b085559c848ae94c626cf1d50b02a89a222fa1"
"tracked","Line.Messaging/Messages/Flex/Component/FlexComponentType.cs","1704","2026-07-10T07:36:30.6872015Z","b512f35500e12f933c3c831b971a60d7cae0d72cefeb91864a4d77b773b215ad"
"tracked","Line.Messaging/Messages/Flex/Component/IconComponent.cs","4007","2026-07-10T07:36:30.6882009Z","0720d8eed638164b4a5d424b3e80642b21a206bf0e5a49f5b77b63f3d945d37d"
"tracked","Line.Messaging/Messages/Flex/Component/IFlexComponent.cs","1615","2026-07-10T07:36:30.6872015Z","dfb9730a98a8bc95ac862f9e9139ab85d2f8ea79beaac52ede58eee18067eb61"
"tracked","Line.Messaging/Messages/Flex/Component/ImageComponent.cs","6530","2026-07-10T07:36:30.6882009Z","aa02a08f92d518a3a5f9e3f19411fbbfce6ba6a6532faa5fbf44071a79c92f31"
"tracked","Line.Messaging/Messages/Flex/Component/SeparatorComponent.cs","2500","2026-07-10T07:36:30.6882009Z","7bf3dc72e96b7cc82f6199261644319f49589ff787e6ced928e1243ef448b2ac"
"tracked","Line.Messaging/Messages/Flex/Component/SpacerComponent.cs","2465","2026-07-10T07:36:30.6882009Z","a1191f62b5909827fed4e15ad61078349ae0dc4aeca1ddd33810e3858b8de0e9"
"tracked","Line.Messaging/Messages/Flex/Component/TextComponent.cs","6033","2026-07-10T07:36:30.6882009Z","4e34476bda2296d8afe1279dfa998310e965d2be0f778624094609f0870214d9"
"tracked","Line.Messaging/Messages/Flex/Extensions/BoxComponentEntensions.cs","1918","2026-07-10T07:36:30.6892010Z","118208ffccb1d7603d6240ed521083a2303b6ddea783390ce5f9c0ff29956c69"
"tracked","Line.Messaging/Messages/Flex/Extensions/BubbleContainerEntensions.cs","19069","2026-07-10T07:36:30.6895124Z","100b77e0a8bbe886caed4ecd2ed58cc580e0b6246556af873ebd7792fe84d018"
"tracked","Line.Messaging/Messages/Flex/Extensions/BubbleContainerFlexMessages.cs","2556","2026-07-10T07:36:30.6895124Z","6199fddaf62e7c7d46ef0165ae82587d2ec9b3d6779339779f872f2c81ef1e29"
"tracked","Line.Messaging/Messages/Flex/Extensions/CarouselContainerFlexMessges.cs","2696","2026-07-10T07:36:30.6900156Z","30b0c164147b72b9ac3d45ec9fb4b5ff17a82a4d33adccc7e16afd2dea9c24a5"
"tracked","Line.Messaging/Messages/Flex/IFlexContainer.cs","1605","2026-07-10T07:36:30.6900156Z","6c6c5cf0ad503ea74b1628653fc61eabdb20209e58ffc4e6e7adaac26599d04b"
"tracked","Line.Messaging/Messages/Flex/ParameterTypes/Align.cs","1588","2026-07-10T07:36:30.6900156Z","f7993162148a8628a8eb2708ae1b38432033b9df5173de0c7aaa6a9689745369"
"tracked","Line.Messaging/Messages/Flex/ParameterTypes/AltUri.cs","1542","2026-07-10T07:36:30.6910205Z","40bb2fafe3f47d1ba892931dc0bef67391b9865a7e96e48dae63e65d77e0a73d"
"tracked","Line.Messaging/Messages/Flex/ParameterTypes/AspectMode.cs","1587","2026-07-10T07:36:30.6910205Z","d8f93a026fc1bcd6f73c26c73bcb9fe44e8a5683d598c85b35cb37bcd7c58bb0"
"tracked","Line.Messaging/Messages/Flex/ParameterTypes/AspectRatio.cs","4337","2026-07-10T07:36:30.6910205Z","6ff1e8745ac15b1f687ecc4d918899e3b3fa96c2b6a5da55dcdcb54713b990d5"
"tracked","Line.Messaging/Messages/Flex/ParameterTypes/BoxLayout.cs","2198","2026-07-10T07:36:30.6910205Z","fc0eb41062e5858da7cbe80891fdc06609f867079463bb6427721cbca67c7f89"
"tracked","Line.Messaging/Messages/Flex/ParameterTypes/ButtonHeight.cs","1589","2026-07-10T07:36:30.6920191Z","6578f0aebdffcaddc0cb741ce1bc7255ca3f775018f9baabf25316bb9e155b03"
"tracked","Line.Messaging/Messages/Flex/ParameterTypes/ButtonStyle.cs","1613","2026-07-10T07:36:30.6920191Z","a09557a9f409fb2efc15761857bc313d01af3b28d500b370e69854f1d20c08dd"
"tracked","Line.Messaging/Messages/Flex/ParameterTypes/ColorCode.cs","9275","2026-07-10T07:36:30.6920191Z","4f1c03d1a53442252f9d574476a597bca1d2c6d3965c3db0dee40a21cab70021"
"tracked","Line.Messaging/Messages/Flex/ParameterTypes/ComponentDirection.cs","1609","2026-07-10T07:36:30.6920191Z","0c43ccfe6288f3e4e5223ecf74bdafd996bd0d0b2b3a1209b603470d3b3c5b92"
"tracked","Line.Messaging/Messages/Flex/ParameterTypes/ComponentSize.cs","2199","2026-07-10T07:36:30.6930198Z","b7328297c82002bf60c06733e1c1e77eefa86dc4e0395ef6719ceb9bf183bd0f"
"tracked","Line.Messaging/Messages/Flex/ParameterTypes/FlexContainerType.cs","1613","2026-07-10T07:36:30.6930198Z","80d1f8f8664adaff19915b706ef1fae7a0c0c13bec6b5f4a46879613b551b155"
"tracked","Line.Messaging/Messages/Flex/ParameterTypes/Gravity.cs","1595","2026-07-10T07:36:30.6930198Z","de701a8ba6816610411b80b3599b216f008d10f5d7130bd10f4357c4823c1280"
"tracked","Line.Messaging/Messages/Flex/ParameterTypes/Spacing.cs","1642","2026-07-10T07:36:30.6930198Z","1fa4aac9707965283788155e6981eddd4b72c40cd99aee90b0d45783b5fef791"
"tracked","Line.Messaging/Messages/Flex/ParameterTypes/Weight.cs","1577","2026-07-10T07:36:30.6930198Z","14e120701e8a158003f9a1bbd0da2cf3a45b7e5443877462e1ece7c9931aeebf"
"tracked","Line.Messaging/Messages/Flex/Style/BoxStyle.cs","2296","2026-07-10T07:36:30.6940199Z","9c2fa3493bb88dfea08d1cbd867defe01fe39a8e330d56a3c84a8cdda47a0dc3"
"tracked","Line.Messaging/Messages/Flex/Style/BubbleStyles.cs","2243","2026-07-10T07:36:30.6940199Z","e1b5d2db288f2c29dd3cbcdeda106edc0653695e8b6195533c328c604af66236"
"tracked","Line.Messaging/Messages/FlexMessage.cs","3075","2026-07-10T07:36:30.6940199Z","74f207a72479988a216ca20ba54fa6e8ddca735b7154dfd31a97edf05260bfcd"
"tracked","Line.Messaging/Messages/Imagemap/ExternalLink.cs","2322","2026-07-10T07:36:30.6950197Z","9077e0fd682baf29a6a6ab6285fc4057f5dd77aab2a499e0da6300ba0f7893c9"
"tracked","Line.Messaging/Messages/Imagemap/IImagemapAction.cs","1618","2026-07-10T07:36:30.6950197Z","dbbb94b2734ed177a6e5461701c400884dc9d5ec6061be56a5d682e0d1499eef"
"tracked","Line.Messaging/Messages/Imagemap/ImagemapActionType.cs","1570","2026-07-10T07:36:30.6960197Z","b3431f2bc380a1568e5f29e5f4f66dee7214c48b0755d92838b98739e023724a"
"tracked","Line.Messaging/Messages/Imagemap/ImagemapArea.cs","2891","2026-07-10T07:36:30.6960197Z","30ae0ea85fe10ac417798d1f2f5003145c85ac74f46a661236c740e5c6aeea2f"
"tracked","Line.Messaging/Messages/Imagemap/MessageImagemapAction.cs","3121","2026-07-10T07:36:30.6960197Z","cba582d51aab43c751fc61d22c6a30af249fdb23d4a85e3c19ac5616ce03159f"
"tracked","Line.Messaging/Messages/Imagemap/UriImagemapAction.cs","3218","2026-07-10T07:36:30.6960197Z","187181d326d434591ed38dfaa5fe58e49f9463b794f21bd5a3e7e2c82795106c"
"tracked","Line.Messaging/Messages/Imagemap/Video.cs","3550","2026-07-10T07:36:30.6970193Z","e73a1c887d9c520e7e932569dee81f0d8b32fe158c904266a63171e096562c09"
"tracked","Line.Messaging/Messages/ImagemapMessage.cs","4080","2026-07-10T07:36:30.6970193Z","4bf1f41d1a3b4684e19f901818e2f346586ff780b600f77fc71eab9f64168738"
"tracked","Line.Messaging/Messages/ImageMessage.cs","9629","2026-07-10T07:36:30.6950197Z","bafcb6c886b0c32d4e6c53a5f5afcaef991aa15ad83a574ad72ce99a0dd890c3"
"tracked","Line.Messaging/Messages/ISendMessage.cs","4912","2026-07-10T07:36:30.6950197Z","f9dd66a45dc00d657a2cf9b3fe2d67a85f7b2c87bc5eb53e7326c9afa66a84e3"
"tracked","Line.Messaging/Messages/LocationMessage.cs","3211","2026-07-10T07:36:30.6970193Z","6f417f8ef1d04380b3f925bfe38395849b9729ad2f3905a63fa955f0bcf66c78"
"tracked","Line.Messaging/Messages/MessageType.cs","4629","2026-07-10T07:36:30.6970193Z","93bf9b27189184e927eef26439f6e941afa220b997d56c4900896e0d40ec7562"
"tracked","Line.Messaging/Messages/QuickReply/QuickItem.cs","2431","2026-07-10T07:36:30.6980190Z","9d354a289e4317571f3db21014d7c5328598483096027aa39a02ce10a9cd86ba"
"tracked","Line.Messaging/Messages/QuickReply/QuickReply.cs","1963","2026-07-10T07:36:30.6980190Z","c64a50692a42f701850954dd9686a464c4eb3ce98a390e24be79e598ba450267"
"tracked","Line.Messaging/Messages/RichMenu/ActionArea.cs","4324","2026-07-10T07:36:30.6980190Z","0f97e467573ce5096ff84e7d5d55277a488597e1a7d9b59435982371db4808d1"
"tracked","Line.Messaging/Messages/RichMenu/ResponseRichMenu.cs","3668","2026-07-10T07:36:30.6990195Z","bb9df3ce872df52ef8d977b508f5e86f6f2fc228c65ca4e6845d2a9424b4f20a"
"tracked","Line.Messaging/Messages/RichMenu/RichMenu.cs","4372","2026-07-10T07:36:30.6990195Z","a5e928be6ea321572d731ff05726cf28ca2089de8f4f79e9d9a2754cd8a2faba"
"tracked","Line.Messaging/Messages/RichMenu/RichMenuAlias.cs","2755","2026-07-10T07:36:30.6990195Z","b706dd9c2e16d6111099893516d8aaa5ce94b4f3c0c8ac925e76b4654d00dc61"
"tracked","Line.Messaging/Messages/RichMenu/RichMenuBatchOperation.cs","5884","2026-07-10T07:36:30.6990195Z","70fa9812a2306b8079c9dec4624abdc9d9a3dc57b42f3999e934b07280b67ef7"
"tracked","Line.Messaging/Messages/RichMenu/RichMenuBulkRequest.cs","3338","2026-07-10T07:36:30.7000205Z","1e7c546b6718152f979538d28bc6bffa8dd06180a664f77792f6f2f257739445"
"tracked","Line.Messaging/Messages/StickerMessage.cs","2969","2026-07-10T07:36:30.7000205Z","90ff8f7b76d6e398b1c39d854383c6caa6e4e6b5c5d7ff86219daa357c7cd441"
"tracked","Line.Messaging/Messages/Template/ButtonsTemplate.cs","6588","2026-07-10T07:36:30.7000205Z","4a55666c043a2ded2efb52abee9abdcf988e88a3b4675c35b61e5f117a3e5ed8"
"tracked","Line.Messaging/Messages/Template/CarouselColumn.cs","5019","2026-07-10T07:36:30.7000205Z","caf9ff77482a7bb3672a705eb3365da173a76356f02653c6c189412e7ecb9ada"
"tracked","Line.Messaging/Messages/Template/CarouselTemplate.cs","3980","2026-07-10T07:36:30.7010379Z","87e289de9989aacee8852821493cce0f62e710cb73b4466e9c087fc03358461b"
"tracked","Line.Messaging/Messages/Template/ConfirmTemplate.cs","2462","2026-07-10T07:36:30.7010379Z","e204d495ddedba376967fc257cf93a0fc7f633ea2a0ecc5fb7be19f708e3ba9c"
"tracked","Line.Messaging/Messages/Template/ImageAspectRatioType.cs","1714","2026-07-10T07:36:30.7018504Z","255b06be6510da1e0b4dcda72e8ee7cf57743021aade4b8b9ba114cc96cb28b7"
"tracked","Line.Messaging/Messages/Template/ImageCarouselColumn.cs","2467","2026-07-10T07:36:30.7018504Z","b0b53f7106e47e5273fadef3b6d2ea635eb5c025b6f66fbb590b29d923ae0956"
"tracked","Line.Messaging/Messages/Template/ImageCarouselTemplate.cs","2190","2026-07-10T07:36:30.7018504Z","94b6b4137fd8b7c84955434b7be18307f283a5af9a01f56f2ec51c4d30e756c7"
"tracked","Line.Messaging/Messages/Template/ImageSizeType.cs","1985","2026-07-10T07:36:30.7018504Z","7aa2693ab0c08f1ead6a450bd5f1b6726e5c7e35cbd93df5863f186a3f2827a5"
"tracked","Line.Messaging/Messages/Template/ITemplate.cs","1558","2026-07-10T07:36:30.7010379Z","b038f88b2592055e62f5ec9224a973b7fe41d62922cbff327ee1ad26a5ac03bd"
"tracked","Line.Messaging/Messages/Template/ITemplateAction.cs","1613","2026-07-10T07:36:30.7018504Z","4465131fbf7ea66d2aa628804d1aa0ed6f1c103ec139584e70a4dcc1bbca3581"
"tracked","Line.Messaging/Messages/Template/TemplateType.cs","1600","2026-07-10T07:36:30.7028796Z","4e97503c41e5c6822b01c6b3baec24b62532f6c034ea342bb1a5e1babab65b59"
"tracked","Line.Messaging/Messages/TemplateMessage.cs","2822","2026-07-10T07:36:30.7028796Z","d590fed5101c3c9396fc9a385de06a4a1b1f269020401b13baf6be84537a8d4b"
"tracked","Line.Messaging/Messages/TextMessage.cs","6946","2026-07-10T07:36:30.7028796Z","8409f52b49f665e85f41b1d1a1d9fd8f22798c1516d4c1c25f145137c92a0a41"
"tracked","Line.Messaging/Messages/TextV2Message.cs","2452","2026-07-10T07:36:30.7028796Z","8a136bdc14a9f7a386e6c60ca930fe054cdddfc05844abc751d9344a4819daa5"
"tracked","Line.Messaging/Messages/VideoMessage.cs","10125","2026-07-10T07:36:30.7038793Z","8f82675338b4968f4720d07b2568a92dad9144305c42ce509ea48cf673c212c1"
"tracked","Line.Messaging/Webhooks/AccountLinkEvent.cs","2069","2026-07-10T07:36:30.7038793Z","d5079229b6588a30d85be9cee1ed216e4fdade7a768bd6081496a4272f098f23"
"tracked","Line.Messaging/Webhooks/Beacon.cs","2357","2026-07-10T07:36:30.7038793Z","a5afc2a7637c52c478d3d696335a87b59e7bba8c1aeb94f9fb53d81182ea1a2f"
"tracked","Line.Messaging/Webhooks/BeaconEvent.cs","1966","2026-07-10T07:36:30.7038793Z","7117e8210f45970ecbce3dde6e3d5f2831197fc8dc6cf2fea9da48100e6560e5"
"tracked","Line.Messaging/Webhooks/BeaconType.cs","1827","2026-07-10T07:36:30.7038793Z","9c9a830729fcc0eddcd3b5ee0143bfb58c7024ec363935bda794f466181f372c"
"tracked","Line.Messaging/Webhooks/ContentProvider.cs","2911","2026-07-10T07:36:30.7048793Z","319df479598f87a60eed2c3e2366e3b01731937c34b5c37229230535f65094f1"
"tracked","Line.Messaging/Webhooks/ContentProviderType.cs","1868","2026-07-10T07:36:30.7048793Z","992a671a221b7442aad81f4747483341f5f7ec7e5e0d32b612d080da91f237d1"
"tracked","Line.Messaging/Webhooks/DeviceEvent.cs","1999","2026-07-10T07:36:30.7048793Z","fb414a6b263bdddf397cc1d629ddd9ce8492b36a303b47363566ae98f44d579f"
"tracked","Line.Messaging/Webhooks/DeviceLinkEvent.cs","1902","2026-07-10T07:36:30.7048793Z","a793d8e4d8e9773b91122503e7099a8a211799c734e1f3ab0b8733f5b85812bd"
"tracked","Line.Messaging/Webhooks/DeviceUnLinkEvent.cs","1916","2026-07-10T07:36:30.7058793Z","9112b62bcfaa0e3665711d1de070bd6cc166e7911b3d9fadd4ec2293294825f9"
"tracked","Line.Messaging/Webhooks/EventMessage.cs","3718","2026-07-10T07:36:30.7058793Z","67289fb98f554a3bd0919b93b096e1c49dda31b784e08f71e9f52513bb556cd3"
"tracked","Line.Messaging/Webhooks/EventMessageType.cs","1724","2026-07-10T07:36:30.7058793Z","4106a9596b4c5824d56e590d668559b30619286d79e202a69847ce803f50e7ff"
"tracked","Line.Messaging/Webhooks/EventSourceType.cs","1650","2026-07-10T07:36:30.7058793Z","1d3749ffacd380f7fb5cdeab7bad3ecbd4384fe78ff7267bcffcab6957da9040"
"tracked","Line.Messaging/Webhooks/FileEventMessage.cs","2026","2026-07-10T07:36:30.7058793Z","d9d59d77592ee0e8c7eaa5c762d61ec24b2a815b8d2e77fd5b051dc7e5ea2c1e"
"tracked","Line.Messaging/Webhooks/FollowEvent.cs","1877","2026-07-10T07:36:30.7068803Z","d71284d2fad09807b0c5f118a3b30cf21a6b1aa6f091cf905990543accb39349"
"tracked","Line.Messaging/Webhooks/JoinEvent.cs","1856","2026-07-10T07:36:30.7068803Z","1df841dd0a4947ce55f981fc88bfe2748b0261d99fc5a9ee2c7a5301bbbc20ae"
"tracked","Line.Messaging/Webhooks/LeaveEvent.cs","1952","2026-07-10T07:36:30.7068803Z","f5a9adcd03b08f83e425d65248a7289637dd5d4147b7c97ab4d6c61f061981fd"
"tracked","Line.Messaging/Webhooks/Link.cs","3174","2026-07-10T07:36:30.7068803Z","196f8a330556df776b2db3c34c07e6edcb431943391bea94a3b06c4faacef44b"
"tracked","Line.Messaging/Webhooks/LinkResult.cs","1546","2026-07-10T07:36:30.7068803Z","1627f00154280c805b958ab303b20486bbe65949c9d1a8c175221e9dc31eedc7"
"tracked","Line.Messaging/Webhooks/LocationEventMessage.cs","2322","2026-07-10T07:36:30.7078794Z","6fca5f78372c9bd6940fb183d23d926797920a9e8cbe85dea7943503977c771a"
"tracked","Line.Messaging/Webhooks/MemberJoinEvent.cs","1907","2026-07-10T07:36:30.7078794Z","ef74d7036cebcf42b9bde1b6f80fb4b419180796cb61087168d29fda4edd7c5b"
"tracked","Line.Messaging/Webhooks/MemberLeaveEvent.cs","1871","2026-07-10T07:36:30.7078794Z","55b93cfb31d9260460e75a26358d0f1a6ebf490dd4ce5b53572372f603ca1fc0"
"tracked","Line.Messaging/Webhooks/MessageEvent.cs","1990","2026-07-10T07:36:30.7078794Z","1259a2d302f1a86d626f2eb6a5e6f4d2e9057b56d80caebed1fc965f89ee0272"
"tracked","Line.Messaging/Webhooks/MidiaEventMessage.cs","2356","2026-07-10T07:36:30.7078794Z","d99b169ccebe8ce76a3cc66bda883d275de6e81fb26aa21cb064c35ad6a3f66c"
"tracked","Line.Messaging/Webhooks/Moved.cs","1829","2026-07-10T07:36:30.7088795Z","ca7ad1ca51d8be8dd59773e9189b850041a83bee1062e1b8cc0c7c380cb7218d"
"tracked","Line.Messaging/Webhooks/Postback.cs","1991","2026-07-10T07:36:30.7088795Z","5c57d6087ab0b67db8e6da8fabf468a0ff3272e3332e91af2c6dccb71ff9b8ff"
"tracked","Line.Messaging/Webhooks/PostbackEvent.cs","1945","2026-07-10T07:36:30.7088795Z","4bdf94c57a82ab04ced316a7ea22db37686939d8656d6d2c4bd9da841b306972"
"tracked","Line.Messaging/Webhooks/PostbackParams.cs","3162","2026-07-10T07:36:30.7088795Z","17e98c18270d3435cf3ed7fb577e0f6444445932f20c6ff0254d5ee7f7fd8cac"
"tracked","Line.Messaging/Webhooks/ReplyableEvent.cs","1694","2026-07-10T07:36:30.7088795Z","40dc9f621bedcc8d7d3fbff0d8c71e2d88877e189d7704cc47fe52214a8934d6"
"tracked","Line.Messaging/Webhooks/StickerEventMessage.cs","1923","2026-07-10T07:36:30.7088795Z","9c9c6f8aee93267641d6249b0b3e9cd2c5db704f166551468b045e71fd14e03f"
"tracked","Line.Messaging/Webhooks/TextEventMessage.cs","1696","2026-07-10T07:36:30.7088795Z","23acead99e6ff524be2fcaf8286af08c247b470969b11f7a9c8393276d166388"
"tracked","Line.Messaging/Webhooks/Things.cs","2114","2026-07-10T07:36:30.7088795Z","1fe72b6bbf79149ef1ebdcf3619b68d2d331340bb06c93d61434aa0ba6b94abc"
"tracked","Line.Messaging/Webhooks/ThingsType.cs","1608","2026-07-10T07:36:30.7088795Z","1f20d666ce6ab8727d4adeec0b4e10833e71a4218e2b3643347b1174cdec4bcc"
"tracked","Line.Messaging/Webhooks/UnfollowEvent.cs","1797","2026-07-10T07:36:30.7103821Z","6176e1b1b7eb997c79f092674492cc9dddca480383cb3da37766a5f76a10913b"
"tracked","Line.Messaging/Webhooks/WebhookApplication.cs","5000","2026-07-10T07:36:30.7103821Z","caf0f75c21c948ec2023a9837816ba14306648a997d1d2d46059eaa494576c32"
"tracked","Line.Messaging/Webhooks/WebhookEvent.cs","6434","2026-07-10T07:36:30.7103821Z","655b03304fc408af88107224e2cbf36b65f308bbbe95d53c75bc5cd9994d333d"
"tracked","Line.Messaging/Webhooks/WebhookEventParser.cs","2269","2026-07-10T07:36:30.7103821Z","dac51b6d4e584a69861a2c20e703fc4a9d22c98a02608dcfc973f9417d588d0f"
"tracked","Line.Messaging/Webhooks/WebhookEventSource.cs","2883","2026-07-10T07:36:30.7103821Z","81c982a18b7492dafd60601ac3f82f0c7e181cbdc04e45f7ff4df0feff25983c"
"tracked","Line.Messaging/Webhooks/WebhookEventType.cs","1803","2026-07-10T07:36:30.7113858Z","0627e4e798973a5404ca766413f4c5d550d74327846d84e42fe994216de68e4d"
"tracked","Line.Messaging/Webhooks/WebhookRequestMessageHelper.cs","5555","2026-07-10T07:36:30.7113858Z","da22995ea10fb93c307a3269c4ebabe7bf1fe33e0f56829147fedd6050df2f09"
"tracked","Line.Messaging/文件/CHANGELOG.md","5584","2026-07-10T07:36:30.7113858Z","6b91790a663142b4da7fa9bb3613bf490a89858d1a1f0dab1c6887e3009a6793"
"tracked","Line.Messaging/文件/LINE_API_Phase1_完成總結.md","8956","2026-07-10T07:36:30.7123858Z","a85e12f550fa498efcfb94ec2eea67abba8bf08c71a432c9513f87f0521c6921"
"tracked","Line.Messaging/文件/LINE_API_Phase1_架構完成報告.md","10182","2026-07-10T07:36:30.7123858Z","cc13945b03545fa8679f4ff9bc758b42c3750ac4cbeb92255384089700ab0a0e"
"tracked","Line.Messaging/文件/LINE_API_完整性檢查報告.md","14580","2026-07-10T07:36:30.7123858Z","ebb41ff71d8c3e7403a0112f0fb7ca57361986097d8c2590bfc6d4a74148125f"
"tracked","Line.Messaging/文件/LINE_API_完整性檢查報告_快速版.md","2316","2026-07-10T07:36:30.7133856Z","d14963db875e345108085fdfa69551be67f393f90fa353d36ffd8049fac7f0d7"
"tracked","Line.Messaging/文件/LINE_API_完整性檢查報告_詳細版.md","13072","2026-07-10T07:36:30.7133856Z","c60c01fac0e04fd1844d2107dbe182d1830c328cc687cf0b637ff3c88189c86a"
"tracked","Line.Messaging/文件/LINE_API_完整實作報告.md","12348","2026-07-10T07:36:30.7123858Z","77652f1375b78222d9982e30075667a3b104d821b4d441208881de333d33eb04"
"tracked","Line.Messaging/文件/LINE_API_快速參考.md","7890","2026-07-10T07:36:30.7133856Z","79f24cde977e54e19d50988e256a8440fdeb0b6d2ac235b90bf0ad32d416de32"
"tracked","Line.Messaging/文件/LINE_API_更新計畫.md","8221","2026-07-10T07:36:30.7143857Z","66f69a496d92e2cc770933b0f723cd827e0dbc273bc5d2c95d6ec26adfc4cf73"
"tracked","Line.Messaging/文件/LINE_API_更新進度報告.md","2835","2026-07-10T07:36:30.7143857Z","41f8fff16496a80a1b937bfaa2d40e6ed0eeb2744f0cde468144b22fbdd9b544"
"tracked","Line.Messaging/文件/LINE_API_實作驗證清單.md","6689","2026-07-10T07:36:30.7133856Z","79e91ccc8ee831f51ac3b093c647d22968550b5f18365a93a3ff4a38f23fa638"
"tracked","Line.Messaging/文件/LINE_API_對照表.md","11487","2026-07-10T07:36:30.7133856Z","10bc8387a67c19349a39baf5270a689ded10a917786d745df7bd912416945825"
"tracked","Line.Messaging/文件/LINE_Messaging_API_官方對照矩陣.md","45945","2026-07-10T07:36:30.7143857Z","36ee6d3ca4fcde1fcdd6d1b34d4aeb003fafb542619efa01991cab75b37b3098"
"tracked","Line.Messaging/文件/README.md","5029","2026-07-10T07:36:30.7154478Z","7fde6299200da5c80a14b18d2cde408a44e1b2eda88291305339bfd314c10b25"
"tracked","Line.Messaging/文件/README_註解文件索引.md","5836","2026-07-10T07:36:30.7154478Z","05aed8dc6458519e43a2a113a53996bf3d35dfac7d56b334cafd4047d2229fa1"
"tracked","Line.Messaging/文件/完整性檢查_文件索引.md","3375","2026-07-10T07:36:30.7154478Z","3e0d00afd1b975ebc2f706a454a37b478b308c72eba10eec1ce557f366e09544"
"tracked","Line.Messaging/文件/註解作業完成報告.md","9194","2026-07-10T07:36:30.7164482Z","7d8ae8784b5b1ec2da60c09158aa7fb2daccac7a9bb836aa42fe203046b1115c"
"tracked","Line.Messaging/文件/註解快速參考卡.md","7406","2026-07-10T07:36:30.7164482Z","848a2ef78594b1d4b9ab3b750f8d43abfed759cac7e6ad171300f4c3bedab041"
"tracked","Line.Messaging/文件/註解批次處理指令.md","9103","2026-07-10T07:36:30.7164482Z","ae72362b3cbaab8942f39dc9521bcd395f5ec9f548f95a3e87ecee3e448ce3bb"
"tracked","Line.Messaging/文件/註解進度追蹤.md","9932","2026-07-10T07:36:30.7174491Z","da7c78ff57755380243313c6982a0e5589eef075ca696f956bd438c7e1255ef7"
"tracked","Line.Messaging/文件/註解模板指南.md","10752","2026-07-10T07:36:30.7164482Z","cd3a1378bc28a490c68cdf8cb18d9e6266533c8bbe6558abaee17ca4b6840eab"
"tracked","LineMessagingProcessor.AspNetCore.Tests/LineMessagingProcessor.AspNetCore.Tests.csproj","1334","2026-07-10T07:36:30.7174491Z","f59a1da8dc7d8c36bb4ef2c4ba91409f2cb33a61e4d0eabf3196d25af187ecfb"
"tracked","LineMessagingProcessor.AspNetCore.Tests/LineMessagingProcessorServiceCollectionExtensionsTests.cs","10269","2026-07-10T07:36:30.7174491Z","1bf25861b80c93078a075371b1d19ac17c152afab555a10d3defe65c74d19d78"
"tracked","LineMessagingProcessor.AspNetCore/LineMessagingProcessor.AspNetCore.csproj","900","2026-07-10T07:36:30.7174491Z","8299371cd6b02bdecc1ece1c961d008a0ed9279aefd3986ab437064076e08672"
"tracked","LineMessagingProcessor.AspNetCore/LineMessagingProcessorOptions.cs","1758","2026-07-10T07:36:30.7184471Z","98300e369f93df88e2314572c3047fd1497f8df6bc7f2e8f56ddae2244f3f5a6"
"tracked","LineMessagingProcessor.AspNetCore/LineMessagingProcessorServiceCollectionExtensions.cs","7710","2026-07-10T07:36:30.7184471Z","e5e457ac2d431dada9569626196ab49bcc6641d3bb2115df620f32436875c5aa"
"tracked","LineMessagingProcessor.RichMenus.Tests/Actions/RichMenuActionFactoryTests.cs","2217","2026-07-10T07:36:30.7184471Z","55704d3323bb3943fcf1e8ab0e61ff5bffd2ceca15b739170e55220ed965a7ee"
"tracked","LineMessagingProcessor.RichMenus.Tests/Assignment/LineRichMenuAssignmentWorkflowTests.cs","28329","2026-07-10T07:36:30.7184471Z","e34de5e42f4e23532c1bef28c9976235a94ffdaaa56ed9a8ba4c3a07305da773"
"tracked","LineMessagingProcessor.RichMenus.Tests/Boundary/RichMenuProjectBoundaryTests.cs","3724","2026-07-10T07:36:30.7199505Z","14f190f6d4452d720fffba2f9ca6c9e48e7fc4105fb0c967040c02b345271a2d"
"tracked","LineMessagingProcessor.RichMenus.Tests/LineMessagingProcessor.RichMenus.Tests.csproj","1179","2026-07-10T07:36:30.7199505Z","5b641b25ba137dd996bb367314bc60c129573066da7164f4fc7219393fb482fa"
"tracked","LineMessagingProcessor.RichMenus.Tests/LineRichMenuWorkflowTests.cs","10187","2026-07-10T07:36:30.7199505Z","1e3127eec451d9d56085a8c29ab096b85eb7ea5636d51b341851024a9150abbb"
"tracked","LineMessagingProcessor.RichMenus.Tests/Orchestration/RichMenuExpirationSweepWorkflowTests.cs","7228","2026-07-10T07:36:30.7199505Z","895bea689f3992b477641d32a9b77c877e6507828112cab621667ea01586e214"
"tracked","LineMessagingProcessor.RichMenus.Tests/Orchestration/RichMenuOrchestratorTests.cs","4054","2026-07-10T07:36:30.7209539Z","552b2bbcfbee116b6c16b390cba97266a443973d51e39efaf5f28bac029de6f4"
"tracked","LineMessagingProcessor.RichMenus.Tests/Provisioning/LineRichMenuProvisioningWorkflowTests.cs","6947","2026-07-10T07:36:30.7209539Z","98d03e0e53f22861dd473b54e8ba4c78f1e05be9c5370b530cbb6327e7a728d8"
"tracked","LineMessagingProcessor.RichMenus.Tests/Support/CapturingRichMenuProcessor.cs","13070","2026-07-10T07:36:30.7209539Z","df718f399af376a66845f611008451e913cb000046e0fb15446253ae8b80837f"
"tracked","LineMessagingProcessor.RichMenus.Tests/Support/RichMenuTestFactory.cs","3290","2026-07-10T07:36:30.7219538Z","6a104a89e4561992de0b1fcb1e2a589d3afd8f6c414bae1920d3aa7683fccfed"
"tracked","LineMessagingProcessor.RichMenus.Tests/Triggers/LineRichMenuTextTriggerResolverTests.cs","2568","2026-07-10T07:36:30.7219538Z","6233a6dc2882c8990ed802a50bf50f21cbc0b92c73a1e364b0344870658d6c95"
"tracked","LineMessagingProcessor.RichMenus/ILineRichMenuAssignmentWorkflow.cs","3768","2026-07-10T07:36:30.7219538Z","38158e90c9b229adbc09e80924b800e4b79305f09f06531404a6b5a37a5719ee"
"tracked","LineMessagingProcessor.RichMenus/ILineRichMenuCatalog.cs","2235","2026-07-10T07:36:30.7229541Z","97b2a49cbde3b56d3d5e9140a3e24a1f226163402310179839a03d7ca6b2708c"
"tracked","LineMessagingProcessor.RichMenus/ILineRichMenuIdCache.cs","3097","2026-07-10T07:36:30.7229541Z","0d0afbb6642fe2a5a64dea8580c36f505e0cafacb2594338ebfeb583c4415d9b"
"tracked","LineMessagingProcessor.RichMenus/ILineRichMenuProcessor.cs","4173","2026-07-10T07:36:30.7229541Z","5cd406ac28769f92df9bd9c4585f1c25db8adccd8edef7aac8bbdbdc200630a0"
"tracked","LineMessagingProcessor.RichMenus/ILineRichMenuProvisioningWorkflow.cs","2036","2026-07-10T07:36:30.7229541Z","8b0f69602921a1de4cbdd996e0f8f89721a5576087542c76d122b97c3c153fb5"
"tracked","LineMessagingProcessor.RichMenus/ILineRichMenuTextTriggerResolver.cs","2282","2026-07-10T07:36:30.7239539Z","29513381d38a7e4deab7ca53319618f76a5c5c243a031b31bdc3fd25edd666bf"
"tracked","LineMessagingProcessor.RichMenus/ILineRichMenuWorkflow.cs","3053","2026-07-10T07:36:30.7239539Z","885405e7bc51c92d23fd45b437d4091e9edcb31f2d356d8d44548a9bd5c5b29a"
"tracked","LineMessagingProcessor.RichMenus/InMemoryLineRichMenuIdCache.cs","5230","2026-07-10T07:36:30.7249536Z","38bc45b1917728affbcf443bd326c3964ad22069f7421eb49ba89ccca64a6315"
"tracked","LineMessagingProcessor.RichMenus/InMemoryRichMenuStateStore.cs","4293","2026-07-10T07:36:30.7249536Z","f43573506d4df5f0eda1539ea884c058c760ff9764a705c9c8275e42213090eb"
"tracked","LineMessagingProcessor.RichMenus/IRichMenuExpirationSweepWorkflow.cs","2098","2026-07-10T07:36:30.7239539Z","dfb954a11afeb7b6b81eed17551b7e27fdcb24ea4d42850ef253ea75f666d2ce"
"tracked","LineMessagingProcessor.RichMenus/IRichMenuOrchestrator.cs","2097","2026-07-10T07:36:30.7239539Z","a79bba56b092dec41eb502a0083de2b38a668c686b6ea775fe142f7fa177dfb4"
"tracked","LineMessagingProcessor.RichMenus/IRichMenuPolicy.cs","2172","2026-07-10T07:36:30.7249536Z","c4f4d5e3cbba00e047b9dc548f3f4a44005fbadbed21fb3cb55b1270165299c3"
"tracked","LineMessagingProcessor.RichMenus/IRichMenuStateStore.cs","3331","2026-07-10T07:36:30.7249536Z","0d5c5be57f862c9c3b08aba1295f692efb35735f475cc53028fcdf411e3eb0f7"
"tracked","LineMessagingProcessor.RichMenus/LineMessagingProcessor.RichMenus.csproj","582","2026-07-10T07:36:30.7249536Z","2f7a16b183c54b3e3a7f2ef40bb89d343f33a7730fcdd3c23ce2ef687c48d742"
"tracked","LineMessagingProcessor.RichMenus/LineMessagingProcessorRichMenuAdapter.cs","4958","2026-07-10T07:36:30.7259539Z","d7fe1f0978b40ab8cb14ace2ace77b42c912f10ea369ce80ee408f733d58e221"
"tracked","LineMessagingProcessor.RichMenus/LineRichMenuAliasNotFoundException.cs","2241","2026-07-10T07:36:30.7259539Z","d1984cead4faaebeab611e10e2211fdbb4257629dc1392a5fcfa9a15208c73c1"
"tracked","LineMessagingProcessor.RichMenus/LineRichMenuAssignmentResult.cs","5859","2026-07-10T07:36:30.7259539Z","24e910dcc9fdae0055ff804c54ec003f5f33caa72e75924a26fd3584a95ea681"
"tracked","LineMessagingProcessor.RichMenus/LineRichMenuAssignmentWorkflow.cs","18430","2026-07-10T07:36:30.7259539Z","151f6137c168511b69901d6f1826f1d91ac7b432b9bc30046038c3de7b7d5ddd"
"tracked","LineMessagingProcessor.RichMenus/LineRichMenuCreateUploadAndLinkRequest.cs","2622","2026-07-10T07:36:30.7259539Z","96123fa5715347f80ee9c05d4ede1ea3826f007f115eafd3d6eccd13709ec6f4"
"tracked","LineMessagingProcessor.RichMenus/LineRichMenuDefinition.cs","5703","2026-07-10T07:36:30.7269534Z","095ad8c047e4670b2ca2e542b293e81e3a2b23cb1dae7c0bc69ecfce8a14bc2a"
"tracked","LineMessagingProcessor.RichMenus/LineRichMenuDeleteLinkedRequest.cs","2334","2026-07-10T07:36:30.7269534Z","30f9d725200a67086eac82b480fd3c7a15d66fef316174124d595763f98e193b"
"tracked","LineMessagingProcessor.RichMenus/LineRichMenuException.cs","3376","2026-07-10T07:36:30.7269534Z","c59c22d66946bdcfda28887ced4f6f2255f932e406c80b02361d73924b7bcf8b"
"tracked","LineMessagingProcessor.RichMenus/LineRichMenuFingerprint.cs","5343","2026-07-10T07:36:30.7269534Z","29c4e5efdb082bc229d4685ff2211b0803457d2f6fc525f6e037525cb9f3c121"
"tracked","LineMessagingProcessor.RichMenus/LineRichMenuProvisioningWorkflow.cs","15786","2026-07-10T07:36:30.7269534Z","eb9cc7851cc4340887e0accfebd5c0e67b44795909c0396ac8e5cac27575abbd"
"tracked","LineMessagingProcessor.RichMenus/LineRichMenuResult.cs","5445","2026-07-10T07:36:30.7279541Z","bbbeb60acb360be28b19266ecfb0b17915c6dbe114398d102e4e5620886bea6a"
"tracked","LineMessagingProcessor.RichMenus/LineRichMenuStatus.cs","2400","2026-07-10T07:36:30.7279541Z","9c243b866a5fe7ec2effd383f3d01a21be7f5624f19e133ff25b2df517d2d4e0"
"tracked","LineMessagingProcessor.RichMenus/LineRichMenuSyncItem.cs","2929","2026-07-10T07:36:30.7279541Z","cc645e572b0bb1a3c7eb480428f407e3a7a5cb0ac5be548be7426feb3770bac5"
"tracked","LineMessagingProcessor.RichMenus/LineRichMenuSyncOutcome.cs","2028","2026-07-10T07:36:30.7279541Z","2e1e6dcd0c4c3f13bb61270dfc215b315072160f393bb3233359f73a8d226915"
"tracked","LineMessagingProcessor.RichMenus/LineRichMenuSyncReport.cs","4052","2026-07-10T07:36:30.7279541Z","2f516ba66128d5a5628891843909003fa8c7bb3ecd29d47388a1270587d181ce"
"tracked","LineMessagingProcessor.RichMenus/LineRichMenuTextTriggerOptions.cs","2072","2026-07-10T07:36:30.7279541Z","ba7a3ee173c75445851f4f64fb5e3600cc0c3a6d8f52fd85dde82a23d312825c"
"tracked","LineMessagingProcessor.RichMenus/LineRichMenuTextTriggerPolicy.cs","2936","2026-07-10T07:36:30.7279541Z","a356b0b9a09ee3bf709f767d26cc2a410ebaed451edec1fd521ca5be294a4cd5"
"tracked","LineMessagingProcessor.RichMenus/LineRichMenuTextTriggerResolver.cs","3371","2026-07-10T07:36:30.7279541Z","9612cd8329442e72cf24ba582603e95abb3f7ee5014894d2efc838bc4e513e79"
"tracked","LineMessagingProcessor.RichMenus/LineRichMenuWorkflow.cs","13739","2026-07-10T07:36:30.7279541Z","7a58073104516daf1c25cede942d2555b3d3eec51ab6667bc3e08fe57b0acd5e"
"tracked","LineMessagingProcessor.RichMenus/RichMenuActionFactory.cs","3138","2026-07-10T07:36:30.7299942Z","76cabceb775acd110c7d228143552d7087606104b01e0621063426b07e88a330"
"tracked","LineMessagingProcessor.RichMenus/RichMenuContext.cs","3899","2026-07-10T07:36:30.7299942Z","1aef315619923e0b5f9e9b241b64323b44c1e1cf91d15a760ced21442692bdad"
"tracked","LineMessagingProcessor.RichMenus/RichMenuDecision.cs","4737","2026-07-10T07:36:30.7299942Z","8a651816a08427a7b1b753687c4162f52d80a2c164c184a52bc89e1c5ff7f2f5"
"tracked","LineMessagingProcessor.RichMenus/RichMenuDecisionPriority.cs","2376","2026-07-10T07:36:30.7299942Z","3c3331a8fc74173769b67f8fbe3f4588ed50901493cf93ddd0e401d52245549c"
"tracked","LineMessagingProcessor.RichMenus/RichMenuExpirationSweepReport.cs","2471","2026-07-10T07:36:30.7299942Z","85d48b2a70b167e19d28c5c1ad1beb8836b273d7889571f5e61a4114e9bba125"
"tracked","LineMessagingProcessor.RichMenus/RichMenuExpirationSweepWorkflow.cs","5765","2026-07-10T07:36:30.7310598Z","d0cd6a26328e544d49225b7366567ed73eb4431cbe02c806b61fbbb4d0a244f9"
"tracked","LineMessagingProcessor.RichMenus/RichMenuOrchestrator.cs","6226","2026-07-10T07:36:30.7310598Z","d38441c2492e441f2e4ad971e573719e570feb311b3630ea2eb945d5d2259cbd"
"tracked","LineMessagingProcessor.RichMenus/RichMenuUserState.cs","3824","2026-07-10T07:36:30.7313607Z","dfc69509c4d0dc58b1459282681e344b4e10dbbc7ac114942d00442b2f81c8d1"
"tracked","LineMessagingProcessor.RichMenus/StaticLineRichMenuCatalog.cs","2923","2026-07-10T07:36:30.7313607Z","e7708cf55f92ef57dc9e8728538351d801cfb0cb96d3fab3cf5b083dd45a3749"
"tracked","LineMessagingProcessor.Tests/LineMessagingProcessor.Tests.csproj","1071","2026-07-10T07:36:30.7313607Z","0c7cce5203d9af61bf399b574640c3f719b924233b393010260a9dbe7b90d974"
"tracked","LineMessagingProcessor.Tests/LineMessagingProcessorGroupRoomProfileTests.cs","6644","2026-07-10T07:36:30.7324788Z","49627a216b27316ee3c3374cf72f0bff00cfce720d37bf7b2e0f37cf0f3134c8"
"tracked","LineMessagingProcessor.Tests/LineMessagingProcessorIdentityProfileTests.cs","4953","2026-07-10T07:36:30.7324788Z","f0ddd4cbb2337d87cae1ed2cbccdd77c7a49741ee52c9ce4f422ba930c841097"
"tracked","LineMessagingProcessor.Tests/LineMessagingProcessorReliableNotificationTests.cs","5302","2026-07-10T07:36:30.7324788Z","21e0b7f60c27fa1923e936d5da5df893ed590fbf987ace92a94f56a9bc201a8f"
"tracked","LineMessagingProcessor.Tests/LineMessagingProcessorSendMessageTests.cs","5137","2026-07-10T07:36:30.7324788Z","7d3350be4a0b7354e4a0c4de76b20164fb9c1d3507e8c0500fa00d5f01edf0f8"
"tracked","LineMessagingProcessor.Workflows.Tests/LineMessagingProcessor.Workflows.Tests.csproj","1179","2026-07-10T07:36:30.7334803Z","62f32e9a454a902167f60977ebdb72adb8efb41e3c43c96e670e44155e4640b7"
"tracked","LineMessagingProcessor.Workflows.Tests/LineNotificationWorkflowTests.cs","26015","2026-07-10T07:36:30.7334803Z","aec8aefa121835362fa4224bda969c7cccd2850754c25cc9252727d4a69e0005"
"tracked","LineMessagingProcessor.Workflows/ILineNotificationWorkflow.cs","1895","2026-07-10T07:36:30.7334803Z","b51ae249b205008cccebe6f1cf4a3c92a29d807ae4c6e544603749ece7deffdf"
"tracked","LineMessagingProcessor.Workflows/ILineReplyWorkflow.cs","2006","2026-07-10T07:36:30.7344778Z","a0268bdb1e6783205194236a26e3b1fbdaf7589d4b4687916c8f9e6817c3eb82"
"tracked","LineMessagingProcessor.Workflows/LineCarouselColumnFactory.cs","2814","2026-07-10T07:36:30.7344778Z","eab17fe3599ddc882fe393b0f206d8d69aeb94e850a744be8630e131adbc140c"
"tracked","LineMessagingProcessor.Workflows/LineImagemapActionFactory.cs","2238","2026-07-10T07:36:30.7344778Z","152564afe1913e84cb60a10146dd574d3b48c590e5f67b4ea35a8461f0c56e6b"
"tracked","LineMessagingProcessor.Workflows/LineMessageFactoryValidation.cs","5573","2026-07-10T07:36:30.7344778Z","45b601710a2a5fcd7c48892d24193a4347ca6f95e11ae9e57aa09029c93cf693"
"tracked","LineMessagingProcessor.Workflows/LineMessagingProcessor.Workflows.csproj","582","2026-07-10T07:36:30.7354770Z","7ea811f946ff092980d27825d6cbf174eff32cc89c624f38139f9193a728b6cb"
"tracked","LineMessagingProcessor.Workflows/LineNotificationContent.cs","11209","2026-07-10T07:36:30.7354770Z","943676c672b206647ed5601e5f555658f6efa6bd69be9b8f3e412b357ffd8012"
"tracked","LineMessagingProcessor.Workflows/LineNotificationException.cs","1797","2026-07-10T07:36:30.7354770Z","bbf2cd9e099f7aed8193f4727aa181a89b026eb36f7b65bde422878f902d2a66"
"tracked","LineMessagingProcessor.Workflows/LineNotificationRecipient.cs","2583","2026-07-10T07:36:30.7354770Z","4b764a41708ce95efeb128fa6dc53de1fe5e6878726fd77c20a5e75e583eb66a"
"tracked","LineMessagingProcessor.Workflows/LineNotificationRecipientKind.cs","1769","2026-07-10T07:36:30.7354770Z","d735ccb29c74b45ed01665967afde1cba575a505b20ad6ca4c2e7a6a46013df3"
"tracked","LineMessagingProcessor.Workflows/LineNotificationRequest.cs","1947","2026-07-10T07:36:30.7364775Z","a334bdd24c4c0e2274c8f508d962c2af7621a6815400f5a852b6e578148360b6"
"tracked","LineMessagingProcessor.Workflows/LineNotificationResult.cs","3373","2026-07-10T07:36:30.7364775Z","03581351c66cd651d99c292a64756b2c21147f5fabab884b9bf33833db825844"
"tracked","LineMessagingProcessor.Workflows/LineNotificationStatus.cs","1800","2026-07-10T07:36:30.7364775Z","58fb812e95c3e72d8cc237858f852c90fb883bc6bc19d01a734115a36f5f229e"
"tracked","LineMessagingProcessor.Workflows/LineNotificationWorkflow.cs","6590","2026-07-10T07:36:30.7364775Z","45da68442788f4fdf262e1625f00ba7be9fcb54a3955e967148ff3b71a92588b"
"tracked","LineMessagingProcessor.Workflows/LineQuickReplyFactory.cs","3834","2026-07-10T07:36:30.7364775Z","546317ec836a09a172cb91610b30ffb26bb66165f46ab575ee02396d796fb1b2"
"tracked","LineMessagingProcessor.Workflows/LineReplyException.cs","1948","2026-07-10T07:36:30.7374779Z","085f4fe237b464c5b8bf1a89a45b81b429f5f2e5665c463b1b617bbdb354f2f8"
"tracked","LineMessagingProcessor.Workflows/LineReplyRequest.cs","1876","2026-07-10T07:36:30.7374779Z","eb762df0c46f43eeedbda39f5d0fbffb3b787e117c8fed6b599d01bc83927290"
"tracked","LineMessagingProcessor.Workflows/LineReplyResult.cs","2816","2026-07-10T07:36:30.7374779Z","e0a0a15e7ef9001393c4de943ff7c5e546793e94ac2625b090c9c4c588d38e23"
"tracked","LineMessagingProcessor.Workflows/LineReplyWorkflow.cs","4967","2026-07-10T07:36:30.7374779Z","8a5bfa457700b76dce1a1bb911399f3aa3a56e16b239b7c8674b16cd754b81f1"
"tracked","LineMessagingProcessor.Workflows/LineTemplateActionFactory.cs","2601","2026-07-10T07:36:30.7374779Z","21c3b7aef52111b849cae8f4e32691754cd9917669e7f4b75f0e6a643ebf2bbb"
"tracked","LineMessagingProcessor/LineMessagingProcessor.csproj","1999","2026-07-10T07:36:30.7384774Z","9d97922e9391a048b928635439559727c255121ec6ecf517446f7385981ae23e"
"tracked","LineMessagingProcessor/LineMessagingProcessor_Net10.csproj","883","2026-07-10T07:36:30.7384774Z","26f9fc4dcfd7746fc10abe3ebb8638df2f0d3d0abaff74a0da95b471e81af527"
"tracked","LineMessagingProcessor/LineMessagingProcessorClass.cs","31870","2026-07-10T07:36:30.7384774Z","a2ae3d066dabb64084ddbc5e189c34b1f44169e0de83962710c031f0c5870cfc"
"tracked","LinePayCSharp/LinePayClient.cs","18642","2026-07-10T07:36:30.7384774Z","d1dbe6c84993d0a5d511b474370790733011103f6a8e4690114b3c45d8f25f50"
"tracked","LinePayCSharp/LinePayCSharp.csproj","538","2026-07-10T07:36:30.7384774Z","01bc53a0ade7dc193edc136a6c4e0e1522200a062e29ec52407a58f9b81b07eb"
"tracked","LinePayCSharp/Models/AuthorizationInfo.cs","3041","2026-07-10T07:36:30.7399805Z","3031b6c0c5e2e8dda1ffb6b7a001907ba738a691084daba6ee935e5c079c1156"
"tracked","LinePayCSharp/Models/AuthorizationResponse.cs","1488","2026-07-10T07:36:30.7399805Z","5ca6d5eb01c087fc52caf62876b57be1393f79b4ac95d96760372d088b75c81a"
"tracked","LinePayCSharp/Models/Capture.cs","1654","2026-07-10T07:36:30.7399805Z","9446587b84c1609749e3326fdf1f8aea6de3a08e3f1dd333ab7f49b56f80024b"
"tracked","LinePayCSharp/Models/CaptureInfo.cs","1992","2026-07-10T07:36:30.7399805Z","cd18002688446dd53e2a0452e0ed4b377bf407ce63e68f9921c6a109bc73564f"
"tracked","LinePayCSharp/Models/CaptureResponse.cs","1524","2026-07-10T07:36:30.7399805Z","473812179038875992341038fe8104b50823aabaa04f99d4f97562237944d82d"
"tracked","LinePayCSharp/Models/Confirm.cs","1660","2026-07-10T07:36:30.7409841Z","b9480eb443f5a317ab91f369f4bf22dd2e62bc20f6ac3e3692818c8b1cfd5177"
"tracked","LinePayCSharp/Models/ConfirmInfo.cs","2455","2026-07-10T07:36:30.7409841Z","e52c35f039c9f6ce395ed22ae0b17b378d3a9750eecea8ee7812b71188ebb3d0"
"tracked","LinePayCSharp/Models/ConfirmPayInfo.cs","2430","2026-07-10T07:36:30.7409841Z","42a2670ff57fbf24a84d284e0adbbb1490bcede51581db64fcbef036a818f134"
"tracked","LinePayCSharp/Models/ConfirmResponse.cs","1455","2026-07-10T07:36:30.7409841Z","73e4411e1cca9a649516197161aae3322dacefd19c56f0c2d52f9dfe1c48b521"
"tracked","LinePayCSharp/Models/ConfirmUrlType.cs","1932","2026-07-10T07:36:30.7409841Z","cc205caf875ee26b21c9d203daa10119de0a8ddb516eb09e05d58c6119609d7b"
"tracked","LinePayCSharp/Models/CreditCardBrand.cs","1615","2026-07-10T07:36:30.7419843Z","c482fe8a2ad6cdbdafb43294c5db36dd1d50fef5c427eb578d43ac15201de8f9"
"tracked","LinePayCSharp/Models/Currency.cs","1642","2026-07-10T07:36:30.7419843Z","56d5e33f63ac45265fb4b1d06f719ab0256a3af211b8db089a033dcaa5568cb7"
"tracked","LinePayCSharp/Models/LanguageCode.cs","1709","2026-07-10T07:36:30.7419843Z","9582bfbaf6ecf039981dceca31a24777697eebc1bb4a8cdd505170fa1a119f67"
"tracked","LinePayCSharp/Models/PayInfo.cs","2001","2026-07-10T07:36:30.7419843Z","cfe36be4e64b5fe649aecb44fba89e9c22f8f823d17a370f2ac0220477341ca1"
"tracked","LinePayCSharp/Models/PaymentInfo.cs","3418","2026-07-10T07:36:30.7429841Z","d295e95ea33ef4cda82a01a5c5a6429fc1cab00b0128d38a693e94d99cff4fea"
"tracked","LinePayCSharp/Models/PaymentResponse.cs","1467","2026-07-10T07:36:30.7429841Z","e3ca6848e08c1351eb7acf78733b38179dc328743d8faf3b9ac4edf0d8e33e5b"
"tracked","LinePayCSharp/Models/PaymentUrl.cs","2114","2026-07-10T07:36:30.7439843Z","3ed680f258b40e5c9335037038e56c582d717f8436835535bb6fbb6e54fa3652"
"tracked","LinePayCSharp/Models/PayMethod.cs","1684","2026-07-10T07:36:30.7429841Z","4cbb097b332da324efb36877b385b19bd3a3483cacf82c824d3986d2ee274ecc"
"tracked","LinePayCSharp/Models/PayStatus.cs","1826","2026-07-10T07:36:30.7429841Z","941a7eac63de2a37554ccce9dd642415272d85b902f6242260210568f5903ec5"
"tracked","LinePayCSharp/Models/PayType.cs","1671","2026-07-10T07:36:30.7429841Z","04cad4d313a72e8ff3e92677bedafc6112ae957a9b647da7526030953bf59d03"
"tracked","LinePayCSharp/Models/PreApprovedPay.cs","2493","2026-07-10T07:36:30.7439843Z","85f63243c2ea374d49b15c0f19ecba1868f30f4b63f4648a989ad468a00b2083"
"tracked","LinePayCSharp/Models/PreApprovedPayInfo.cs","2043","2026-07-10T07:36:30.7439843Z","f5c0144e2709503b8d17fdec73ad3ea588233dfaceebe201830fa4a55f13d3ad"
"tracked","LinePayCSharp/Models/PreApprovedPayResponse.cs","1484","2026-07-10T07:36:30.7439843Z","b7f91b6c93da2d02e166f91914304468c8b8fe311a9f310fa2df5ebc3de8fbd1"
"tracked","LinePayCSharp/Models/Refund.cs","1408","2026-07-10T07:36:30.7449844Z","dbca0bff29afa7fb0a44e4f683b23d47ce2848e4084a798558721a3d62dc9205"
"tracked","LinePayCSharp/Models/RefundInfo.cs","1841","2026-07-10T07:36:30.7449844Z","cbb01ed7d82b3def4569d5bff56a73bca40a0d79bbbf56f0ad90469f22f0274c"
"tracked","LinePayCSharp/Models/RefundList.cs","2200","2026-07-10T07:36:30.7449844Z","fab663b9f16be7e068a7cbb48c4ed71d2292fe5b33d35cf3824d8838599316b6"
"tracked","LinePayCSharp/Models/RefundResponse.cs","1526","2026-07-10T07:36:30.7449844Z","2a3a9a6d3f1b9e8c9fd2b9cf6321a1d4b6e7ea56aa5320eac3f137400ee82ac0"
"tracked","LinePayCSharp/Models/Reserve.cs","6552","2026-07-10T07:36:30.7449844Z","5b324932284e6df0859d1b68594db199a9c3cb82ae2618312b5481992489a92a"
"tracked","LinePayCSharp/Models/ReserveAddFriend.cs","1757","2026-07-10T07:36:30.7459841Z","c7940aa6b76f2c9121f329a0ad34bf53e6efa72d75404b3e49c6a42dbcc6e4bd"
"tracked","LinePayCSharp/Models/ReserveExtras.cs","1825","2026-07-10T07:36:30.7459841Z","0b473d0c76fe4911dc355e87d4a43cdafe907e8d5711594c853914eb22fa0d80"
"tracked","LinePayCSharp/Models/ReserveInfo.cs","2104","2026-07-10T07:36:30.7459841Z","8a71ff8ebb7c2a87d0f59bd53f9f3a3aec314fc4266a71df224da676e5f95218"
"tracked","LinePayCSharp/Models/ReserveResponse.cs","1532","2026-07-10T07:36:30.7459841Z","c3e0e336e9a0d3cdb9adae2ba431879c5953c7731a663678c33757060530ae7d"
"tracked","LinePayCSharp/Models/ResponseBase.cs","4628","2026-07-10T07:36:30.7469849Z","4903323b13349ef3e82cd42194493c99b26a07af205b51ed96c02bd767006b1b"
"tracked","LinePayCSharp/Models/TransactionType.cs","1710","2026-07-10T07:36:30.7469849Z","9f22570808035bf1cb86cb11daab863fc618899a05920d96c3ae90c2a3b8a5e3"
"tracked","LinePayCSharp/SpeechMessageCrmKey.snk","596","2026-07-10T07:36:30.7469849Z","2b338399fefba7f82b072fd606c2dbb8af1d1f3e776f466fab585f278c3f176d"
"tracked","openspec/changes/line-rich-menu-shared-architecture/.openspec.yaml","42","2026-07-10T07:36:32.3502772Z","c332e3b0f8f4432f05f7d38dff5efce719c593f962518b8c577a561f48322671"
"tracked","openspec/changes/line-rich-menu-shared-architecture/proposal.md","6235","2026-07-10T07:36:32.3502772Z","d45e4f02b3f538c651b8a40412ee68027912acc2c116c37783c66b061e70f012"
"tracked","PowerPlatform.Dataverse.Client/ADAuthClient.cs","16801","2026-07-10T07:36:30.7469849Z","079e924497a6368540f2d72c95b5e7ee0eafa58e6f51edc7dce6ec8529878d10"
"tracked","PowerPlatform.Dataverse.Client/ADAuthHelpers/Authenticator.cs","5477","2026-07-10T07:36:30.7479849Z","57f4b2455c8e9873e234e2cf6cd30a2cd0cfbd1ea35e74d781a6b66037042802"
"tracked","PowerPlatform.Dataverse.Client/ADAuthHelpers/BaseAuthRequest.cs","5359","2026-07-10T07:36:30.7479849Z","4edfabeaba2548d51cf0e6dc4fd54a27dbe0822cc4379c56940f243e862520c5"
"tracked","PowerPlatform.Dataverse.Client/ADAuthHelpers/BinaryExchange.cs","3092","2026-07-10T07:36:30.7479849Z","d06d9183719b8c8232a9904eeb8cd2e8dce5952fdc79953ce2096d19eb0ebc90"
"tracked","PowerPlatform.Dataverse.Client/ADAuthHelpers/CombinedHash.cs","1979","2026-07-10T07:36:30.7479849Z","87f0525ee7e0e0c0916bf9adb8d39c91deb6a1026a4996864796c4b84597e28e"
"tracked","PowerPlatform.Dataverse.Client/ADAuthHelpers/EncryptedKey.cs","2699","2026-07-10T07:36:30.7479849Z","985b14dbdf580bf88444b49570adc1ecba2c64b33e2aa0e314927afef56d8978"
"tracked","PowerPlatform.Dataverse.Client/ADAuthHelpers/FaultReader.cs","4958","2026-07-10T07:36:30.7489842Z","6105a9758742c7696eb4949fa127dd2b7537904dd17fcbcbb44b790fc77da208"
"tracked","PowerPlatform.Dataverse.Client/ADAuthHelpers/Lifetime.cs","2386","2026-07-10T07:36:30.7489842Z","b9a92bc61d15a9cf1dfd280c2d5f3ebecb21bcf24b20d415564d7ecd18142b6c"
"tracked","PowerPlatform.Dataverse.Client/ADAuthHelpers/Namespaces.cs","2566","2026-07-10T07:36:30.7489842Z","a3baf3ef74985caf05dd80ff1852909e4bcad3ff8aa853fdbd047e39f1f7c305"
"tracked","PowerPlatform.Dataverse.Client/ADAuthHelpers/RequestSecurityToken.cs","2884","2026-07-10T07:36:30.7489842Z","5d83ad5da144a706a63e0a33e65bb111961a5bfbf74cd1d2bc9b62b7b94c861a"
"tracked","PowerPlatform.Dataverse.Client/ADAuthHelpers/RequestSecurityTokenResponse.cs","8065","2026-07-10T07:36:30.7499837Z","9b3b4c9e67205adec3f73d746f4e1086d4b2d6faa42abd7aaf85c1febc47ef49"
"tracked","PowerPlatform.Dataverse.Client/ADAuthHelpers/RequestSecurityTokenResponseCollection.cs","2662","2026-07-10T07:36:30.7499837Z","5eace43fc86fca0ddc662f331c93086cfe8863cee90340dd92b02c64bd80094c"
"tracked","PowerPlatform.Dataverse.Client/ADAuthHelpers/SecurityContextToken.cs","2384","2026-07-10T07:36:30.7499837Z","f422c795fb5f5a596117d5608357ee062ca66c12e0c54aef8f78579c71d20e62"
"tracked","PowerPlatform.Dataverse.Client/ADAuthHelpers/SecurityHeader.cs","10757","2026-07-10T07:36:30.7499837Z","6afb1eab102acd1f3eeaa83a91844e1793430100822f119a55f08e1a937c3f3e"
"tracked","PowerPlatform.Dataverse.Client/ADAuthHelpers/SecurityTokenReference.cs","2409","2026-07-10T07:36:30.7510216Z","e213ff40403dd0b254d5b6504c55474e5219e5cab3c4f786e863d7f195021288"
"tracked","PowerPlatform.Dataverse.Client/ClaimsBasedAuthClient.cs","9155","2026-07-10T07:36:30.7510216Z","2c97ada02ad6759971b646a6c550933774e262ca7b3b46e6b3c7795a0c1ce197"
"tracked","PowerPlatform.Dataverse.Client/Data8.png","3321","2026-07-10T07:36:30.7510216Z","d876f3f48dfa144d9e9beeb83e5d8400bb877891dddb0e904215cbee4a1d64d7"
"tracked","PowerPlatform.Dataverse.Client/NSspi/.gitignore","10","2026-07-10T07:36:30.7510216Z","d53f5d0c332fe6d1682d12840cb4ea6bc222c2307b6c6fdc24d44080217d1e0c"
"tracked","PowerPlatform.Dataverse.Client/NSspi/app.config","144","2026-07-10T07:36:30.7605464Z","8cb08774b9bbbf8ec00ac48273bd883a9f1b034e7566f94824299807dd61939a"
"tracked","PowerPlatform.Dataverse.Client/NSspi/ByteWriter.cs","4233","2026-07-10T07:36:30.7520227Z","a58da4889bdde2ef61c4c871c7b8ed8eb62c0fae3e2c7186d0929539d38c84dd"
"tracked","PowerPlatform.Dataverse.Client/NSspi/Contexts/ClientContext.cs","10111","2026-07-10T07:36:30.7520227Z","2a95a41ca1ec7c14ead4499b614db2b36858e2bea9fd0b6f4c458d601fd03d63"
"tracked","PowerPlatform.Dataverse.Client/NSspi/Contexts/Context.cs","30517","2026-07-10T07:36:30.7520227Z","a890bc68bac4b65672a77b5e11fa9be4d5897ca1949c06b874cc7a67111a7ecf"
"tracked","PowerPlatform.Dataverse.Client/NSspi/Contexts/ContextAttrib.cs","7441","2026-07-10T07:36:30.7520227Z","f2bc2068f64169921f4951db434dae7328016a5ca58933568c514fba686e7857"
"tracked","PowerPlatform.Dataverse.Client/NSspi/Contexts/ContextNativeMethods.cs","19591","2026-07-10T07:36:30.7530217Z","279bc2b03fae2832aeb0fb843c605b683e10985768fb47302aaf8cae88e2959f"
"tracked","PowerPlatform.Dataverse.Client/NSspi/Contexts/ContextQueries.cs","2143","2026-07-10T07:36:30.7530217Z","394767c85bf837773b6154babad2269c32321a7b90807da7309da8e237a54d74"
"tracked","PowerPlatform.Dataverse.Client/NSspi/Contexts/ContextQueryAttrib.cs","3020","2026-07-10T07:36:30.7530217Z","cb73afa77ac892d2fcf560fd04243e1c652a4e1a0372127b8499a37d27d9a5c0"
"tracked","PowerPlatform.Dataverse.Client/NSspi/Contexts/ImpersonationHandle.cs","4002","2026-07-10T07:36:30.7530217Z","ccae4f0ff1705777d4d6d056609c9b55151b8dc475b6e29c0f028a060bd51e2b"
"tracked","PowerPlatform.Dataverse.Client/NSspi/Contexts/SafeContextHandle.cs","2244","2026-07-10T07:36:30.7530217Z","99ca12f171390e2dbd5506165b042d09695904661a3d813e75a8cdf77617d2a0"
"tracked","PowerPlatform.Dataverse.Client/NSspi/Contexts/SafeTokenHandle.cs","1867","2026-07-10T07:36:30.7530217Z","85eb7ef60d14f5fdf115749049d7178fb2ed8a3ac2889fb953683eb80e3a293f"
"tracked","PowerPlatform.Dataverse.Client/NSspi/Contexts/ServerContext.cs","14301","2026-07-10T07:36:30.7530217Z","1370add2ca02d4ec1d7b213e7f9ce2148a698c2a6f3db2a8afd803b337fb70ac"
"tracked","PowerPlatform.Dataverse.Client/NSspi/Credentials/AuthData.cs","2832","2026-07-10T07:36:30.7530217Z","0cfb2fcdb02682012c2f45039011c88e86a5b77b81b4c9597fe020bdc1a57571"
"tracked","PowerPlatform.Dataverse.Client/NSspi/Credentials/ClientCurrentCredential.cs","2062","2026-07-10T07:36:30.7530217Z","1b2cba430ca7495bc5aeab41f9ac3903d0408758beb17f3524b382a8725d089e"
"tracked","PowerPlatform.Dataverse.Client/NSspi/Credentials/Credential.cs","7444","2026-07-10T07:36:30.7530217Z","6a7f5fc07c4d4cf933a0a872db532d14c7157f1e42b56e893d6b631fc7c7f37e"
"tracked","PowerPlatform.Dataverse.Client/NSspi/Credentials/CredentialNativeMethods.cs","4167","2026-07-10T07:36:30.7530217Z","1473867575a9d11eac2428a66ddd9f84e8903ef228aa9258f896192a80bf598d"
"tracked","PowerPlatform.Dataverse.Client/NSspi/Credentials/CredentialQueryAttrib.cs","1705","2026-07-10T07:36:30.7530217Z","28182ec31d344ac22c52167022deb003244c0564dcc81b32a2ccea5646d83575"
"tracked","PowerPlatform.Dataverse.Client/NSspi/Credentials/CredentialUse.cs","2355","2026-07-10T07:36:30.7556264Z","57cdaa32b4285ec90ac269406210f5bb9f834f1b473a74bb2a8e820bac2d16ef"
"tracked","PowerPlatform.Dataverse.Client/NSspi/Credentials/CurrentCredential.cs","3654","2026-07-10T07:36:30.7556264Z","0b202b59a45152b3cddb125f0a0e4eff2700743e3d6857844cfad38a87c2958b"
"tracked","PowerPlatform.Dataverse.Client/NSspi/Credentials/PasswordCredential.cs","4477","2026-07-10T07:36:30.7560553Z","1c9f199262a456c3283966e58858671e1a58026905da58c380bda218e07e43de"
"tracked","PowerPlatform.Dataverse.Client/NSspi/Credentials/QueryNameSupport.cs","1933","2026-07-10T07:36:30.7560553Z","e39e5f9c32dd2bee43e5229dde25a4adf11b51c206593633217b4480b9c77a29"
"tracked","PowerPlatform.Dataverse.Client/NSspi/Credentials/SafeCredentialHandle.cs","2290","2026-07-10T07:36:30.7560553Z","998719a17c8972ff0f5076a193fc1bb482453c48db0ef35b1018890c0225252c"
"tracked","PowerPlatform.Dataverse.Client/NSspi/Credentials/ServerCurrentCredential.cs","2134","2026-07-10T07:36:30.7560553Z","9792b46752855ae4077a60a8f8f44eebb8f5e35caa45dceed48399aac550635d"
"tracked","PowerPlatform.Dataverse.Client/NSspi/EnumMgr.cs","4124","2026-07-10T07:36:30.7560553Z","893203344e5f7d9dd2ca5352b1d2979c44debf1cf04456af4fc168f59a00111e"
"tracked","PowerPlatform.Dataverse.Client/NSspi/NativeMethods.cs","2719","2026-07-10T07:36:30.7560553Z","a05d9e054fb3841de757298a888e66beb0534615292fe26e520c7ff3109fe810"
"tracked","PowerPlatform.Dataverse.Client/NSspi/nsspi key.snk","596","2026-07-10T07:36:30.7615648Z","074cde99b4508fbaadd629fe29bfaa6694d1e895fcf6cd4a410d6f84bde9c444"
"tracked","PowerPlatform.Dataverse.Client/NSspi/NSspi.csproj","1165","2026-07-10T07:36:30.7560553Z","c64eb8a11f69d816530b4ee0400a08f6a6e120496c73e6cdf6f3474ab9786f2b"
"tracked","PowerPlatform.Dataverse.Client/NSspi/PackageNames.cs","2002","2026-07-10T07:36:30.7560553Z","63cc61f81ef0301a73bba0bf632bb1c7c5a06f25faf4fc36fd28ad4eeebcf1f6"
"tracked","PowerPlatform.Dataverse.Client/NSspi/PackageSupport.cs","5586","2026-07-10T07:36:30.7560553Z","5cebc785b33992680cf71acddf48dd3f2c254328c9c25664a8b66628a028d913"
"tracked","PowerPlatform.Dataverse.Client/NSspi/Properties/AssemblyInfo.cs","1951","2026-07-10T07:36:30.7560553Z","b4d57f1da1f2fb95ae9a62c32044a0d2a99e1ef31392a54954a832d19d69d260"
"tracked","PowerPlatform.Dataverse.Client/NSspi/SecPkgInfo.cs","6245","2026-07-10T07:36:30.7560553Z","1c425dcc59fd5bda57a8afe4999fe13c50da320c71e8bfdfad4a768c295c7ba1"
"tracked","PowerPlatform.Dataverse.Client/NSspi/SecureBuffer/SecureBuffer.cs","4116","2026-07-10T07:36:30.7560553Z","6626d9c5a9d58f4b26e252b4f26250afe35b77f4e2a75c49ffe9a1dcfd35e33d"
"tracked","PowerPlatform.Dataverse.Client/NSspi/SecureBuffer/SecureBufferAdapter.cs","11669","2026-07-10T07:36:30.7560553Z","3127a62d24c6c9720362c1cb09bb3eaeb8df2ef77ab4d18fa8b2f5049bbee3e5"
"tracked","PowerPlatform.Dataverse.Client/NSspi/SecureBuffer/SecureBufferDataRep.cs","2023","2026-07-10T07:36:30.7560553Z","d7e6e4d0e312ff6e01387b3aabffc49061f21764c693a10e81c8d04b63f24cb9"
"tracked","PowerPlatform.Dataverse.Client/NSspi/SecureBuffer/SecureBufferDesc.cs","2387","2026-07-10T07:36:30.7560553Z","5cc324438a43ac2439e773b243b16fbaa4837f2de23b5b9fc3666dbc7185d42c"
"tracked","PowerPlatform.Dataverse.Client/NSspi/SecureBuffer/SecureBufferType.cs","3301","2026-07-10T07:36:30.7600961Z","b471db66501c7bdffc40307b1e22d58f4a1c7b7414c6a3f86b3dcf07452b53fd"
"tracked","PowerPlatform.Dataverse.Client/NSspi/SecurityStatus.cs","13758","2026-07-10T07:36:30.7600961Z","8a79e4b837ae66ce91682ff10daf6072911427b3bdfa3e608deff9448d3ef655"
"tracked","PowerPlatform.Dataverse.Client/NSspi/SSPIException.cs","3863","2026-07-10T07:36:30.7560553Z","aabccb920b684e09a09bb278da68531bc0c0e290a893c2e4eb68293fcecd71d8"
"tracked","PowerPlatform.Dataverse.Client/NSspi/SspiHandle.cs","4437","2026-07-10T07:36:30.7605464Z","a2cc260e0a694d788613fd71a36f3aa60f3cb6847b973d58cd099c3b79f20194"
"tracked","PowerPlatform.Dataverse.Client/NSspi/TimeStamp.cs","3160","2026-07-10T07:36:30.7605464Z","b22e3b193141c526113648adaed097e53bff867ff6df44ba985e81c25f096def"
"tracked","PowerPlatform.Dataverse.Client/OnPremiseClient.cs","15751","2026-07-10T07:36:30.7615648Z","4b82572cf2e450cf000f03c122d5451d5fb5669f6527d310aca0cb3c66f42a8a"
"tracked","PowerPlatform.Dataverse.Client/PowerPlatform.Dataverse.Client.csproj","3064","2026-07-10T07:36:30.7615648Z","3529fa0678c08ca0f0872d733b4487153b5c2dd767f81c04ace4754adae7ca55"
"tracked","PowerPlatform.Dataverse.Client/README.md","3627","2026-07-10T07:36:30.7615648Z","a4c512aa303dbd314c86258a0cd3d188bbecf5f99880504e9591d9f095b29137"
"tracked","PowerPlatform.Dataverse.Client/Wsdl.cs","10236","2026-07-10T07:36:30.7625647Z","10f8437524a0dfd276724be08c5925843272a78e841e937eaa09c225265c7e33"
"tracked","README.md","20","2026-07-10T07:36:30.7625647Z","831f60fbe86bee9cc4fb02395e45a58a78f92bf551f3ac5d375305005bb62acf"
"tracked","scratch/member_replay.mp4","1920716","2026-07-10T07:36:32.3601562Z","1c25f602df115cee5ecdba6a1ac4376ff458db65e60fcd9e6b3799b12333ffd9"
"tracked","scratch/member_video_capture.html","699","2026-07-10T07:36:32.3601562Z","8abaec7ac37f70ca609ea3d0215c3c0ddf8a0f0c707b0bb406b66d62150895c6"
"tracked","scratch/memberinfo-build.log%3Bverbosity","892696","2026-07-10T07:36:32.3777854Z","2af0572404e0d47c3258b40f7ccde19811fabd60fd552150090d8f941ab0011a"
"tracked","scratch/memberinfo-build-diag.txt","4372319","2026-07-10T07:36:32.3686657Z","70e7109dfe6e56794e255726cd84a18508bb99103452f613cf8b7fc7e7be273f"
"tracked","scratch/memberinfo-build-diag2.txt","4371823","2026-07-10T07:36:32.3746843Z","42081117cbe779209767bd525ba82e23037eaa4b69be7c8d3ec641bdafb0af6f"
"tracked","scratch/memberinfo-main-nodeps-diag.txt","4370835","2026-07-10T07:36:32.3833500Z","9e169f20220cf7075ad313dc77399a976576af3b567daaaf5dd27b1b4b261f8e"
"tracked","scratch/memberinfo-prjref-single-diag.txt","844106","2026-07-10T07:36:32.3853511Z","f3082c9a45032e8dd329b8a20cc688a649bfbbebde006016558f201f965a0ddf"
"tracked","SpeechMessage.Payments.AspNetCore/DependencyInjection/PaymentAspNetCoreServiceCollectionExtensions.cs","2536","2026-07-10T07:36:30.7635645Z","0b0df7292a42f8717e7c98f8f3ff101540763807a10062d269c44bb4bc41ab16"
"tracked","SpeechMessage.Payments.AspNetCore/PaymentAcknowledgementResultMapper.cs","2719","2026-07-10T07:36:30.7635645Z","35eaea8aec50eb704cfddef204ab80c756bd5e6501c008d99840ccf9ca7a56b6"
"tracked","SpeechMessage.Payments.AspNetCore/PaymentCreateRequestFactory.cs","5102","2026-07-10T07:36:30.7635645Z","a43d3e1cc18afbdd372749b9eb69db76ec4e56d8b4f36e3b3d78a8b71ca554b1"
"tracked","SpeechMessage.Payments.AspNetCore/PaymentHttpRequestMapper.cs","3958","2026-07-10T07:36:30.7645679Z","6f5940d76848d654f3613032f4b96d6e62a756b18c148358b4350a93c2cb9769"
"tracked","SpeechMessage.Payments.AspNetCore/SpeechMessage.Payments.AspNetCore.csproj","714","2026-07-10T07:36:30.7645679Z","66d4d6b9a843f6748d7d9deae42eb13d7cb161a6af9fc7d7ce28319ed8c71b05"
"tracked","SpeechMessage.Payments.Tests/Configuration/PaymentOptionsTests.cs","5256","2026-07-10T07:36:30.7645679Z","71818c7a57e0c5d97873df5e0ef9b72365f6f562f414f4a57dcead06c6db4843"
"tracked","SpeechMessage.Payments.Tests/Diagnostics/PaymentDiagnosticsSanitizerTests.cs","2978","2026-07-10T07:36:30.7655653Z","1305eba145646c1b72cdeae033d7d8525db8088c10366bed940c4cd2eb0723e2"
"tracked","SpeechMessage.Payments.Tests/Gateway/PaymentGatewayTests.cs","7180","2026-07-10T07:36:30.7655653Z","1564e750152691055dbf42dcbdb611e08ad964996eb4b7c6cfae0afd4e942398"
"tracked","SpeechMessage.Payments.Tests/Models/PaymentModelContractTests.cs","6822","2026-07-10T07:36:30.7665646Z","12056b90e13f5d86f99fcde809cefc0c89c06cf6831a5c2d376516293b213fef"
"tracked","SpeechMessage.Payments.Tests/Providers/MyPay/MyPayProviderTests.cs","13505","2026-07-10T07:36:30.7665646Z","ab4f069e4684320f8ac70b4a1b8da5ad67af301cb6a985bdc9f75525332ad947"
"tracked","SpeechMessage.Payments.Tests/Providers/Sinopac/SinopacProviderTests.cs","17641","2026-07-10T07:36:30.7665646Z","7f0e8b9d47f20ba6c3fca257c1fda1ee73ec037f80055417508fe792c6cb0491"
"tracked","SpeechMessage.Payments.Tests/Providers/Taishin/TaishinProviderTests.cs","11068","2026-07-10T07:36:30.7675646Z","4a5324b227f44ce4d643eca26f3fbc52d66c303534cb8c0b3f59b2cc47e8ccf1"
"tracked","SpeechMessage.Payments.Tests/SpeechMessage.Payments.Tests.csproj","1388","2026-07-10T07:36:30.7675646Z","34ec9d0c69a7d2533d860b3ffcf8f2fb0d87da9b6e0328bdc17a1def9b3ae7f3"
"tracked","SpeechMessage.Payments.Tests/Workflows/PaymentOrderDraftMapperTests.cs","6209","2026-07-10T07:36:30.7675646Z","015da991d63119329b67247c162ded16a91638ba6d27319b7c3d90e9ef51fae7"
"tracked","SpeechMessage.Payments.Workflows/PaymentLineItemDraft.cs","1926","2026-07-10T07:36:30.7685644Z","2f6134b549fe33493873a65d3f43f16e6448eebeba3c98e7a1678bbf9882c9f9"
"tracked","SpeechMessage.Payments.Workflows/PaymentMethodSelection.cs","1836","2026-07-10T07:36:30.7685644Z","2668b05dc62165f6b147bd049b1e08cbdbd903e8b179eb391ab132b9003f804a"
"tracked","SpeechMessage.Payments.Workflows/PaymentOrderDraft.cs","2411","2026-07-10T07:36:30.7685644Z","0aac34b51cfd245e6036d4b7eec0e3db3229e5d53769635e41e5b1ca6ec7171f"
"tracked","SpeechMessage.Payments.Workflows/PaymentOrderDraftMapper.cs","4252","2026-07-10T07:36:30.7685644Z","2e9373ed1154da613894f26c5a72577169909c39a292ffee502e23883a42f34f"
"tracked","SpeechMessage.Payments.Workflows/PaymentPayerDraft.cs","1873","2026-07-10T07:36:30.7685644Z","0c3b6d84a1550419ca84daddf3b8fc94cec9efc5f8bd471c9fa74d08530ac48d"
"tracked","SpeechMessage.Payments.Workflows/PaymentPostPaymentContext.cs","3698","2026-07-10T07:36:30.7685644Z","2a82dcb740a29d33266968dda937729a3afeadc0513d86e801cefda8cd82bb92"
"tracked","SpeechMessage.Payments.Workflows/PaymentPostPaymentWorkflow.cs","4166","2026-07-10T07:36:30.7700673Z","ce123a5f0d682047cada740fe58357469beacba46ad670a936da4ad247a76c68"
"tracked","SpeechMessage.Payments.Workflows/PaymentScheduleDraft.cs","1877","2026-07-10T07:36:30.7700673Z","bb512ccdf526db075817647ddfe598b3aeb866defc0ee26dcc054f3c8394d830"
"tracked","SpeechMessage.Payments.Workflows/PaymentWorkflowResultMapper.cs","4529","2026-07-10T07:36:30.7700673Z","b570a27769da953cb545bd2a47781762cafaad933edf18dfc17ad9050c6064ed"
"tracked","SpeechMessage.Payments.Workflows/SpeechMessage.Payments.Workflows.csproj","344","2026-07-10T07:36:30.7700673Z","5d6add950fc6bbc61c2196a4273fa5360535278a54e93108d2bf55f12ee77306"
"tracked","SpeechMessage.Payments/Abstractions/IPaymentGateway.cs","2270","2026-07-10T07:36:30.7710713Z","759b6656fe1a52e35a293543800996342949dac932afa32ed6e93e571f5ec33f"
"tracked","SpeechMessage.Payments/Abstractions/IPaymentProfileResolver.cs","1883","2026-07-10T07:36:30.7710713Z","07bb419cfe4fb3b23ed53e0c9548acd8fb31e9401539eb80263d7886bf901486"
"tracked","SpeechMessage.Payments/Abstractions/IPaymentProvider.cs","2441","2026-07-10T07:36:30.7710713Z","10cce074705ac071de2821c09ec75c83b4ff6a7c901d973e4f9c1ad4485b82e5"
"tracked","SpeechMessage.Payments/Configuration/OptionsPaymentProfileResolver.cs","2823","2026-07-10T07:36:30.7710713Z","c75f48d12099ff8ca53e4d04149b9e26557130d67d5306fd2f97dab68d9a7699"
"tracked","SpeechMessage.Payments/Configuration/PaymentConfigurationException.cs","1953","2026-07-10T07:36:30.7720705Z","50b9842494cf73d88ba639278aa8d42240628e3367bfbba5f027e6361e9d075a"
"tracked","SpeechMessage.Payments/Configuration/PaymentMerchantProfile.cs","2240","2026-07-10T07:36:30.7720705Z","7c7f79d11b223b37cdbed2cb863dfb9e7ef5c6889037e65d6824efe3775e7739"
"tracked","SpeechMessage.Payments/Configuration/PaymentOptions.cs","1838","2026-07-10T07:36:30.7720705Z","3fb7c3dca6d5d6b5d964e37fb3bbca515b7f878b938da35ec455eb793cec432d"
"tracked","SpeechMessage.Payments/Configuration/PaymentOptionsValidator.cs","2679","2026-07-10T07:36:30.7720705Z","62ccce2748c8faf0c5c67688579c35f092c8c9d5efc9992bb682344425a2cbda"
"tracked","SpeechMessage.Payments/DependencyInjection/ServiceCollectionExtensions.cs","3543","2026-07-10T07:36:30.7730704Z","af1bfc0fe9a49783a2122667dc788425b8cf332e05503b86521f49ee2bbc686e"
"tracked","SpeechMessage.Payments/Diagnostics/PaymentDiagnosticsSanitizer.cs","4171","2026-07-10T07:36:30.7730704Z","47cdb5005a04e93befe19b7044bbfacb7e851a1d1eddaa6620787caf19ac1b1b"
"tracked","SpeechMessage.Payments/Gateway/PaymentGateway.cs","6274","2026-07-10T07:36:30.7730704Z","b41fd39f17d3ed7a1b6b07bad85de19c1993afa3edadee72afd73f172489ca26"
"tracked","SpeechMessage.Payments/Models/PaymentAckKind.cs","2416","2026-07-10T07:36:30.7740703Z","677fad34ecd84f7b635c80eb4c838093319025ee4100731ba1bfd35a3e26e451"
"tracked","SpeechMessage.Payments/Models/PaymentCallbackAcknowledgement.cs","2817","2026-07-10T07:36:30.7740703Z","0f1e69d48fadebbf80b64b19ec3039163741097b8a8d2982cfef22db033d1b49"
"tracked","SpeechMessage.Payments/Models/PaymentCallbackRequest.cs","2413","2026-07-10T07:36:30.7740703Z","81287880ab3767e3b203bd68d38167c8554a7e406e402e87b66de3bb083b826c"
"tracked","SpeechMessage.Payments/Models/PaymentCallbackResult.cs","2496","2026-07-10T07:36:30.7740703Z","ca98d0342bf42f13290bbf688103b72f7fd57a3da225233e646240cfc8051aef"
"tracked","SpeechMessage.Payments/Models/PaymentCallbacks.cs","1854","2026-07-10T07:36:30.7740703Z","1289a4f0f188cfdc1346f0d9be8b6fb725e2b69e7fe4458f1b47872eabe109f3"
"tracked","SpeechMessage.Payments/Models/PaymentCreateRequest.cs","2828","2026-07-10T07:36:30.7750703Z","bb864c220f38593531504eb4d3a2c8e1afcab61247f67f876cd77124457c78f3"
"tracked","SpeechMessage.Payments/Models/PaymentCreateResult.cs","2398","2026-07-10T07:36:30.7750703Z","de127a122d28b256d9533da231bb363f3c2fdf3c8faee8d0de157f89c91fe284"
"tracked","SpeechMessage.Payments/Models/PaymentCustomer.cs","1757","2026-07-10T07:36:30.7750703Z","dc85e38ef34661b580dedb9bc66a63e2b29add9dfcad177323733ddd022b7a06"
"tracked","SpeechMessage.Payments/Models/PaymentEnvironment.cs","2026","2026-07-10T07:36:30.7750703Z","9e78fb1a9cf6db0325cbf138348b012c4f2b9164730d9a0d8fcacb91337afa9a"
"tracked","SpeechMessage.Payments/Models/PaymentError.cs","1906","2026-07-10T07:36:30.7750703Z","d1afbe875a6a9dd66fc63ab1b0a22359f7ff2d3d2093f11987c39fdd0a8c2750"
"tracked","SpeechMessage.Payments/Models/PaymentErrorKind.cs","3535","2026-07-10T07:36:30.7760706Z","f765f6dc5e930e32eaa84b5a1283b1959e266993d2eb83b128d8813adeee0110"
"tracked","SpeechMessage.Payments/Models/PaymentLineItem.cs","1785","2026-07-10T07:36:30.7760706Z","2ea6ee6ff6a5abb3b0d8e9bd5d1e07bed7e6367968e30f5c1f276ce07b760cd8"
"tracked","SpeechMessage.Payments/Models/PaymentProviderKind.cs","2165","2026-07-10T07:36:30.7760706Z","12857e806086bb32e5b502b464e66436eade9df8f2fc235b77037abd318f1e2e"
"tracked","SpeechMessage.Payments/Models/PaymentQueryRequest.cs","2015","2026-07-10T07:36:30.7760706Z","c8e58eab00f8edf537d3e7367963c477a02ecd4a937885d11595c944fb0c9b31"
"tracked","SpeechMessage.Payments/Models/PaymentStatus.cs","1752","2026-07-10T07:36:30.7768448Z","199cf51e262adc2efbc4173f45da56cf45c143851640d5a997d8a5f8aeabc235"
"tracked","SpeechMessage.Payments/Models/PaymentStatusResult.cs","2345","2026-07-10T07:36:30.7768448Z","0749e3260a83eba58701c024188e9dbd67c5826e243b229ed329358804f5d1a7"
"tracked","SpeechMessage.Payments/Properties/AssemblyInfo.cs","1614","2026-07-10T07:36:30.7768448Z","7bc29e701e954ccf3fe6a73ba59b756e80381a5f06a54187f924a1d021da99bf"
"tracked","SpeechMessage.Payments/Providers/Common/DictionaryExtensions.cs","1833","2026-07-10T07:36:30.7768448Z","43542f2c19c6bc22f714bae29b1197e92713d1110944c0fff42410486d790305"
"tracked","SpeechMessage.Payments/Providers/MyPay/MyPayCallbackParser.cs","6526","2026-07-10T07:36:30.7768448Z","24ded903d57b2b2b5c12c18faed75629d410e733385a6bc6fbcb2792299e037d"
"tracked","SpeechMessage.Payments/Providers/MyPay/MyPayModels.cs","4437","2026-07-10T07:36:30.7768448Z","6a71439f57094aa2c99cfcf81f38aa15951fbb0249529333f0f0196ae1c779cc"
"tracked","SpeechMessage.Payments/Providers/MyPay/MyPayPaymentProvider.cs","8271","2026-07-10T07:36:30.7768448Z","ce04deefc6e42ce6b696a54433bf870f0d94a872441cd05ecbc792dff9874a4e"
"tracked","SpeechMessage.Payments/Providers/MyPay/MyPayRequestMapper.cs","10044","2026-07-10T07:36:30.7768448Z","1f239330c3442195b052b6a08d1332605e6ae697f81931baeb64afa547218f5e"
"tracked","SpeechMessage.Payments/Providers/MyPay/MyPaySignatureVerifier.cs","3162","2026-07-10T07:36:30.7768448Z","90b88b81852ffaac048d27bb042985bc693ad244ed383bf3f0c329791d4e2fbd"
"tracked","SpeechMessage.Payments/Providers/MyPay/MyPayStatusMapper.cs","2099","2026-07-10T07:36:30.7768448Z","452b8cc5b3ae8fd59c700f40307d8ae14990bee3513c9e9a3007d2cbe6c9cbec"
"tracked","SpeechMessage.Payments/Providers/Sinopac/SinopacCallbackParser.cs","7673","2026-07-10T07:36:30.7768448Z","80bc1cc5c2b0fadc372cd47a4ef94a99dd5f4de34c8ff4e4e250e3600ed52c2f"
"tracked","SpeechMessage.Payments/Providers/Sinopac/SinopacCrypto.cs","5434","2026-07-10T07:36:30.7768448Z","0fa6f52f47a22f1c676bf54de2d3ec057cc729a7899824379a82ba40c023a185"
"tracked","SpeechMessage.Payments/Providers/Sinopac/SinopacModels.cs","9527","2026-07-10T07:36:30.7801142Z","525869472207a6e9f80e47a6991211c7fc4f74e0161d98cd814fdb837417e8ac"
"tracked","SpeechMessage.Payments/Providers/Sinopac/SinopacPaymentProvider.cs","23633","2026-07-10T07:36:30.7801142Z","420dbc9b2ab58af7982f3ef805cc82eac6bb378c3871ab4f65508d557c647176"
"tracked","SpeechMessage.Payments/Providers/Sinopac/SinopacRequestMapper.cs","7691","2026-07-10T07:36:30.7801142Z","37f3bcdc17326afe976c08492e46b27c822381774048668b873ccecfea378e88"
"tracked","SpeechMessage.Payments/Providers/Sinopac/SinopacSigner.cs","3545","2026-07-10T07:36:30.7801142Z","06e2892013e6114a094cbcbbf0380877734a86abcccbb8827628ec75b6b6b7de"
"tracked","SpeechMessage.Payments/Providers/Sinopac/SinopacStatusMapper.cs","7437","2026-07-10T07:36:30.7810611Z","13dfb610e2de1155863741f7f7d9e707e934b66fa15456a8333b589db0baba9d"
"tracked","SpeechMessage.Payments/Providers/Taishin/TaishinCallbackParser.cs","9079","2026-07-10T07:36:30.7810611Z","6510b52476403e7a439931dcc7fc71b48225e1f4d5eb9d347c6003367a907073"
"tracked","SpeechMessage.Payments/Providers/Taishin/TaishinHashVerifier.cs","4651","2026-07-10T07:36:30.7810611Z","9abb724de68e7d2763cd3f0f12a7fdc0ca5dbc37102572c7cd0cecdef02bfd19"
"tracked","SpeechMessage.Payments/Providers/Taishin/TaishinModels.cs","4960","2026-07-10T07:36:30.7810611Z","4c2e00afdae20063b2b56af1e0fc0c53ef36d3ae935c3fb9e3deb76614715f4a"
"tracked","SpeechMessage.Payments/Providers/Taishin/TaishinPaymentProvider.cs","12856","2026-07-10T07:36:30.7823387Z","8b5374177842ad0a18b98b767c98f5f0ec383e0b4f6b62817e32e74ec1e60fa4"
"tracked","SpeechMessage.Payments/Providers/Taishin/TaishinRequestMapper.cs","5294","2026-07-10T07:36:30.7823387Z","a8a88282e643f6125568ba41f88c0fc025680b1b04b3c88cce14bb1a6b5ddaf7"
"tracked","SpeechMessage.Payments/Providers/Taishin/TaishinStatusMapper.cs","2777","2026-07-10T07:36:30.7823387Z","53d8c99935fb0fdccbee0cc0fd6326488a7c7a58cdff50785f54ec9f9552aa35"
"tracked","SpeechMessage.Payments/SpeechMessage.Payments.csproj","932","2026-07-10T07:36:30.7823387Z","7c687c9d68d6d1303bf6e8d7c9ee6e15547b82f0cb85e43fb9821f5b999c4444"
"tracked","SpeechMessageProducts.ChurchReport/.bowerrc","36","2026-07-10T07:36:30.7823387Z","d677973248fb40f4903cbc40d183bd33b8020599aea76bca9d64c023f1d7f444"
"tracked","SpeechMessageProducts.ChurchReport/appsettings.Development.json","51","2026-07-10T07:36:30.8920627Z","8916197cd75baceb85e5ebcd7da72c92a4df0717801bdf2205f2188bfaa02314"
"tracked","SpeechMessageProducts.ChurchReport/appsettings.json","23486","2026-07-10T07:36:30.8920627Z","e2357ef7d0a098f017fea359d0bc00ac2f108b1b77445db82ac14c07be426121"
"tracked","SpeechMessageProducts.ChurchReport/appsettings.Production.json","1181","2026-07-10T07:36:30.8920627Z","63bac1254633cd16c5f06f4533f5b3a64233c704dcb16f04fd3c2d5845b070b1"
"tracked","SpeechMessageProducts.ChurchReport/bower.json","312","2026-07-10T07:36:30.8930623Z","3d1364e1e9a5ee7493aec2b39972fcbac422be06fd4de5b0b213163f91e6d350"
"tracked","SpeechMessageProducts.ChurchReport/Controllers/ApiControllers/AssignSmallGroupController.cs","2132","2026-07-10T07:36:30.7833384Z","d824df7e8005c4b8b7edb409b21b65e152f3fb7fab79611c96ed2b23d6b813ba"
"tracked","SpeechMessageProducts.ChurchReport/Controllers/ApiControllers/SchedulerDataController.cs","3645","2026-07-10T07:36:30.7833384Z","aa5c55eacb6ad6fff6b5ba0f6f41fcfac552d32fc96a667bcd11a0ef9474c4a0"
"tracked","SpeechMessageProducts.ChurchReport/Controllers/ApiControllers/ShepherdMethodLookupController.cs","2311","2026-07-10T07:36:30.7833384Z","a52efd68769acaa1d12dc944ccba3c10409d4f9a070d680533d43fd3d8699aef"
"tracked","SpeechMessageProducts.ChurchReport/Controllers/ApiControllers/SpiritLeaderLookupController.cs","3539","2026-07-10T07:36:30.7843377Z","96ced09e844161a509525fc4dd03ed576415553e04a6f253d09b63053abd63ab"
"tracked","SpeechMessageProducts.ChurchReport/Controllers/AppointmentController.cs","15267","2026-07-10T07:36:30.7843377Z","aeb91c4ce913b45b0b34248233a29b4774ba5a89fd0dd50985f207a773575180"
"tracked","SpeechMessageProducts.ChurchReport/Controllers/AuthenticationController/AuthenticationController.Core.cs","4391","2026-07-10T07:36:30.7843377Z","39f2b27142d55db5b6c695b8468ab7f8abd6e4103f91a3a08720f1fa5fb0b01e"
"tracked","SpeechMessageProducts.ChurchReport/Controllers/AuthenticationController/AuthenticationController.LineBinding.cs","19364","2026-07-10T07:36:30.7843377Z","c7739a1d3534ef198a9d3eafcda89379877a961fb8dc4cd8c401568f45f38067"
"tracked","SpeechMessageProducts.ChurchReport/Controllers/AuthenticationController/AuthenticationController.LineLogin.cs","11532","2026-07-10T07:36:30.7852764Z","af524a7e3c7c8a3c8ad395fb5e53582e807daefcbf7f613d6e81e58e944ebc92"
"tracked","SpeechMessageProducts.ChurchReport/Controllers/AuthenticationController/AuthenticationController.LineLoginOAuth.cs","30704","2026-07-10T07:36:30.7852764Z","338b7ab7491142abf428421a3ba86324ad83330cc3770207da00226a604ca3b4"
"tracked","SpeechMessageProducts.ChurchReport/Controllers/AuthenticationController/AuthenticationController.Login.cs","6074","2026-07-10T07:36:30.7865157Z","8fd57a03d63e041896cc09626e3e5089c7c318efa96b0eefb3a4055645cc5599"
"tracked","SpeechMessageProducts.ChurchReport/Controllers/AuthenticationController/AuthenticationController.Password.cs","2980","2026-07-10T07:36:30.7865157Z","be685cf358bd5ede2a9e38029e02424e42af94daa3e157cfea10ca08ce49beb6"
"tracked","SpeechMessageProducts.ChurchReport/Controllers/AuthenticationController/AuthenticationController.Private.cs","22268","2026-07-10T07:36:30.7865157Z","53b7f8d611d50e54a31b5e1a896e785cd0d3d29870c6ebd6b80d7652c0be1473"
"tracked","SpeechMessageProducts.ChurchReport/Controllers/AuthenticationController/AuthenticationController.SaveUserId.cs","3430","2026-07-10T07:36:30.7865157Z","45e6d7bb52271b3e62c4cca6e1930ba8f8945a82b2258ca6236abf7ab1a932d4"
"tracked","SpeechMessageProducts.ChurchReport/Controllers/AuthenticationController/AuthenticationController.Session.cs","4839","2026-07-10T07:36:30.7875142Z","0b6c2218f5f088d77b37254c282fb3573200f423ae93c64b805071c6d07ba828"
"tracked","SpeechMessageProducts.ChurchReport/Controllers/BaseChurchController.cs","55859","2026-07-10T07:36:30.7875142Z","a6f7efdf0676f723325bb3073bf55774987b38eb44b480c96c909efd9709a6f1"
"tracked","SpeechMessageProducts.ChurchReport/Controllers/DedicationAuditController.cs","14503","2026-07-10T07:36:30.7875142Z","12d9bbd496b7de2380d91d6a67e62ee5b7874b0b8ebba117301be00f42e0ba12"
"tracked","SpeechMessageProducts.ChurchReport/Controllers/DedicationController.cs","33230","2026-07-10T07:36:30.7885141Z","a14a5101452ae3770a7ee54d504dfd9b8f09e8d98a6af04f0802c3139fe515b0"
"tracked","SpeechMessageProducts.ChurchReport/Controllers/DiagnosticsController.cs","12808","2026-07-10T07:36:30.7885141Z","7b2c160d51c47fd2ccb0b80efd8e7406c817466157611e47f6e40080c5efd062"
"tracked","SpeechMessageProducts.ChurchReport/Controllers/DonationPaymentLoginController.cs","8928","2026-07-10T07:36:30.7885141Z","3701bf24d60ab0488b38efe054a41ea67b863f9de8ca3eb0d315ef6ef03d9a93"
"tracked","SpeechMessageProducts.ChurchReport/Controllers/EquipmentController.cs","26572","2026-07-10T07:36:30.7885141Z","5f24b69694d04250314194c0d47b7a98ddb47e68a460c4aa33c2e4082cbcdef6"
"tracked","SpeechMessageProducts.ChurchReport/Controllers/FeeManagementController.cs","28717","2026-07-10T07:36:30.7885141Z","768f52eaff557ecae4051302e99e615add96f45cdcc643b3922df33531bceea4"
"tracked","SpeechMessageProducts.ChurchReport/Controllers/HomeController.cs","34255","2026-07-10T07:36:30.7900174Z","cc96e6f174a14658a63c3595adabc96e3d56d4caf0cadd30d10acf10bce62bfc"
"tracked","SpeechMessageProducts.ChurchReport/Controllers/ListManagementController.cs","23020","2026-07-10T07:36:30.7900174Z","ee7a2c5a785539ddba8a1b55be77ecc20e863e76651a5967c120dac05fc62092"
"tracked","SpeechMessageProducts.ChurchReport/Controllers/MemberInfoController.cs","98622","2026-07-10T07:36:30.7900174Z","a1a0fb7db10573b320f4eadfde5c8343cd1f74bb5da9d35ef0e58da6e6c67297"
"tracked","SpeechMessageProducts.ChurchReport/Controllers/MyPayController.cs","10897","2026-07-10T07:36:30.7910211Z","e451aa9893d173da3756c155ad926a24d1df86f7a3961ae99115dcedce692bff"
"tracked","SpeechMessageProducts.ChurchReport/Controllers/NewPersonController.cs","22734","2026-07-10T07:36:30.7910211Z","e8e7f4faf8a9a7881b899fd5dfe9c42637d01728666693c4b7de2bf3a7503e9c"
"tracked","SpeechMessageProducts.ChurchReport/Controllers/PaymentReturnController.cs","11826","2026-07-10T07:36:30.7910211Z","ca70c93413fbb00723ab7ca25bd910ba43010ff2ebea8a56047632a90613fb42"
"tracked","SpeechMessageProducts.ChurchReport/Controllers/PerformanceController.cs","9026","2026-07-10T07:36:30.7920209Z","41b1ac8ef21696fc178a4d96c45a3acf7bbd126b09ffd5d1d8e66ee1040cfae8"
"tracked","SpeechMessageProducts.ChurchReport/Controllers/PersonalController.cs","72761","2026-07-10T07:36:30.7920209Z","311e0277d0b171d76669073b4ae4cc1f84cf2492d29f12ce9b521ab9695074f2"
"tracked","SpeechMessageProducts.ChurchReport/Controllers/PersonalController.ImageUpload.cs","29746","2026-07-10T07:36:30.7920209Z","900f0f5de9e635df470175278a77788dac5853c8bdc3b94d2b095be9c6d16550"
"tracked","SpeechMessageProducts.ChurchReport/Controllers/PhoneBindingController.cs","7657","2026-07-10T07:36:30.7930209Z","d0bc6308285a6c311510ded5641e9064cc82edf1642ca69e53af419e8bd48d80"
"tracked","SpeechMessageProducts.ChurchReport/Controllers/QrCodeController.cs","18836","2026-07-10T07:36:30.7930209Z","f59f2c1c815faedd876742af55730ae999d836d3f4d6e6c2807b8695112cb1e4"
"tracked","SpeechMessageProducts.ChurchReport/Controllers/SchedulerController.cs","1898","2026-07-10T07:36:30.7930209Z","646ca059e4c90a9ec9cedab358c519b05e5f3e26418a9ca0448de1685bcfe385"
"tracked","SpeechMessageProducts.ChurchReport/Controllers/SmallGroupController/SmallGroupController.Cache.cs","4464","2026-07-10T07:36:30.7936284Z","37eafa67bc120f220fad33c0b4c7213cd156a8f7160de7e2557380147b3c7040"
"tracked","SpeechMessageProducts.ChurchReport/Controllers/SmallGroupController/SmallGroupController.Core.cs","4881","2026-07-10T07:36:30.7936284Z","e28f5874048d114c886b59dfca8dc4a4ba4a860c64566fa9e4cb11da2cf0e475"
"tracked","SpeechMessageProducts.ChurchReport/Controllers/SmallGroupController/SmallGroupController.Crud.cs","6161","2026-07-10T07:36:30.7936284Z","68b40bf16c3a47e1b67fb8f44b8c26e9dcc0fa78fee369be480035c37725d595"
"tracked","SpeechMessageProducts.ChurchReport/Controllers/SmallGroupController/SmallGroupController.DataApi.cs","21246","2026-07-10T07:36:30.7936284Z","a52dac2b54b45e0940deb7b9cc787e9636decead6f1c80ed4e8cc5fa8bd2a426"
"tracked","SpeechMessageProducts.ChurchReport/Controllers/SmallGroupController/SmallGroupController.Date.cs","7244","2026-07-10T07:36:30.7946667Z","1247d7c83bea62596c247770a4c8252dc3ba4dda2d241ab29012c007172ae700"
"tracked","SpeechMessageProducts.ChurchReport/Controllers/SmallGroupController/SmallGroupController.IntegrateView.cs","5334","2026-07-10T07:36:30.7946667Z","a2fcf409dc4c535098df3dca388f97307d2bd118da76524cea242cf87555ceb1"
"tracked","SpeechMessageProducts.ChurchReport/Controllers/SmallGroupController/SmallGroupController.LineLogin.cs","4464","2026-07-10T07:36:30.7946667Z","5f826a1ec75e10ea6b6a1e4462f6b1ec4af594e8a6ec4e9023340f093e659e35"
"tracked","SpeechMessageProducts.ChurchReport/Controllers/SmallGroupController/SmallGroupController.MultiGroupView.cs","4698","2026-07-10T07:36:30.7956660Z","ef7c8b51e48ace2f24efe8b6593b84a4d9a255a7c8d036aefc3d98eef85bb325"
"tracked","SpeechMessageProducts.ChurchReport/Controllers/SmallGroupController/SmallGroupController.Save.cs","18249","2026-07-10T07:36:30.7956660Z","96fd11473bd75906dd433a39ca75657e4a6058be05c5e79b10523bce2d33e661"
"tracked","SpeechMessageProducts.ChurchReport/Controllers/SmallGroupController/SmallGroupController.ViewBag.cs","3476","2026-07-10T07:36:30.7956660Z","34a26e4c4118df3723af227641f9bd69832c46a230aa42c71aaf85c1007bd822"
"tracked","SpeechMessageProducts.ChurchReport/Controllers/SmallGroupController/SmallGroupReportController.cs","3764","2026-07-10T07:36:30.7956660Z","e38e2a28103c9a26a299b9336317c31982696e3ec65d1112c0d23186322bdd4b"
"tracked","SpeechMessageProducts.ChurchReport/Controllers/TSPGController.cs","17815","2026-07-10T07:36:30.7966658Z","a656434bc24608c1ddb5807e6574f6c535c78d15e514a3491b1ae36c87d8ca7c"
"tracked","SpeechMessageProducts.ChurchReport/Diagnostics/Profiling/PerfPhase.cs","2585","2026-07-10T07:36:30.7966658Z","fd559ff3cbc3848dbdccf37e040a74abb6810b5c2ab5d59b8bd1611ceccec744"
"tracked","SpeechMessageProducts.ChurchReport/Diagnostics/Profiling/PerfThresholds.cs","2362","2026-07-10T07:36:30.7966658Z","873bf4a9243a89355bc592982975c73be8b7d8c2be54c1a18c7f5719150d3c05"
"tracked","SpeechMessageProducts.ChurchReport/Diagnostics/Profiling/ProfilingSwitch.cs","1922","2026-07-10T07:36:30.7966658Z","f6ff173cd9f8f8b828a1b93acec63ecaec1dd6108c4259018a30fd323b6f15aa"
"tracked","SpeechMessageProducts.ChurchReport/Diagnostics/Profiling/RequestProfiler.cs","8724","2026-07-10T07:36:30.7976656Z","72b55d10cb1d53d3d7f44247295397d4c9a765d4b5fd4c248e19225988e1fbf2"
"tracked","SpeechMessageProducts.ChurchReport/Diagnostics/Profiling/StartupProfiler.cs","2601","2026-07-10T07:36:30.7976656Z","1e26c55f3782cf1db82cedb0f65bcf77ea449707b1fe5adf20a388a74a78582a"
"tracked","SpeechMessageProducts.ChurchReport/Diagnostics/Profiling/TimedOrganizationService.cs","4794","2026-07-10T07:36:30.7976656Z","841f79eba7f5483dc057931849f91a0a32bf172b91f5352b659a34c7802ee769"
"tracked","SpeechMessageProducts.ChurchReport/Diagnostics/Profiling/TimedToolUtilityProvider.cs","3043","2026-07-10T07:36:30.7976656Z","dc492751337fe258b23bd74d7c4f4e253e82988ed8a95d1a6f73f59328fdc7f7"
"tracked","SpeechMessageProducts.ChurchReport/Domain/Constants/CommitmentConstants.cs","9758","2026-07-10T07:36:30.7986667Z","8526e56d51326292657b6e1da8ff7511862a985ba44849b27df3213fcc14f586"
"tracked","SpeechMessageProducts.ChurchReport/DotNetPublish/DotNetPublish-PublishReadyToRun.bat.txt","658","2026-07-10T07:36:30.8001698Z","ab8bd6a2fbb70c16662b4651f7ce1538a6ac823c95d4e54a130d22cabf467d43"
"tracked","SpeechMessageProducts.ChurchReport/DotNetPublish/DotNetPublish-PublishReadyToRun-備份.txt","3511","2026-07-10T07:36:30.8001698Z","94baec8b92139027de1fd09526769979bd4d12cccb5302f6f536ca238e41b66e"
"tracked","SpeechMessageProducts.ChurchReport/DotNetPublish/DotNetPublish-Release-AOT.bat","141","2026-07-10T07:36:30.8001698Z","086f146a7a41b8cda15719b4250610364efef7b3b8b86dfe74b64ac0dbb16df2"
"tracked","SpeechMessageProducts.ChurchReport/DotNetPublish/DotNetPublish-Release-Trimmed.bat","116","2026-07-10T07:36:30.8001698Z","895027db0c555bc1b0160ae4dd6df6631896f83bf6a74973381bfb08f523185a"
"tracked","SpeechMessageProducts.ChurchReport/DotNetPublish/DotNetPublish-SelfContained-Debug.bat","107","2026-07-10T07:36:30.8001698Z","66ad3cdef35aa6971e7829d455bd4b457246c6bfc3b9f0c21022f547fb43ffeb"
"tracked","SpeechMessageProducts.ChurchReport/DotNetPublish/DotNetPublish-SelfContained-Release.bat","111","2026-07-10T07:36:30.8011728Z","8c4edf337a4f6d20fafa5a2480405de13d7303c6e38042976903e2c7a15a0b72"
"tracked","SpeechMessageProducts.ChurchReport/DotNetPublish/DotNetPublish-SelfContained-Release-AOT.bat","163","2026-07-10T07:36:30.8011728Z","d724862053d29ff93a64ab5a8e17be21f491ff470f3cfbb0c1f5f9cf23bf9963"
"tracked","SpeechMessageProducts.ChurchReport/DotNetPublish/DotNetPublish-SelfContained-Release-AOT-Include.bat","272","2026-07-10T07:36:30.8001698Z","432f5bf1c27733d6e358f912fd76ed7731df0a49baa1b74cc2a4704219dc68a1"
"tracked","SpeechMessageProducts.ChurchReport/DotNetPublish/DotNetPublish-SelfContained-Release-AOT-SingleFile.bat","303","2026-07-10T07:36:30.8011728Z","6459057e8d94a944b678c678c074cfa01f892cb0828ff869c9299fbfecb46eb3"
"tracked","SpeechMessageProducts.ChurchReport/DotNetPublish/DotNetPublish-完整範例.bat","308","2026-07-10T07:36:30.8011728Z","fabfed2ada3ad1400b97b102791ff3dab3e2944015fbbca555e946d52f555ef0"
"tracked","SpeechMessageProducts.ChurchReport/DotNetPublish/DotNetPublish-單檔模式.bat","126","2026-07-10T07:36:30.8011728Z","d370ad0c55aa11e33b49d1aaf7c06d3d29d9c3279eebc0839656684d38a513dd"
"tracked","SpeechMessageProducts.ChurchReport/DotNetPublish/DotNetPublish-單檔模式-移除沒用到的程式庫.bat","125","2026-07-10T07:36:30.8011728Z","a45648715e880eb9779ef4738b425d9c5713ae845f95f94826181edac2496aa2"
"tracked","SpeechMessageProducts.ChurchReport/DotNetPublish/DotNetPublish-最推薦.bat","295","2026-07-10T07:36:30.8021734Z","4e89405f27ec3b348bfbe8384ce7468bc6db9f01c5a170c2e891691a66c8c384"
"tracked","SpeechMessageProducts.ChurchReport/DotNetPublish-Debug.bat","64","2026-07-10T07:36:30.7986667Z","12c9bb10bc0f501a5741a663e26e8b69786a60b2957aeb0832e9aafe29b743d6"
"tracked","SpeechMessageProducts.ChurchReport/DotNetPublish-Release-Deploy-Official-Production.bat","6869","2026-07-10T07:36:30.7986667Z","40c34986fc5ccad4386ed0d291bcfe0942e901595990dcda9434fd84101fe879"
"tracked","SpeechMessageProducts.ChurchReport/DotNetPublish-Release-MaxThroughput.bat","622","2026-07-10T07:36:30.7986667Z","ef75314e052a7417aca034494b72f68577c31b4d9a7bbc731c84f0756502645d"
"tracked","SpeechMessageProducts.ChurchReport/DotNetPublish-Release-WebMax.bat","566","2026-07-10T07:36:30.7986667Z","139c09d20d36c362004cb963532932d1744c875141721911ee1205c4bb913469"
"tracked","SpeechMessageProducts.ChurchReport/Extensions/ArrayPoolExtensions.cs","5604","2026-07-10T07:36:30.8021734Z","1f0f85972d1af02abd8aba7068964beaec7b389cd9de9f0ab11a149ac58b51b9"
"tracked","SpeechMessageProducts.ChurchReport/Extensions/AsyncEnumerableExtensions.cs","8221","2026-07-10T07:36:30.8021734Z","1087012bd176f870f133e0f6961b73c8ee4b98461ec37cc3749bcb7a643cd0b7"
"tracked","SpeechMessageProducts.ChurchReport/Extensions/ListManagerCacheExtensions.cs","8600","2026-07-10T07:36:30.8021734Z","28b102ab0aa02c43f6c4b4a7b8efe36ee09cd1dcdb085aded1512b3b6d170681"
"tracked","SpeechMessageProducts.ChurchReport/Filters/GlobalAuthorizationFilter.cs","3294","2026-07-10T07:36:30.8031729Z","2354e55e766d1d3f051bf426f7963ce5ea5944576b3b1eaf7301d3717bf95d36"
"tracked","SpeechMessageProducts.ChurchReport/Filters/PerfTimingActionFilter.cs","4313","2026-07-10T07:36:30.8031729Z","3d53d7741606d17b6ffecd7d2b0744f5cf8fd631ca08da643874bd55ac62b1ef"
"tracked","SpeechMessageProducts.ChurchReport/Filters/StrictNoCacheFilter.cs","5592","2026-07-10T07:36:30.8031729Z","6faaf880ac3844ad3c668cffe6d1972f7c426b12c6916630834aa72454230808"
"tracked","SpeechMessageProducts.ChurchReport/Filters/ThemeViewDataFilter.cs","4662","2026-07-10T07:36:30.8031729Z","dc8448bc7713aa29d326df38c9a59b4f5b43c3762981e07a50324d2b5faa27ca"
"tracked","SpeechMessageProducts.ChurchReport/Logging/FileLoggerProvider.cs","4779","2026-07-10T07:36:30.8041729Z","d50a65be04c44b70a6a00e1e45be2cc34d45d98a4d7aff1f8e81eabf313e6cb0"
"tracked","SpeechMessageProducts.ChurchReport/Logging/TraceLoggerProvider.cs","4906","2026-07-10T07:36:30.8041729Z","430151a7ddaec68a2d3b902a322cc4e7d5ac1640702ec78007257726d8209cfd"
"tracked","SpeechMessageProducts.ChurchReport/Middleware/IdentityAuditCleanupService.cs","7475","2026-07-10T07:36:30.8041729Z","ac3f31f1aa21e6b6b329915a7ae03619182f7377a6023ee79015ee595e25a8d3"
"tracked","SpeechMessageProducts.ChurchReport/Middleware/IdentityAuditMiddleware.cs","10117","2026-07-10T07:36:30.8041729Z","91cc8e22d983a38e9658b6639edb2ac733b088c325e9a9f2d3e3c175fae6037c"
"tracked","SpeechMessageProducts.ChurchReport/Middleware/MiniAppDetectionMiddleware.cs","4147","2026-07-10T07:36:30.8041729Z","99b44f8567d367b9fa508f592607038409875d98204ac02aab3d2f7929504426"
"tracked","SpeechMessageProducts.ChurchReport/Middleware/PerformanceMonitoringMiddleware.cs","4986","2026-07-10T07:36:30.8051729Z","2116d282ff93bbc8be0ebe05eb3642df1f60b5d6ea02997d0881c7cb7dda99f8"
"tracked","SpeechMessageProducts.ChurchReport/Middleware/PerfProfilingMiddleware.cs","4420","2026-07-10T07:36:30.8051729Z","e4bbdff0a051560a6b6f193b273d6bf71a01e2f0221ea264a6f19f928df0c32b"
"tracked","SpeechMessageProducts.ChurchReport/Middleware/SessionMonitoringMiddleware.cs","2371","2026-07-10T07:36:30.8051729Z","ee30d2ce3eb031b01790ed6bf173d7d499eaecfe577f4142e8d5b76fe5df0b1d"
"tracked","SpeechMessageProducts.ChurchReport/Middleware/SessionValidationMiddleware.cs","11890","2026-07-10T07:36:30.8051729Z","3015b5a1640f2423d389589c3df8693c1c45f657dc252a74c5ba9824a6de9f18"
"tracked","SpeechMessageProducts.ChurchReport/Middleware/StaticRequestPathHelper.cs","4806","2026-07-10T07:36:30.8060499Z","7decf76f52985137080505a95fc5721b2d5738ead9e5c66eb1a3a22a6b216fc9"
"tracked","SpeechMessageProducts.ChurchReport/Middleware/WebCacheDeceptionMiddleware.cs","4453","2026-07-10T07:36:30.8060499Z","52dd4b365128099ec028904827aa853d3cac13752a30ec3531f18a7a37093d25"
"tracked","SpeechMessageProducts.ChurchReport/Models/Appointment.cs","2110","2026-07-10T07:36:30.8060499Z","86cd874baf4a6276aa01fb179d86c65f8a2ca9155873289ce3ee51e5a8da7ae5"
"tracked","SpeechMessageProducts.ChurchReport/Models/AppointmentsListManager.cs","6884","2026-07-10T07:36:30.8060499Z","bc0feccb4ed77b772fe652f4c344648e6b6b2c41889835ddf18bb6a38ccf6088"
"tracked","SpeechMessageProducts.ChurchReport/Models/AreaLeader.cs","1947","2026-07-10T07:36:30.8060499Z","2335df16b41d17b30e36aedb42ca9f7a49923d0309b9498d6ad177c24ebcc287"
"tracked","SpeechMessageProducts.ChurchReport/Models/Authentication/AuthResult.cs","3280","2026-07-10T07:36:30.8072076Z","7a3245e22dfdf87a96e0e0884d57ee9d78cbc10761cd8b8dd526b06b32bb411f"
"tracked","SpeechMessageProducts.ChurchReport/Models/Authentication/LoginRequest.cs","2157","2026-07-10T07:36:30.8072076Z","4d9aa4b8ffdfe672b29b63354d3b0bb3d00ee0b2f8aef540aa52fd0a4908010c"
"tracked","SpeechMessageProducts.ChurchReport/Models/Authentication/LoginResponse.cs","2398","2026-07-10T07:36:30.8072076Z","8270e7039cf08ae9d570b2b3b224d66e24812af5cf93f07eba244b6916b199bd"
"tracked","SpeechMessageProducts.ChurchReport/Models/Authentication/SessionData.cs","2810","2026-07-10T07:36:30.8072076Z","a0e72cc0c57587b8faa550938255274f1d8efc413bc68519741b25a1c44ef0d9"
"tracked","SpeechMessageProducts.ChurchReport/Models/BestRecord.cs","2546","2026-07-10T07:36:30.8082077Z","accfcd42c01374b1839ffe945daa5b8cf078361890450b1f9130cdb21e44829d"
"tracked","SpeechMessageProducts.ChurchReport/Models/ChartData.cs","1719","2026-07-10T07:36:30.8082077Z","fb275ae5999523d6d8f7890b123ac1d82a9c4b53df339b29da02e6cf08b406c3"
"tracked","SpeechMessageProducts.ChurchReport/Models/ChartDataList.cs","1547","2026-07-10T07:36:30.8082077Z","0421c5d759d16d525e9ecdef47ad7f3c8002af2571b09a2793b00ad83dce6008"
"tracked","SpeechMessageProducts.ChurchReport/Models/ChurchRoot.cs","1736","2026-07-10T07:36:30.8082077Z","483caa294540ebd5f4921df484a6c52ec9ee8a306269871a8bb6b35794b6951e"
"tracked","SpeechMessageProducts.ChurchReport/Models/ClassName.cs","3881","2026-07-10T07:36:30.8092074Z","beff0dbbf847fb667a147b6e974a68622f71f9c997f228d9db63ee85da3c3878"
"tracked","SpeechMessageProducts.ChurchReport/Models/ContactMember.cs","3102","2026-07-10T07:36:30.8092074Z","09a65a1858d78511c615395be491605d5c6f125ab0474a2e939f23bfeda17f1c"
"tracked","SpeechMessageProducts.ChurchReport/Models/ContextDictionary.cs","9931","2026-07-10T07:36:30.8092074Z","e28620fc5731346eec76f717e96b7213f21a80b694eb1692af9f96aac17e2f20"
"tracked","SpeechMessageProducts.ChurchReport/Models/CreditCard.cs","2061","2026-07-10T07:36:30.8092074Z","55c0a14f3272af4af7ab38f88a3291504d1725c7857c6ff4d4b167f13c8aecbb"
"tracked","SpeechMessageProducts.ChurchReport/Models/CrmTransmitModule/TransmitMemberInfomation.cs","18989","2026-07-10T07:36:30.8107189Z","e7b6a5fde19e4b7a3c9a554f3f32f484e1e47a0728ae0b9331cc8e45150a1da8"
"tracked","SpeechMessageProducts.ChurchReport/Models/DedicationBooking.cs","2629","2026-07-10T07:36:30.8107189Z","aaa8f5ca77b3cc84684f1b64e948a818b4582bba4edb991458de6b31ccc85282"
"tracked","SpeechMessageProducts.ChurchReport/Models/DedicationFee.cs","2429","2026-07-10T07:36:30.8107189Z","ad2a7ac85aa7281f671327ddba6051f262ad671d003a354d7ce9a9b748c55fbb"
"tracked","SpeechMessageProducts.ChurchReport/Models/DedicationInfoModel.cs","2246","2026-07-10T07:36:30.8107189Z","bc0ad1f2a0ffade5ef10c8ac2ccdae3aea29eb1050ac2c90cc22ef6cb3b0fba2"
"tracked","SpeechMessageProducts.ChurchReport/Models/DedicationModel.cs","1833","2026-07-10T07:36:30.8107189Z","88eefbab65815f78c7116d40776b67e8595bd6dc58a78e22f2f64d49c85a55f5"
"tracked","SpeechMessageProducts.ChurchReport/Models/DonationPaymentFormModel.cs","8674","2026-07-10T07:36:30.8117243Z","00ef1bb781718827cf0ac7e1ead3d684bef008a876dd236bc7af90390ac292a5"
"tracked","SpeechMessageProducts.ChurchReport/Models/DonationPaymentManager.cs","32591","2026-07-10T07:36:30.8117243Z","e6f5f5cab8af910a5a73318752a16e3c0453d9d98d8914a746926d93916f12f0"
"tracked","SpeechMessageProducts.ChurchReport/Models/EquipmenSmallGroup.cs","2000","2026-07-10T07:36:30.8127242Z","a4f310d124ce201b4e52c7f18030bdb37f70f4862e1ab314054feed2ad1d2fbf"
"tracked","SpeechMessageProducts.ChurchReport/Models/EquipmentContact.cs","2505","2026-07-10T07:36:30.8127242Z","ffee5a0642a2898af10fe0b64d4cb63b238d361b1842514e2b2e4a97f06c4467"
"tracked","SpeechMessageProducts.ChurchReport/Models/EquipmentDataManager.cs","20799","2026-07-10T07:36:30.8127242Z","2097b04bb234203b32b765f431d72618d5ddb0006d0bf850a86eeb9c2ba30c2c"
"tracked","SpeechMessageProducts.ChurchReport/Models/EquipmentRootClass.cs","1768","2026-07-10T07:36:30.8127242Z","1540b40c6b90487aaaa3a426754521995551f0439902d7b84b064fe161b0a7fb"
"tracked","SpeechMessageProducts.ChurchReport/Models/EquipmentStorLessons.cs","2702","2026-07-10T07:36:30.8137237Z","d6969b62d4eafaf8e9f06cd83ff65425b12f7fc4c2e43a1c544f1f23e008086a"
"tracked","SpeechMessageProducts.ChurchReport/Models/Fee.cs","5806","2026-07-10T07:36:30.8137237Z","26872636f2ed30737a2674728ba1431bb005a470fa77fdcbdc8262a086ec4d32"
"tracked","SpeechMessageProducts.ChurchReport/Models/FeeList.cs","15747","2026-07-10T07:36:30.8137237Z","77348323e9b89088bc00fca3e3f071ba1d2bd4a973491e377ef0990747c42ff0"
"tracked","SpeechMessageProducts.ChurchReport/Models/HappyGroupDataManager.cs","23394","2026-07-10T07:36:30.8137237Z","e82972a7476d430f1a0ee42421172c65f40b08a1f023336eac4afc0d46237f4d"
"tracked","SpeechMessageProducts.ChurchReport/Models/HappyGroupListClass.cs","1826","2026-07-10T07:36:30.8147244Z","ad99928617b4f65a463a0ee4fc51c42f24ce828c7d12d535662e56efc2e58776"
"tracked","SpeechMessageProducts.ChurchReport/Models/HappyGroupWeeklyReport.cs","2977","2026-07-10T07:36:30.8147244Z","688edbd0c68ea8eb74ead49935e247463ea7e496b2932f055385a1e874b52292"
"tracked","SpeechMessageProducts.ChurchReport/Models/HappyGroupWeeklyReportListClass.cs","2134","2026-07-10T07:36:30.8147244Z","d021d659883cfea37184178300a8bab493504f9cc399a3b2ee6c6b14dfb9d8de"
"tracked","SpeechMessageProducts.ChurchReport/Models/HolidayClass.cs","2348","2026-07-10T07:36:30.8147244Z","eedd007af1ce5f2a217dc80ca5fcf160e5bf7970e8874b0c0a07d87aab251388"
"tracked","SpeechMessageProducts.ChurchReport/Models/IInMemoryDataContext.cs","3872","2026-07-10T07:36:30.8147244Z","fba094da95efd993dcce8d54ccb1fd155a345ae2a888666099631914cc3eb364"
"tracked","SpeechMessageProducts.ChurchReport/Models/InMemoryAppointmentsDataContext.cs","3097","2026-07-10T07:36:30.8157241Z","07964d2608b2720b0090381d835df38e087241214b040c723d5de220fab8fab4"
"tracked","SpeechMessageProducts.ChurchReport/Models/InMemoryDataContextSmallGroup.cs","61205","2026-07-10T07:36:30.8157241Z","28c0f839b2a93bede25332c8452867f7344e2e840c585c4fbfad4f0620cc8952"
"tracked","SpeechMessageProducts.ChurchReport/Models/Lesson.cs","2344","2026-07-10T07:36:30.8157241Z","37cb04c84ad5d0d35a3cdbdd5447c8df5e2ba12baf734d84107ee1c5a45201c7"
"tracked","SpeechMessageProducts.ChurchReport/Models/ListManagementDataManager.cs","121447","2026-07-10T07:36:30.8167239Z","fbda682d436bc0951477ad2dfbc6d8df2fe3bf64ee1ecae5c1727dc6a7ce8642"
"tracked","SpeechMessageProducts.ChurchReport/Models/ListManager.cs","30155","2026-07-10T07:36:30.8167239Z","e78871f035b2b367142f3c86eed9eca9fa22abc8272f7c4d767c5b92e30c5fc4"
"tracked","SpeechMessageProducts.ChurchReport/Models/ListSmallGroupWeeklyReport.cs","24099","2026-07-10T07:36:30.8167239Z","12ad8aea5bcbf289692aeaee8a41a3aa83deb409f28041f178222d1405b49b42"
"tracked","SpeechMessageProducts.ChurchReport/Models/MapData.cs","1781","2026-07-10T07:36:30.8167239Z","42d39fe6e181cbce6a476a6f3cd6a1a0ee903a3b4dd13bc2061d438f1d2574d3"
"tracked","SpeechMessageProducts.ChurchReport/Models/MapDataList.cs","1535","2026-07-10T07:36:30.8177241Z","de2910103ae066f02a744ca768afa0e47916b5636a4cc22802184fcb41f87705"
"tracked","SpeechMessageProducts.ChurchReport/Models/Member.cs","5851","2026-07-10T07:36:30.8177241Z","3e64bf43970524f8c6d92dc5cfd095bbef9e5104ff71e88893799e9215e66a0c"
"tracked","SpeechMessageProducts.ChurchReport/Models/MultiGroupChartData.cs","1629","2026-07-10T07:36:30.8177241Z","ae73074da862e9726e46f8353e4286545be3e99ae4e4fa4403a690bce40f729a"
"tracked","SpeechMessageProducts.ChurchReport/Models/MultiGroupChartDataList.cs","1607","2026-07-10T07:36:30.8177241Z","3a8ec40f2457058770d72eefe463b46f4c2fbb0edc4d68c37a1766368e42ac24"
"tracked","SpeechMessageProducts.ChurchReport/Models/MultiGroupList.cs","1731","2026-07-10T07:36:30.8185664Z","c506e69cc856046cf99b905acaa25eb5567c9ad403aba4eb454fa28cad5d45be"
"tracked","SpeechMessageProducts.ChurchReport/Models/NewPersonModel.cs","13489","2026-07-10T07:36:30.8185664Z","18df7acff9860397998d8ca935f052c6703dd0574b92ed003374d6770a8debec"
"tracked","SpeechMessageProducts.ChurchReport/Models/PayPage.cs","12599","2026-07-10T07:36:30.8185664Z","9bfe0f85c726236858e6ad5b4d7b789d71304c5f6f78cc82c1b00328d4ad251e"
"tracked","SpeechMessageProducts.ChurchReport/Models/PayPageResponse.cs","2382","2026-07-10T07:36:30.8185664Z","e80fef22800c8ba7c36bd70efe6b77e73b3f03f65a3e21842171f5cd1423b171"
"tracked","SpeechMessageProducts.ChurchReport/Models/PersonalInfomationModel.cs","7668","2026-07-10T07:36:30.8185664Z","6032cbba5f9a4f806026bfd485040ad49ad2a526a6afe5212f45cdd0c815f763"
"tracked","SpeechMessageProducts.ChurchReport/Models/PollManager.cs","33567","2026-07-10T07:36:30.8202263Z","263dfa48663196608fd2c35f4a9758346906b5cbcb5472059630b7b3e2c17229"
"tracked","SpeechMessageProducts.ChurchReport/Models/PollModel.cs","3537","2026-07-10T07:36:30.8202263Z","caf5c1cb73e64838bc9f770124b2817ba7d8e7eec997990958599fc17bb68360"
"tracked","SpeechMessageProducts.ChurchReport/Models/ProductItem.cs","2147","2026-07-10T07:36:30.8202263Z","75be3117a1bb217f465a0f7637511c15c584a7a5fd24055b30f3dd796e404fc7"
"tracked","SpeechMessageProducts.ChurchReport/Models/RaceLeader.cs","2371","2026-07-10T07:36:30.8202263Z","ea5d97f52b9ab9b467cb92d6a91a39157103e8410ea26888f11e43ccb7a91e57"
"tracked","SpeechMessageProducts.ChurchReport/Models/RegisterManager.cs","2039","2026-07-10T07:36:30.8212304Z","e9fa67847da54bcd1a7ba2a7da9c7da7584c370e01e48da14690807bc7cce274"
"tracked","SpeechMessageProducts.ChurchReport/Models/SameNameElement.cs","1804","2026-07-10T07:36:30.8212304Z","2aedb53671d0f75df140be9fbafaeb96b4c3f7432d43f82573c87e11de06eb90"
"tracked","SpeechMessageProducts.ChurchReport/Models/ShepherdMethod.cs","1509","2026-07-10T07:36:30.8212304Z","bebfed4fd2a9978517297b3df74b2db13e80cf16d961f683663493e39178f1f6"
"tracked","SpeechMessageProducts.ChurchReport/Models/ShepherdMethods.cs","2252","2026-07-10T07:36:30.8212304Z","e97acde34a890450a998aa63dfb10888975607e4e4c341e2a2794d0c75dc9a84"
"tracked","SpeechMessageProducts.ChurchReport/Models/SmallGroup.cs","3119","2026-07-10T07:36:30.8212304Z","e2d899349435d64f96ff797fe00b4e0271a26963581d4ccf521a95867f3a40eb"
"tracked","SpeechMessageProducts.ChurchReport/Models/SmallGroupData.cs","6594","2026-07-10T07:36:30.8222299Z","402a21c63cf05ab21f910606bfad48dcafe1810c6fcf14484999570dc909b3a1"
"tracked","SpeechMessageProducts.ChurchReport/Models/SmallGroupDataList.cs","12275","2026-07-10T07:36:30.8222299Z","4af0a802032bcf6d213ea8b9bdcdb9413c81296a6ab21be2958e373674808441"
"tracked","SpeechMessageProducts.ChurchReport/Models/SmallGroupReportData.cs","1698","2026-07-10T07:36:30.8227430Z","9a6782ec1a09ed816f851907089a8fa884812fe90d23a47a3e9a90a7ed7e9d58"
"tracked","SpeechMessageProducts.ChurchReport/Models/SpiritLeadeList.cs","1880","2026-07-10T07:36:30.8227430Z","d864e8e97e6000e107b907e5d8e89facb3afd6f5b95fcfbb5916ad7bba6dd9de"
"tracked","SpeechMessageProducts.ChurchReport/Models/SpiritLeader.cs","1555","2026-07-10T07:36:30.8227430Z","11f0e17fb15ff440b4babd00caff3a135086c4ceee5d9afb09476df4fa9fa34b"
"tracked","SpeechMessageProducts.ChurchReport/Models/WeeklyReportData.cs","3433","2026-07-10T07:36:30.8227430Z","c7e65179646853475cc4ab12ed2d6f6fde924f817d530165d26a7a24666eb538"
"tracked","SpeechMessageProducts.ChurchReport/Models/WeeklyReportRecord.cs","4186","2026-07-10T07:36:30.8227430Z","56fdaa8bf93bee4654c638d5531ab5a228f92fdd746f93c983692d7dc9d861df"
"tracked","SpeechMessageProducts.ChurchReport/NuGet.config","255","2026-07-10T07:36:30.8239454Z","042c16069e419c52cb64212e75fe589c0ece71640ae83398a31a1d24b4013b0f"
"tracked","SpeechMessageProducts.ChurchReport/NuGet.config.bak","255","2026-07-10T07:36:30.8239454Z","2c8cba20841db9bf7fc9ee59c68c29b9ae0fae3ea5401bf0ffb881d11da8afbb"
"tracked","SpeechMessageProducts.ChurchReport/Payments/ChurchReportPaymentContextBuilder.cs","5963","2026-07-10T07:36:30.8239454Z","76bb42c2fd0734a83fd5af1c353aa3a5cd1ee4b8c3db5f4c03ccc105f767ce34"
"tracked","SpeechMessageProducts.ChurchReport/Payments/ChurchReportPaymentPostPaymentHandlers.cs","6480","2026-07-10T07:36:30.8239454Z","f0464b0b0bc2804276a014fb0372875681a1aeeceb4493a9a0ca1b693e69fae3"
"tracked","SpeechMessageProducts.ChurchReport/Payments/ChurchReportPaymentProfileResolver.cs","3406","2026-07-10T07:36:30.8249945Z","e0752be5c160d1b257b386113c7017e9e0683ce56ad47270b15e361d00ced73d"
"tracked","SpeechMessageProducts.ChurchReport/Payments/DonationPaymentCreateGatewayAdapter.cs","12141","2026-07-10T07:36:30.8249945Z","c403aa6b85f3d33e8cd2b36d0a97efbc126f4eb083252f048d4e426b52bc6ebf"
"tracked","SpeechMessageProducts.ChurchReport/Payments/DonationPaymentCreateInput.cs","3845","2026-07-10T07:36:30.8249945Z","83b9504601a876301c6a12c33a636c7b26c4ef8e72c3082d904d26b2b0e1cde5"
"tracked","SpeechMessageProducts.ChurchReport/Payments/DonationPaymentFormModelMapper.cs","7634","2026-07-10T07:36:30.8259944Z","f8e7105abc4e3dbc5f67457f4bd1360d0e5da237842626e19ed0251590dec996"
"tracked","SpeechMessageProducts.ChurchReport/Payments/DonationPaymentProductWorkflowDispatcher.cs","5255","2026-07-10T07:36:30.8259944Z","86a3744e85b9f6ceab8f61df9b9b313d06ea583bdb28ac40ecc7b297b2d3cbe7"
"tracked","SpeechMessageProducts.ChurchReport/Payments/DonationPaymentReturnPresenter.cs","3641","2026-07-10T07:36:30.8259944Z","8cd5568f489a0310f46f0d3f82af6542dfe8f313972316b8661e99a1de714304"
"tracked","SpeechMessageProducts.ChurchReport/Payments/DonationPaymentReturnWorkflow.cs","11881","2026-07-10T07:36:30.8259944Z","fd5e276b243dbbb42f608d9f54842198d31366837f94782ef4da91026470623a"
"tracked","SpeechMessageProducts.ChurchReport/Payments/DonationPaymentSessionKeys.cs","2610","2026-07-10T07:36:30.8259944Z","6cd1245f172e8c6b54b52949692d4e1ab8397e0dd6f7ea78feec6e16fa7a029e"
"tracked","SpeechMessageProducts.ChurchReport/Payments/DonationPaymentWorkflowResult.cs","7062","2026-07-10T07:36:30.8268920Z","e1b6f482d86e18e9c0504ab0462544e18aec06552fe89ee826caf6cbde1e7077"
"tracked","SpeechMessageProducts.ChurchReport/Payments/IDonationPaymentCreateGatewayAdapter.cs","2840","2026-07-10T07:36:30.8268920Z","2f3902d23981d9c62d857581d39b066e6a03252c9c620267014790d2bc39c994"
"tracked","SpeechMessageProducts.ChurchReport/Payments/LegacyDonationPaymentModels.cs","4203","2026-07-10T07:36:30.8268920Z","5264f71c4322b361f12ebbc1ad0935434c7d220080957cc0ea02e53d214f67d9"
"tracked","SpeechMessageProducts.ChurchReport/Program.cs","12675","2026-07-10T07:36:30.8279883Z","20a803b717ceb39c24e61d6571dcf00eb0b9b12c89858919a1ee201de42ba544"
"tracked","SpeechMessageProducts.ChurchReport/Properties/launchSettings.json","896","2026-07-10T07:36:30.8279883Z","8c138d18b264a1da95467d40eddfc2dffbfa2c52216cdad114c0b8f0faffcbb3"
"tracked","SpeechMessageProducts.ChurchReport/Scripts/Migrate-ControllerSplit-Phase1.ps1","12796","2026-07-10T07:36:30.8289851Z","74dfd0dc0549e2da01c728df689cc203c1ad57b252cf0c93cc9febfa1387b729"
"tracked","SpeechMessageProducts.ChurchReport/Scripts/Update-ViewRoutes.ps1","7305","2026-07-10T07:36:30.8289851Z","867e09deb44416da0fda477d257dc1db8855416b2fe1850604b1660f4c777fdb"
"tracked","SpeechMessageProducts.ChurchReport/Scripts/Update-ViewRoutes-Batch2.ps1","14108","2026-07-10T07:36:30.8289851Z","096523d14ab77bb3c27ab2241f6e2e857ea87dfe62f5f0181b25715f55a8bd26"
"tracked","SpeechMessageProducts.ChurchReport/Security/LocalReturnUrl.cs","482","2026-07-10T07:36:30.8289851Z","f13e1ebc3b61aaecd263dd89766f42db30a9b652a34e2973a307732bd064f345"
"tracked","SpeechMessageProducts.ChurchReport/Security/LoginClaimsFactory.cs","1216","2026-07-10T07:36:30.8289851Z","36bac3ce4dab9eb4ec62099e85f5837f4bea9621c07ccb0a9e5b4abab0919ea3"
"tracked","SpeechMessageProducts.ChurchReport/Security/LoginResponsePayload.cs","684","2026-07-10T07:36:30.8299849Z","d9762675b1fd91eaf2f1898388c65963b396c2ad51581c061278db5b9d5c4c04"
"tracked","SpeechMessageProducts.ChurchReport/Services/Authentication/IAuthenticationService.cs","2033","2026-07-10T07:36:30.8299849Z","8bdf9e588faa5d1da7513954584d162113723e28b75bafda66c5c0abf5cee9d0"
"tracked","SpeechMessageProducts.ChurchReport/Services/Authentication/ISessionInitializationService.cs","2172","2026-07-10T07:36:30.8299849Z","be08fedea989b5da00456051ec11ac28405eae8ef4f8270a17b7cf70f5e5eef0"
"tracked","SpeechMessageProducts.ChurchReport/Services/Caching/CacheKeys.cs","8325","2026-07-10T07:36:30.8309991Z","9e73e2196a0f72e7913980ceea8e836091d3d6ccd2e471d4ba570a4c17b15b96"
"tracked","SpeechMessageProducts.ChurchReport/Services/Caching/CacheService.cs","11627","2026-07-10T07:36:30.8309991Z","5a75dd7e8bf8112725af7f510c75a22c0d3ae98b23a7bb0b84ad9af9e1211241"
"tracked","SpeechMessageProducts.ChurchReport/Services/Caching/ICacheService.cs","5094","2026-07-10T07:36:30.8309991Z","625903caa63f9a54f35a71b1e9473db32635b789edeac24b5241092fa7383fb6"
"tracked","SpeechMessageProducts.ChurchReport/Services/Caching/ISmallGroupCacheManager.cs","5280","2026-07-10T07:36:30.8309991Z","1ca987aab518bf6f0fb3ea071a5e7504121e2df1aa7624fc1d8ef3553de7b996"
"tracked","SpeechMessageProducts.ChurchReport/Services/Caching/SmallGroupCacheManager.cs","11171","2026-07-10T07:36:30.8319996Z","b15a5a73439768e72ab340a36cd319d17b1ef05fc8835e2c1a7cbf877a96a7ae"
"tracked","SpeechMessageProducts.ChurchReport/Services/ChurchReportLineAdminNotificationService.cs","7567","2026-07-10T07:36:30.8319996Z","8f2943e351f87fa1670c266ff232150183992d6f00bf40d1bcc44a325c2fab96"
"tracked","SpeechMessageProducts.ChurchReport/Services/ChurchReportLineBindingNotificationService.cs","8724","2026-07-10T07:36:30.8319996Z","17032851cc3fbfcaf66b7b6b764206c4d33e6d32208caac924a5b65aa46717f9"
"tracked","SpeechMessageProducts.ChurchReport/Services/Contact/IContactService.cs","4886","2026-07-10T07:36:30.8319996Z","743d336fc9911ae1f2e87acdbacad25c71556b0a4200e039c118f42966dd5997"
"tracked","SpeechMessageProducts.ChurchReport/Services/Contact/Impl/ContactService.cs","26523","2026-07-10T07:36:30.8329986Z","4a6ef1c2b12b5e46783925e70cd981059cb4c6abd37d94c93e2420bd8fe078c7"
"tracked","SpeechMessageProducts.ChurchReport/Services/ContactAvatar/ContactAvatarUrl.cs","2074","2026-07-10T07:36:30.8329986Z","6193c22fb5c89e5d78f8b8fe4d7f2cb8bbd7bed1c26866c0a8720212ec1b7d7e"
"tracked","SpeechMessageProducts.ChurchReport/Services/ContactAvatar/DefaultAvatarSvg.cs","4109","2026-07-10T07:36:30.8329986Z","7b95d37c6d2b9eb8873a13296a3bb16edc0c605991ffd5f2ead69280ab03960e"
"tracked","SpeechMessageProducts.ChurchReport/Services/Donation/DonationNavigationAccessResolver.cs","3001","2026-07-10T07:36:30.8339984Z","d48601b2f60bfcb703dcb403f2049b26db43e60b1b61be9cdaa45f3042358b59"
"tracked","SpeechMessageProducts.ChurchReport/Services/DonationBookingService.cs","10083","2026-07-10T07:36:30.8339984Z","d6a5766c7a2826fd96311bab5e6e8216eb5f2a7145dc02dd48a3aa32c91b7b31"
"tracked","SpeechMessageProducts.ChurchReport/Services/DonationContactCreationService.cs","6463","2026-07-10T07:36:30.8339984Z","20a2c4962e263beb537f277d44300604a5e9a5fbdab176eeb23b24ff883f65ab"
"tracked","SpeechMessageProducts.ChurchReport/Services/DonationContactService.cs","7394","2026-07-10T07:36:30.8339984Z","c329a8001274c05a3f16f16bd84ecddc0e61ff7c06711d917813ecf5e3cc1bd3"
"tracked","SpeechMessageProducts.ChurchReport/Services/DonationCreditCardProfileService.cs","4740","2026-07-10T07:36:30.8349992Z","eab0c091b746e34575a269c5868a88cc8645d323833db444825b89e430146ead"
"tracked","SpeechMessageProducts.ChurchReport/Services/DonationDedicationFeeFormService.cs","5718","2026-07-10T07:36:30.8349992Z","a16df3812488f7c833ba08ff4891fcaa4feaed384abb1578355cb32282a223f5"
"tracked","SpeechMessageProducts.ChurchReport/Services/DonationFeeQueryService.cs","6339","2026-07-10T07:36:30.8349992Z","78746bebe32ade790c8df5ea8bba9ca618d665fcffdf6261b578a48ff950c661"
"tracked","SpeechMessageProducts.ChurchReport/Services/DonationKeyInDedicationService.cs","13996","2026-07-10T07:36:30.8349992Z","8f2a5ee275d2d7cdb6194f984e607c6b70e9b2172c73da4f805edde8ddf32ed0"
"tracked","SpeechMessageProducts.ChurchReport/Services/DonationLoginContactService.cs","4386","2026-07-10T07:36:30.8360002Z","cc37c269c28f0f64c0dd3c637485ab468d87c98d84ee631ce39a09d7da377fd1"
"tracked","SpeechMessageProducts.ChurchReport/Services/DonationPaymentFormBuilder.cs","4074","2026-07-10T07:36:30.8360002Z","eeab9dc5d71ebc7dbadb8bb7369a06a159f8d1d2313d44d16b8e276b6efa3574"
"tracked","SpeechMessageProducts.ChurchReport/Services/DonationPaymentModelAssembler.cs","9185","2026-07-10T07:36:30.8360002Z","44a9fb0f085c098b4c39d077baeb789038b658696e5c98ad91350022327fda5e"
"tracked","SpeechMessageProducts.ChurchReport/Services/DonationPaymentSubmissionService.cs","5392","2026-07-10T07:36:30.8360002Z","4e7418cc22b0b11820d09e4b593d093bd5aa82fbc93c4c91634b3252d2f9d5e5"
"tracked","SpeechMessageProducts.ChurchReport/Services/FollowUp/IFollowUpService.cs","3891","2026-07-10T07:36:30.8369987Z","887c8c6b7b19a57bccf24a3e3b5d65c19807cdaf556830efa90c982082b8cd62"
"tracked","SpeechMessageProducts.ChurchReport/Services/IChurchReportLineBindingNotificationService.cs","2449","2026-07-10T07:36:30.8369987Z","a91597e02f87801428f76d516a7335ee48b2df5dee4f4e831a1f14fd00ca0767"
"tracked","SpeechMessageProducts.ChurchReport/Services/ListManagement/IListManagementService.cs","3454","2026-07-10T07:36:30.8369987Z","e20e23d3efb3c621829ba0526bd370ad8d3f6757047c469f3206ac81722a12b9"
"tracked","SpeechMessageProducts.ChurchReport/Services/MemberInfo/MemberInfoAccess.cs","1693","2026-07-10T07:36:30.8379986Z","76379aa700da4f618ea59a840192666b17f6989d154140b7e41ebff846528168"
"tracked","SpeechMessageProducts.ChurchReport/Services/MemberInfo/MemberInfoAccessResolver.cs","1963","2026-07-10T07:36:30.8379986Z","64174ef46d582a29c1e945def87c81296a7b2fe4ee2f343975517ff3c9b90973"
"tracked","SpeechMessageProducts.ChurchReport/Services/MemberInfo/MemberInfoScopeGuard.cs","2520","2026-07-10T07:36:30.8379986Z","e53a3fed67d90c5408dce01bc20c3e196bb4e3b4654fddb7730386a4e542fd79"
"tracked","SpeechMessageProducts.ChurchReport/Services/Monitoring/SessionMonitorService.cs","13126","2026-07-10T07:36:30.8379986Z","c2e17b12f97ee25e791ae2ebd6f806b21108685b3b1d336192fae9f7925855bf"
"tracked","SpeechMessageProducts.ChurchReport/Services/Navigation/INavigationService.cs","1911","2026-07-10T07:36:30.8389984Z","7bd7ec6255500b01f4d5a7bbb405449dc1335639efa03399a8978083d97b1a51"
"tracked","SpeechMessageProducts.ChurchReport/Services/OptionSetMetadataService.cs","13202","2026-07-10T07:36:30.8389984Z","bfa232b62ac5ed2a62d04688cc12c34af24beeb8f0d62c66aa0214f4081ad0b8"
"tracked","SpeechMessageProducts.ChurchReport/Services/PaymentCallbackLogger.cs","3183","2026-07-10T07:36:30.8389984Z","db62f11d7b11e1b84b32f1ef4dc4806c7fede12556f928369afaee4830e66a27"
"tracked","SpeechMessageProducts.ChurchReport/Services/PaymentCrmService.cs","5327","2026-07-10T07:36:30.8395648Z","4219e0143f6ad8a404821cc1e82e5191b4f01df0b74904f5aae13ccc9ff3ad1c"
"tracked","SpeechMessageProducts.ChurchReport/Services/PaymentFeeTypeHelper.cs","8544","2026-07-10T07:36:30.8395648Z","85835283be6feaba74fba6afe6f1d1cad291594a3d4782001c694285bbc4bd2a"
"tracked","SpeechMessageProducts.ChurchReport/Services/PaymentMessageBuilder.cs","13249","2026-07-10T07:36:30.8400838Z","09973d7010a5097228b07efeb9fe2c68641a053ffaaee1d9123938ff4c8a1457"
"tracked","SpeechMessageProducts.ChurchReport/Services/PaymentNotificationService.cs","16074","2026-07-10T07:36:30.8400838Z","e05a8199b14f8ba927e920bf487bbac32741da6123e736d8e3db39d203f84ff8"
"tracked","SpeechMessageProducts.ChurchReport/Services/Performance/PerformanceMonitor.cs","12352","2026-07-10T07:36:30.8400838Z","10635fbaaecf75b0fe3c5aef12567ed6a504e3033f3aa5b838c39f3c1381a365"
"tracked","SpeechMessageProducts.ChurchReport/Services/Performance/StringBuilderPool.cs","4313","2026-07-10T07:36:30.8400838Z","bfe4e5864c895986db626cd528756d8eb5e382a91beba6aa62ef3e34740fc2d4"
"tracked","SpeechMessageProducts.ChurchReport/Services/PresentRecord/IPresentRecordService.cs","3478","2026-07-10T07:36:30.8410878Z","664f45d8d59c756152757d8ae498acc0e112301eef993d5714b4eb2f4796b1cb"
"tracked","SpeechMessageProducts.ChurchReport/Services/SundayCalculator.cs","5798","2026-07-10T07:36:30.8410878Z","f4dd814033b1cfe7ce5ba477c9caad5929da710c4b31d8f6f1480d057c6ab0ad"
"tracked","SpeechMessageProducts.ChurchReport/Services/Theme/ThemeSettings.cs","2061","2026-07-10T07:36:30.8410878Z","8eb4697b334c591848c6781d62b00ef66eed4a1e761e3f06e76228e1f2d1fc47"
"tracked","SpeechMessageProducts.ChurchReport/Services/WeeklyScheduleSettings.cs","3040","2026-07-10T07:36:30.8410878Z","3a0df8ad80d83cfd450365ef03fe63e757c1d1aa4d4392384518183d4b8278b8"
"tracked","SpeechMessageProducts.ChurchReport/SessionAttribute.cs","6023","2026-07-10T07:36:30.8420872Z","b23531d1b9db8630c56a6fedcc81451b04807cefc92299c912fb6bab53c0142a"
"tracked","SpeechMessageProducts.ChurchReport/SpeechMessageProducts.ChurchReport.csproj","6974","2026-07-10T07:36:30.8420872Z","a178d98da9e4163c1010a3bb6e4a8febacfa7c9939183220c8ddd30633aeb539"
"tracked","SpeechMessageProducts.ChurchReport/Startup.Caching.cs","2351","2026-07-10T07:36:30.8420872Z","bb27406e3e96816cc9456e28f1693c2b57d3210bbcdc63a159a8dc749e4f147b"
"tracked","SpeechMessageProducts.ChurchReport/Startup.cs","64796","2026-07-10T07:36:30.8430871Z","ba6d52f7fb5221934a7e8f982d08e767365150a2c64236e21f089a23fe8e0ba7"
"tracked","SpeechMessageProducts.ChurchReport/Tools/CachePerformanceMonitor.cs","6922","2026-07-10T07:36:30.8430871Z","a42de3ff6ec8687f59eb80128502e6d82ecb507ad0c687598dd29f415df7a8aa"
"tracked","SpeechMessageProducts.ChurchReport/Tools/ChurchReportLegacyRichMenuCatalog.cs","4706","2026-07-10T07:36:30.8430871Z","b7b1f2a503ffd42a7869158e64200c641b74401cbe2bb8dd4906e66f6898b5f7"
"tracked","SpeechMessageProducts.ChurchReport/Tools/DonationFeePaymentProcessor.cs","65687","2026-07-10T07:36:30.8440884Z","94dcaf2388f6a7016d7ace8ead35af1c5a8c78233a945b01971b6c092309e4e7"
"tracked","SpeechMessageProducts.ChurchReport/Tools/DonationPaymentDebugLogger.cs","11314","2026-07-10T07:36:30.8440884Z","b0b03751060645c21638656096fdb5d6b6f297796ca39dfcdd94cba552469070"
"tracked","SpeechMessageProducts.ChurchReport/Tools/DonationPaymentResultHelper.cs","9860","2026-07-10T07:36:30.8450879Z","ab2d1f35a1597045af9948ff0539a423f80d01ec0042885864ffa1db1ba68942"
"tracked","SpeechMessageProducts.ChurchReport/Tools/LineUtilityClass.cs","45479","2026-07-10T07:36:30.8450879Z","db7ba578190bd2100876e782970a2904b9a8beb96a20c916d334e70118f965bc"
"tracked","SpeechMessageProducts.ChurchReport/Tools/parse-perf-log.ps1","1937","2026-07-10T07:36:30.8480871Z","8a3571b9f5a1a7aade5dd897d72db5368b8af58baf728bcddab62b319e4db6bd"
"tracked","SpeechMessageProducts.ChurchReport/Tools/PersonalQrCodeUtility.cs","50322","2026-07-10T07:36:30.8450879Z","50b18e2e654ed14e32626ed2011125547b3844735536dbf7446a2b24287c4c4b"
"tracked","SpeechMessageProducts.ChurchReport/Tools/PushUtility.cs","31687","2026-07-10T07:36:30.8460876Z","c64235bf71e8c73234ae2111bd5ccea82b6843ef9ec2e672a7c59d31bf29a815"
"tracked","SpeechMessageProducts.ChurchReport/Tools/QrCodeUtility.cs","43587","2026-07-10T07:36:30.8460876Z","1b06dcd36728903ddf6d5df55214152c4bd370b45f67bc234f5907c7b832437a"
"tracked","SpeechMessageProducts.ChurchReport/Tools/RecurringDonationPaymentProcessor.cs","41938","2026-07-10T07:36:30.8460876Z","b4f5a7135e39383a99ac1d32c6f51a90a00646e4be1093c57aba5603a8ffcc63"
"tracked","SpeechMessageProducts.ChurchReport/Tools/ReplyUtility.cs","14052","2026-07-10T07:36:30.8460876Z","2eb2d508cbdc806b5a534cd6e28bc148f1f5ca11bef5d6f64694ccc59281d533"
"tracked","SpeechMessageProducts.ChurchReport/Tools/ServiceRequest.cs","1697","2026-07-10T07:36:30.8470875Z","c8ed573201614561321a36a4511daaa674de7184ab038900daff498c570c9d6f"
"tracked","SpeechMessageProducts.ChurchReport/Tools/SmallGroupQrCodeUtility.cs","30430","2026-07-10T07:36:30.8470875Z","7920499392776c6fca5085158aa6a730f569b6f966a29c5d09ce4194adc9cf6f"
"tracked","SpeechMessageProducts.ChurchReport/Tools/SundayQrCodeUtility.cs","44888","2026-07-10T07:36:30.8470875Z","f8285a52c2725baabdfbbde3f3aed9cc9605e897b4877edcc97b91105913b884"
"tracked","SpeechMessageProducts.ChurchReport/Tools/verify-release-noperf.ps1","1151","2026-07-10T07:36:30.8480871Z","12f9f1ef7908acb8ac3a8e7e6199bde318db3dd23fc1d2752e3a10a0a0383059"
"tracked","SpeechMessageProducts.ChurchReport/Tools/WeeklyReportProcessor.cs","56303","2026-07-10T07:36:30.8480871Z","8df1d9cae3a0fa984a5ac7239e5ff033b6cc6ff5f7f9e596a9285ef5da9e112a"
"tracked","SpeechMessageProducts.ChurchReport/Utilities/OptionSetConverter.cs","8132","2026-07-10T07:36:30.8490895Z","9e32f2ae0fec92a23b124600c907458d5f8b51e2fb7aaeee7f76ba8da8cdab9a"
"tracked","SpeechMessageProducts.ChurchReport/ViewComponents/MemberInfoNavViewComponent.cs","5814","2026-07-10T07:36:30.8490895Z","220f946ae835b67fd77525c6045b132b7daff65684c4e9b9334d1836fcde3f46"
"tracked","SpeechMessageProducts.ChurchReport/ViewModels/FeeChangeHistoryViewModel.cs","5067","2026-07-10T07:36:30.8490895Z","382f90b331ad9bc9b7c0c5ba8f2d604222701287fd9df5c78d5658e532a38b0f"
"tracked","SpeechMessageProducts.ChurchReport/ViewModels/GalleryViewModel.cs","10362","2026-07-10T07:36:30.8500876Z","f6268fae0309b4b63506a63c0237a8095b3727d0e991744dd9ed202677a1c904"
"tracked","SpeechMessageProducts.ChurchReport/ViewModels/MemberInfoDetailViewModel.cs","2998","2026-07-10T07:36:30.8500876Z","7af44ffa0128e31f17404a2a4cb3705e569e411a1c76c8f8a2a14e26a8537170"
"tracked","SpeechMessageProducts.ChurchReport/ViewModels/MemberInfoListRowViewModel.cs","1736","2026-07-10T07:36:30.8500876Z","410597580fceb677f2f0bf85d0715c975ecc86136593480684c869095b7c2b5b"
"tracked","SpeechMessageProducts.ChurchReport/ViewModels/MemberInfoRecordRows.cs","2154","2026-07-10T07:36:30.8500876Z","4c2ab3aae52e747bdb1eb851573860b4dc1e895b078f90d0fa0ceba6e871152a"
"tracked","SpeechMessageProducts.ChurchReport/ViewModels/PersonalInfomationViewModel.cs","4068","2026-07-10T07:36:30.8511584Z","302253a75e7df9f4e191c03fc4b9bb6e2f139badd465d7162d61d562a4e40420"
"tracked","SpeechMessageProducts.ChurchReport/ViewModels/PersonalReportViewModel.cs","2186","2026-07-10T07:36:30.8511584Z","89ec6e3afa28fea343d1ad0ced93180155e06aa5feba13af0a19f7d69c63e13e"
"tracked","SpeechMessageProducts.ChurchReport/ViewModels/PersonFormViewModel.cs","3261","2026-07-10T07:36:30.8500876Z","7241399a0b2f41bed55a6ea1fe68e5efc517aa1a98f303b1ae89eee133c474a8"
"tracked","SpeechMessageProducts.ChurchReport/ViewModels/WeeklyReportViewModel.cs","1907","2026-07-10T07:36:30.8511584Z","f69e7af16cfef7a38678d948e13aec30c410d76cad71fb7198c4d6bb44b03505"
"tracked","SpeechMessageProducts.ChurchReport/Views/_ViewImports.cshtml","139","2026-07-10T07:36:30.8757507Z","7ef8ff78033c16e7623c2b2300128d0216fcbd7087c84d3bd80987b3dd4de57d"
"tracked","SpeechMessageProducts.ChurchReport/Views/_ViewStart.cshtml","35","2026-07-10T07:36:30.8767511Z","47e02b4da20d198892b7b1b00b12944068797c438ef2e82d20ff70b4d56bad39"
"tracked","SpeechMessageProducts.ChurchReport/Views/Authentication/LineIdLoginView.cshtml","20139","2026-07-10T07:36:30.8521586Z","a9c1d374b0912521ad851466703d83d24d87c75eed1b819d378c750195ad8ae8"
"tracked","SpeechMessageProducts.ChurchReport/Views/Authentication/LineLiffView.cshtml","33887","2026-07-10T07:36:30.8521586Z","447c7d7e16fdec00178ae4ffe9397530e51ecec5895aa3a56c6d0febe1261abd"
"tracked","SpeechMessageProducts.ChurchReport/Views/Authentication/Login.cshtml","16569","2026-07-10T07:36:30.8521586Z","139bfef11ea2d1f7644dc253bba37402792f65235a089f5beaaadf0790522bf0"
"tracked","SpeechMessageProducts.ChurchReport/Views/Authentication/Privacy.cshtml","6400","2026-07-10T07:36:30.8521586Z","9315e226da8051568b697b6f57f18dfab75fb38fca917174259769e0f7ed2216"
"tracked","SpeechMessageProducts.ChurchReport/Views/Dedication/DediationLineLoginView.cshtml","28590","2026-07-10T07:36:30.8531617Z","002c64d18d5506fcbbcd10813e3b9b841d1311bc8baded3e79e4bfa36f16a1fc"
"tracked","SpeechMessageProducts.ChurchReport/Views/Dedication/DedicationFeeView.cshtml","14640","2026-07-10T07:36:30.8531617Z","33be7a092112e3742fba114390ed1df76b4bd329e2954fd24563761f02c70e8d"
"tracked","SpeechMessageProducts.ChurchReport/Views/Dedication/DedicationFeeViewWeb.cshtml","20782","2026-07-10T07:36:30.8541584Z","ab2e6a3829c4ff7b76a101e554a1994f601b2dfd43c25acf6f12890f9e23eab0"
"tracked","SpeechMessageProducts.ChurchReport/Views/Dedication/DonationPaymentView.cshtml","51600","2026-07-10T07:36:30.8541584Z","d4be93c159fa535b8226886e6d2a2b4691841dd008f0d71fa79d7d3de9b272fe"
"tracked","SpeechMessageProducts.ChurchReport/Views/Dedication/KeyInDedicationFeeView.cshtml","33592","2026-07-10T07:36:30.8541584Z","21b84684ecf7b57d4ee1203d9a5e017ee275c82ee00dda7aace645adfe79635c"
"tracked","SpeechMessageProducts.ChurchReport/Views/Dedication/KeyInDedicationFeeViewWeb.cshtml","47444","2026-07-10T07:36:30.8541584Z","c1a9433b9b1958312d1ce3f5ac8c6f57cd20d019437c595e602dbb0bfc3d099e"
"tracked","SpeechMessageProducts.ChurchReport/Views/DedicationAudit/DedicationFeeAuditViewLine.cshtml","29958","2026-07-10T07:36:30.8556632Z","de585d0840c2a1f240590aec4a4a850e216a923c19375d7db9f4d397d5ef6247"
"tracked","SpeechMessageProducts.ChurchReport/Views/DedicationAudit/DedicationFeeAuditViewWeb.cshtml","42410","2026-07-10T07:36:30.8556632Z","1fdfe47af02ed38f92cebd5e341b1d768818ff734e008761956ed67289a6ef30"
"tracked","SpeechMessageProducts.ChurchReport/Views/Equipment/EquipmentContactView.cshtml","3927","2026-07-10T07:36:30.8562375Z","7d97bb10ac885c91bb280c5fea0a24da370b9c4712eda1375d51aabf51fdf517"
"tracked","SpeechMessageProducts.ChurchReport/Views/Equipment/EquipmentStorLessonsView.cshtml","9626","2026-07-10T07:36:30.8562375Z","75c299766558bd683d0de0f187451557ce4681e93b2573f1994cb8b085369152"
"tracked","SpeechMessageProducts.ChurchReport/Views/Equipment/EquipmentView.cshtml","7555","2026-07-10T07:36:30.8562375Z","9dbeeb4525b8ee5a274d1aa60c7344197dd31146ccdcd416c709a8be00f390ce"
"tracked","SpeechMessageProducts.ChurchReport/Views/FeeManagement/Fee.cshtml","22614","2026-07-10T07:36:30.8574680Z","cc7d695a57fbff500eecd5974a5e3f73dc7e2ac0f418ba365f67ccb13d4a9ee5"
"tracked","SpeechMessageProducts.ChurchReport/Views/FeeManagement/LessonList.cshtml","12602","2026-07-10T07:36:30.8574680Z","2160777e7976bf622f811c6d53b11c318dafed4b7ae3effa8751fd4c66ff74ed"
"tracked","SpeechMessageProducts.ChurchReport/Views/FeeManagement/Present.cshtml","41487","2026-07-10T07:36:30.8574680Z","df310d1a7fa7932aa485b3a2db4e25ff78745dbadc2df57b39d306a797a0d4d6"
"tracked","SpeechMessageProducts.ChurchReport/Views/Home/_GeneralGroupGrids.cshtml","66705","2026-07-10T07:36:30.8663227Z","47ccf13d0f88691e8238e7d31939a594aea4d7524a6cc3e1478c599091194fa7"
"tracked","SpeechMessageProducts.ChurchReport/Views/Home/_GeneralGroupUploadButton.cshtml","3616","2026-07-10T07:36:30.8663227Z","0043b6320c321b21680ce025389ec6c1c6314f6f130089439e0fd5663815f94e"
"tracked","SpeechMessageProducts.ChurchReport/Views/Home/_HappyGroupGrid.cshtml","1156","2026-07-10T07:36:30.8663227Z","67231fed80e2c8d3e8d429ab82f2ca866a2277218d1709f2e2b48f063ee11484"
"tracked","SpeechMessageProducts.ChurchReport/Views/Home/_HappyGroupUploadButton.cshtml","3416","2026-07-10T07:36:30.8673187Z","b64412d405bbe7d47cdaf65979bdc680f21596010e44a416f471a881b01052df"
"tracked","SpeechMessageProducts.ChurchReport/Views/Home/_HappyGroupWeekSelection.cshtml","3409","2026-07-10T07:36:30.8673187Z","b19b04617f8e3218d517a11d914106107326fd6f4640f19b69c6a2f151e7c162"
"tracked","SpeechMessageProducts.ChurchReport/Views/Home/_IndividualReportGrid.cshtml","785","2026-07-10T07:36:30.8673187Z","03c3821e7141af0013006034b52fb2f6d73b6480776103b54eb0f1694e46b645"
"tracked","SpeechMessageProducts.ChurchReport/Views/Home/_IndividualReportUploadButton.cshtml","3204","2026-07-10T07:36:30.8673187Z","8a9d8db3f830f0b57ff8a418789a3e4ecef692942576184d3909d2ee94067cac"
"tracked","SpeechMessageProducts.ChurchReport/Views/Home/_LoadingPanelPartial.cshtml","12465","2026-07-10T07:36:30.8683185Z","b1b5315536067699b15bf76a842bd4c655ed754c27b190fb48b56a997d266127"
"tracked","SpeechMessageProducts.ChurchReport/Views/Home/_LoadPanelComponent.cshtml","698","2026-07-10T07:36:30.8683185Z","d23c9b508c3559fa167ac4f66aa92e4daa5a8af033735d410a4caaeb1f64b5b9"
"tracked","SpeechMessageProducts.ChurchReport/Views/Home/_ToastComponents.cshtml","1659","2026-07-10T07:36:30.8683185Z","97c7834256a18509ea4963ab1fa9fcfc10a58a2d510f43a03b45a33910e698ab"
"tracked","SpeechMessageProducts.ChurchReport/Views/Home/_ToastComponentsPartial.cshtml","1062","2026-07-10T07:36:30.8683185Z","b5e7e95b0e853155edbecf4cafb4f0a71dd4c2e24a437122754670d2350d3cf0"
"tracked","SpeechMessageProducts.ChurchReport/Views/Home/_UploadButtonPartial.cshtml","1246","2026-07-10T07:36:30.8683185Z","bde09d478a09d4f0f3fec0a9fef0f38514529db10c56ea2400da8b72f6f121bb"
"tracked","SpeechMessageProducts.ChurchReport/Views/Home/_WeeklyReportJournal.cshtml","1373","2026-07-10T07:36:30.8693183Z","e9cbc9794d3382e17114423157e733006b2f7808c0a3300c493ff46dd53c194d"
"tracked","SpeechMessageProducts.ChurchReport/Views/Home/BindingResultView.cshtml","2890","2026-07-10T07:36:30.8584687Z","4f7e824f7d5bd7a6b20b426ac5a8fafaa1bcf1a833623426160771c75ed6e2ba"
"tracked","SpeechMessageProducts.ChurchReport/Views/Home/ChurchRoot.cshtml","6436","2026-07-10T07:36:30.8584687Z","f7f76fd34fcdd872f65a1c8cc43aa71c50fabe5bbafb9be49f8aca9cb3499149"
"tracked","SpeechMessageProducts.ChurchReport/Views/Home/DedicationInofView.cshtml","13389","2026-07-10T07:36:30.8584687Z","f42808256c07aec4a96f22049bd347dc07ca301d4ac4a233a0ed2f2db8ba7453"
"tracked","SpeechMessageProducts.ChurchReport/Views/Home/DedicationView.cshtml","12148","2026-07-10T07:36:30.8584687Z","48af30c70118249f32c929f74807ae49f36faa534d585bc24147fe026bc9ddee"
"tracked","SpeechMessageProducts.ChurchReport/Views/Home/DetailGrid.cshtml","10889","2026-07-10T07:36:30.8584687Z","249db4a984b30458d642d443213ce6ce91b9ce460aafa88d7744e5ed66454fb4"
"tracked","SpeechMessageProducts.ChurchReport/Views/Home/DisplayErrorView.cshtml","2220","2026-07-10T07:36:30.8584687Z","fc75db1c8a7ba83e83c9813229b7d6048b1a06958acef93d5ddb43f745f61e10"
"tracked","SpeechMessageProducts.ChurchReport/Views/Home/DonationPaymentLogin.cshtml","10938","2026-07-10T07:36:30.8599714Z","756b5f25265a32a6cea82185b248163f23675cad281aa9dc6e57793784c10d27"
"tracked","SpeechMessageProducts.ChurchReport/Views/Home/FeeManagerView.cshtml","39438","2026-07-10T07:36:30.8602996Z","51156327275d3a446389899903c7de14a0c4ce8b8022491919e3b89f064d1e82"
"tracked","SpeechMessageProducts.ChurchReport/Views/Home/FeeView.cshtml","28123","2026-07-10T07:36:30.8602996Z","364e4484703d807abbee739fe475215126ed51b0244437df7555bb19577c884e"
"tracked","SpeechMessageProducts.ChurchReport/Views/Home/HappyGroup.cshtml","5613","2026-07-10T07:36:30.8613157Z","ed4110886ed7e31bd7520950c3bc2352dd086060deec354a2f0ac24c0fa7efcc"
"tracked","SpeechMessageProducts.ChurchReport/Views/Home/HappyGroupWeeklyReport.cshtml","10989","2026-07-10T07:36:30.8613157Z","89f33339c3752d71e169ce2fb383ac1a5a36c64f987fa1a85744f6836bffb22c"
"tracked","SpeechMessageProducts.ChurchReport/Views/Home/IntegrateView.cshtml","30830","2026-07-10T07:36:30.8613157Z","12f36350ef674bebaafbb99f2d935eb05dce86fd336738a8267dd8e9d6bec709"
"tracked","SpeechMessageProducts.ChurchReport/Views/Home/IntegrateView_Clean.cshtml","196","2026-07-10T07:36:30.8613157Z","eb4b90f08282a3ef5bcefc14dcda3bea1359f847b68b68aeb29806650b760e68"
"tracked","SpeechMessageProducts.ChurchReport/Views/Home/ListManagement.cshtml","13597","2026-07-10T07:36:30.8623184Z","1606d6efbd02d2984e92b342587c3262f059f3f01b7c1f70778251fc0363bddb"
"tracked","SpeechMessageProducts.ChurchReport/Views/Home/ListManagementDistrictPastor.cshtml","20445","2026-07-10T07:36:30.8623184Z","6222f356d64af6fc838236f07dcfaae723d324a0fb07f77461d5c5183c653dbf"
"tracked","SpeechMessageProducts.ChurchReport/Views/Home/MultiGroupView.cshtml","21176","2026-07-10T07:36:30.8633189Z","39406284b3721bc3eefcf4e07dc6e3a037ac33fb40fdc09081f1f3540b648e51"
"tracked","SpeechMessageProducts.ChurchReport/Views/Home/NewPersonFollowUpView.cshtml","15646","2026-07-10T07:36:30.8633189Z","e509f2ed870c7b0a13074e78376f533d48384ade7c81951fd019050026a1d480"
"tracked","SpeechMessageProducts.ChurchReport/Views/Home/PaymentError.cshtml","7205","2026-07-10T07:36:30.8633189Z","b706281ff89900c2f7cf9e4446c1ef9d6c16739186e165463a48a1970c68da11"
"tracked","SpeechMessageProducts.ChurchReport/Views/Home/PaymentSuccess.cshtml","4893","2026-07-10T07:36:30.8633189Z","644e27ae00cbf19224d52df4bcb2c0a22ccbe687f52fa2567e8da6b49f9e43d4"
"tracked","SpeechMessageProducts.ChurchReport/Views/Home/PresentFeeListView.cshtml","10298","2026-07-10T07:36:30.8633189Z","9306e244d71493ef27790bea35bf6ef985ee33ede8e14a5ffe3d0b18935c8eeb"
"tracked","SpeechMessageProducts.ChurchReport/Views/Home/QualificationView.cshtml","59624","2026-07-10T07:36:30.8643190Z","ab7b7578e67f9bff81bf1ab1f73089c00580e676e1ab49d3adc127c99dcfa46b"
"tracked","SpeechMessageProducts.ChurchReport/Views/Home/Register.cshtml","5959","2026-07-10T07:36:30.8643190Z","6b7765ab8f03b02d0388dda48c14f55e5a563e9f7d7638007a9b1c0f0063d734"
"tracked","SpeechMessageProducts.ChurchReport/Views/Home/Scheduler.cshtml","21107","2026-07-10T07:36:30.8643190Z","67715de5c8dca693295f416d37538bff7b5e839b6780cbfbbde86533954c822e"
"tracked","SpeechMessageProducts.ChurchReport/Views/Home/SchedulerView.cshtml","15557","2026-07-10T07:36:30.8643190Z","e810403bfe62580c8f24730a9091c2d873d5e17d526d73324a43cad897468a40"
"tracked","SpeechMessageProducts.ChurchReport/Views/Home/SmallGroupMemberList.cshtml","17599","2026-07-10T07:36:30.8653184Z","de50f92687135c6aa706377d24df22fecd805de4de067c6319f7e43c319474ba"
"tracked","SpeechMessageProducts.ChurchReport/Views/Home/SmallGroupReportView.cshtml","30427","2026-07-10T07:36:30.8653184Z","6866dd92ea7d973874d5f8ff20f8e1298ac2c5f9e30c09b13f598fd789606672"
"tracked","SpeechMessageProducts.ChurchReport/Views/Home/VisitorCard.cshtml","23955","2026-07-10T07:36:30.8653184Z","56a7d067066ba9809706f0bd496a742f1e33e33e8e2351a71730c350153c0b61"
"tracked","SpeechMessageProducts.ChurchReport/Views/Home/WeeklyReport.cshtml","8479","2026-07-10T07:36:30.8663227Z","94f513cb71e0a994286a55a2a1e1713894d6bcb588a4645f7e7ea144322c6bbc"
"tracked","SpeechMessageProducts.ChurchReport/Views/MemberInfo/_MemberDetailPopup.cshtml","30561","2026-07-10T07:36:30.8693183Z","fc4d6fd00609538bb22f2eecaa6a6d976c3c12fe75b5528f801e623ffdec44e6"
"tracked","SpeechMessageProducts.ChurchReport/Views/MemberInfo/MemberInfoGrid.cshtml","54266","2026-07-10T07:36:30.8693183Z","737d8daf95e6dfeb69c287b5493937c61497589eab93f5a58b603871ad324e1e"
"tracked","SpeechMessageProducts.ChurchReport/Views/MyPay/PaymentResult.cshtml","7960","2026-07-10T07:36:30.8703180Z","85998cd765eacfa5dfb0353dbc1497d426d0da6632d4d28e8b1b6095e78c4043"
"tracked","SpeechMessageProducts.ChurchReport/Views/NewPerson/NewPerson.cshtml","44869","2026-07-10T07:36:30.8703180Z","c50228886aa0ddd80275c8829264ca16277d2e47232804df842f22386d7b722f"
"tracked","SpeechMessageProducts.ChurchReport/Views/PaymentReturn/PaymentResult.cshtml","15394","2026-07-10T07:36:30.8703180Z","49822680303f04c5059552252650ccd3958761b0efa0f626b052e084ffac1325"
"tracked","SpeechMessageProducts.ChurchReport/Views/Personal/MaintainPersonInfomationView.cshtml","25682","2026-07-10T07:36:30.8713995Z","e9166c003a29d95e954fb7cc640314951ee9cf8337b79719046dd507a7585e97"
"tracked","SpeechMessageProducts.ChurchReport/Views/Personal/MaintainPersonInfomationView_Clean.cshtml","0","2026-07-10T07:36:30.8713995Z","e3b0c44298fc1c149afbf4c8996fb92427ae41e4649b934ca495991b7852b855"
"tracked","SpeechMessageProducts.ChurchReport/Views/Personal/PersonalInfomationView.cshtml","24717","2026-07-10T07:36:30.8713995Z","64c6f5cb3fe5aa323676ccfb340e1d2418009a134780b4a73629db011aa71cae"
"tracked","SpeechMessageProducts.ChurchReport/Views/Personal/PersonalInfomationView_fix.cshtml","10770","2026-07-10T07:36:30.8727295Z","334ac70c668660d16d436e2b13447b9a0425832b69cecae3f01f466f05aaf983"
"tracked","SpeechMessageProducts.ChurchReport/Views/Personal/PersonalInfomationViewWithImage.cshtml","18324","2026-07-10T07:36:30.8723979Z","e8bda286e21817fb643ccff5bf537e6ea0971187f11deb6a9ef964a1af28c74f"
"tracked","SpeechMessageProducts.ChurchReport/Views/Personal/PersonalReport.cshtml","14866","2026-07-10T07:36:30.8727295Z","541ff502185887b7b4c438501ba866b0e9426c54aa6966a83302c01b287bf866"
"tracked","SpeechMessageProducts.ChurchReport/Views/QrCode/PersonalQrCodeView.cshtml","7771","2026-07-10T07:36:30.8727295Z","ef5a15f7746a38508c353c5e34216685fa9a8c81a15c97c67ed87ceeabe600f0"
"tracked","SpeechMessageProducts.ChurchReport/Views/QrCode/PollQrCodeView.cshtml","16279","2026-07-10T07:36:30.8737516Z","57564a3bc62c4ae1940222d76c14b1ba38085fbc20987cef4389ef1c5317bed6"
"tracked","SpeechMessageProducts.ChurchReport/Views/QrCode/QrCodeView.cshtml","7655","2026-07-10T07:36:30.8737516Z","95a6cec7b5467e2361924c052b7909a1ade42f458c611362a348a5dfd4104941"
"tracked","SpeechMessageProducts.ChurchReport/Views/QrCode/SmallGroupQrCodeView.cshtml","7419","2026-07-10T07:36:30.8737516Z","4fadb8b95580f559483a8e1a0b76c99d624dedbad76940ed0251afe316e52f15"
"tracked","SpeechMessageProducts.ChurchReport/Views/QrCode/SundayQrCodeView.cshtml","7929","2026-07-10T07:36:30.8737516Z","361dfcf96049596fc8cb58e3e1a1feba8d611eca64e0a68bbf3a210648b171be"
"tracked","SpeechMessageProducts.ChurchReport/Views/Shared/_Layout.cshtml","27567","2026-07-10T07:36:30.8747507Z","df6211d6c1c4483776076e0f4626797edc8f63ef3e3bf8e70ae5f9064d136d92"
"tracked","SpeechMessageProducts.ChurchReport/Views/Shared/_LoginButtons.cshtml","1080","2026-07-10T07:36:30.8747507Z","b8a82887fdc77745290716f73c2b05b97c61e8114a1ff64eb04957544c7e6361"
"tracked","SpeechMessageProducts.ChurchReport/Views/Shared/_LoginLoadPanel.cshtml","821","2026-07-10T07:36:30.8757507Z","efe48a4dba7ca07830a99c9991962e3ccf04ce3e82b05e8b1a4391ac3f14150f"
"tracked","SpeechMessageProducts.ChurchReport/Views/Shared/_LoginResources.cshtml","2343","2026-07-10T07:36:30.8757507Z","03a4ed0e27726f063c29b9f5fc00c35b6037e24c3184b18edba116e7ef8e103d"
"tracked","SpeechMessageProducts.ChurchReport/Views/Shared/_LoginToast.cshtml","976","2026-07-10T07:36:30.8757507Z","0627a2dece0a784f2b688aa5c31cfebdb0ab91c7513478674d85f689a28724da"
"tracked","SpeechMessageProducts.ChurchReport/Views/Shared/_MemberInfoDetailPopupHost.cshtml","19382","2026-07-10T07:36:30.8757507Z","f11a83791a7c952c8d7b6ec4502ae6a6003daaed962d8b0d2fbb31d8668042be"
"tracked","SpeechMessageProducts.ChurchReport/Views/Shared/Components/MemberInfoNav/Default.cshtml","167","2026-07-10T07:36:30.8747507Z","bee31f35a3495406030136837be63563a9cd35d7feb96aa67f681091c7ec94d2"
"tracked","SpeechMessageProducts.ChurchReport/web.config","792","2026-07-10T07:36:30.8930623Z","361bd31bdd4a6648a8d7a927a4b394d070cb9659d1d212b3b17e82fefb9da646"
"tracked","SpeechMessageProducts.ChurchReport/WebServiceConnector/AppointmentsDownUpLoader.cs","84871","2026-07-10T07:36:30.8767511Z","6d6c547335155ab3ff26d23efe9369dccc08167704db6da9d8ac16daa1e255ce"
"tracked","SpeechMessageProducts.ChurchReport/WebServiceConnector/ChurchListDataProcessor.cs","63684","2026-07-10T07:36:30.8767511Z","e817f7b9c4a066611709dac98682ef74b3815da6a45b89ab81eb28987a05839c"
"tracked","SpeechMessageProducts.ChurchReport/WebServiceConnector/Converters/FollowUpConverter.cs","10618","2026-07-10T07:36:30.8779376Z","954b5238bad7203aa482925d408b73770670101c0719ebdb299e9d844f7e23d3"
"tracked","SpeechMessageProducts.ChurchReport/WebServiceConnector/Converters/IdentityConverter.cs","7159","2026-07-10T07:36:30.8779376Z","5272fc515a503f997926952a68631f9614f6fa1434cc869d22a4207974d05013"
"tracked","SpeechMessageProducts.ChurchReport/WebServiceConnector/DedicationInfo.cs","20915","2026-07-10T07:36:30.8779376Z","6d19870af7a625b1100bbb3f41dd2d591209b5248fd0e452ad3659e6d8e3dcc0"
"tracked","SpeechMessageProducts.ChurchReport/WebServiceConnector/DonationPaymentProcessor/DonationPaymentProcessor.Core.cs","15376","2026-07-10T07:36:30.8789393Z","d34c1fa0d1852bb1e3677bfdf56751b24cc8ba7dd3944b71036f75e4c29daf7b"
"tracked","SpeechMessageProducts.ChurchReport/WebServiceConnector/DonationPaymentProcessor/DonationPaymentProcessor.DedicationBooking.cs","7515","2026-07-10T07:36:30.8789393Z","04ac6c5b31f4458857080065305bf9d79b0f9ca6a2150b7612b4262ddd8a7595"
"tracked","SpeechMessageProducts.ChurchReport/WebServiceConnector/DonationPaymentProcessor/DonationPaymentProcessor.EntityMapper.cs","11719","2026-07-10T07:36:30.8799364Z","b6343eee81326870633e7775d9155e44d45572675ae1db5c6cec99379ec016c7"
"tracked","SpeechMessageProducts.ChurchReport/WebServiceConnector/DonationPaymentProcessor/DonationPaymentProcessor.FeeManagement.cs","31985","2026-07-10T07:36:30.8799364Z","9cda435b0ee320f98bebe789d00ec34ad564525523c80ad957ec7f30b8f3d1ba"
"tracked","SpeechMessageProducts.ChurchReport/WebServiceConnector/DonationPaymentProcessor/DonationPaymentProcessor.PaymentGateway.cs","9811","2026-07-10T07:36:30.8799364Z","c6c6a674ac5f3f4a5d08448cea5631beb20b91f59a0aed85c6fb45d92421749f"
"tracked","SpeechMessageProducts.ChurchReport/WebServiceConnector/DonationPaymentProcessor/DonationPaymentProcessor.PaymentProcessing.cs","21915","2026-07-10T07:36:30.8810152Z","4317eef6576fcaf57f5f5847d41c8255d2eb9c25013e7a88f2eef661939829ca"
"tracked","SpeechMessageProducts.ChurchReport/WebServiceConnector/DonationPaymentProcessor/DonationPaymentProcessor.Utilities.cs","12180","2026-07-10T07:36:30.8810152Z","8eaabb2f223e05f35e0e80f398a71c9d1100f9dcca93daa8d0f2533d35cc81f1"
"tracked","SpeechMessageProducts.ChurchReport/WebServiceConnector/DownloadEquipment.cs","21958","2026-07-10T07:36:30.8810152Z","c557de306b5a48fa9f5b42fa5044d2b13e2ceeaee12e628cc3750bb3bd75c51b"
"tracked","SpeechMessageProducts.ChurchReport/WebServiceConnector/DownloadHappyGroup.cs","149843","2026-07-10T07:36:30.8820156Z","3c354f57542b126b692bfbef3a8879cbfc5018e160b1bbc0fffd2112868c4d25"
"tracked","SpeechMessageProducts.ChurchReport/WebServiceConnector/DownloadIntegrateData.Core.cs","15170","2026-07-10T07:36:30.8820156Z","ce7b9ef4bfb24e58aa85d2a0edc7234ea6ada0fa39dd3a7893e7565527853890"
"tracked","SpeechMessageProducts.ChurchReport/WebServiceConnector/DownloadIntegrateData.FollowUp.cs","16363","2026-07-10T07:36:30.8820156Z","588bbbcebb1a9c1fc76c9172de1bec2937205c7d8b6ae34c814cb2995024410d"
"tracked","SpeechMessageProducts.ChurchReport/WebServiceConnector/DownloadIntegrateData.Identity.cs","8330","2026-07-10T07:36:30.8830184Z","05d68082629e1206e64d7424fc2c41b4c97efc3e6acf36614863d8336798802d"
"tracked","SpeechMessageProducts.ChurchReport/WebServiceConnector/DownloadIntegrateData.Members.cs","41714","2026-07-10T07:36:30.8830184Z","ce2103783fc8ce8e6c1c85865bd3c9055430bd09b30438fb99aa0b406c1c4bb2"
"tracked","SpeechMessageProducts.ChurchReport/WebServiceConnector/DownloadIntegrateData.PresentRecord.cs","17941","2026-07-10T07:36:30.8830184Z","32634e4ddf054fc36003cc262b39e5480313189472e36672093cbec987159e07"
"tracked","SpeechMessageProducts.ChurchReport/WebServiceConnector/DownloadIntegrateData.Setup.cs","16149","2026-07-10T07:36:30.8840197Z","ced33d94201a02cd1f2ec97d9b3d347c837de9fd4646cdcff92120d00b869390"
"tracked","SpeechMessageProducts.ChurchReport/WebServiceConnector/DownloadListManager.cs","36912","2026-07-10T07:36:30.8840197Z","f50faff9b4d31da876d197e16cfd84d1e047a00909863e75d90e6c2905fe8e78"
"tracked","SpeechMessageProducts.ChurchReport/WebServiceConnector/EquipmentStatusCalculator.cs","7910","2026-07-10T07:36:30.8840197Z","26478204a67efd0bf7894ec921f834b5c8bb70b6f9ca7b541f570eecd3520ac8"
"tracked","SpeechMessageProducts.ChurchReport/WebServiceConnector/FeeDownUpLoader.cs","56368","2026-07-10T07:36:30.8850187Z","fcdee914ef8c34f0e60a9d2f5e186cae49dace3c7c9022f9883bdb2ec26fab5a"
"tracked","SpeechMessageProducts.ChurchReport/WebServiceConnector/HappyGroupUtility.cs","4972","2026-07-10T07:36:30.8850187Z","10ce1d4149ca2c738c0f191b62568de1758148c70ab5bc3dc78fb6d320ae471b"
"tracked","SpeechMessageProducts.ChurchReport/WebServiceConnector/LineBindingUtility.cs","59226","2026-07-10T07:36:30.8850187Z","266929664465402542379e8e277c39bdb577f30ef2866c780e5ade0342efa7bc"
"tracked","SpeechMessageProducts.ChurchReport/WebServiceConnector/LineNotifyUtility.cs","42054","2026-07-10T07:36:30.8860189Z","87cfc908100f41fe6f094ef2c74213ee8f35db5b494910aa44fce2c4253f43ee"
"tracked","SpeechMessageProducts.ChurchReport/WebServiceConnector/NewPerson.cs","138203","2026-07-10T07:36:30.8870188Z","1bf35fa2adb109ec417636e0dafba4d772edc567d26cf9ce42abb77de10d917d"
"tracked","SpeechMessageProducts.ChurchReport/WebServiceConnector/PersonalInfomatioManager.cs","117731","2026-07-10T07:36:30.8870188Z","6a4e7e837e6b54b5eaa107864685233c452976250bfc3556962ee0d25ded433e"
"tracked","SpeechMessageProducts.ChurchReport/WebServiceConnector/RegisterConnector.cs","18351","2026-07-10T07:36:30.8870188Z","dd427da96042c29033d5251184aee407e47cf7829b8f42dbb0bc9f7858bf9539"
"tracked","SpeechMessageProducts.ChurchReport/WebServiceConnector/UploadData.cs","23391","2026-07-10T07:36:30.8880184Z","9925d92f63c116cf4eab79ebfb450b7e05da20972824defb2023abfe1940429e"
"tracked","SpeechMessageProducts.ChurchReport/WebServiceConnector/UploadIntegrateData.Assignment.cs","22337","2026-07-10T07:36:30.8880184Z","ffdda0e058841d484e6ea26798ec271dab0916259911f79763474c848f6f0f8c"
"tracked","SpeechMessageProducts.ChurchReport/WebServiceConnector/UploadIntegrateData.AsyncWrapper.cs","4269","2026-07-10T07:36:30.8880184Z","6158fc7ca0707a32575a1fdd9e400c6163f12e55c57e95f44373132394e19770"
"tracked","SpeechMessageProducts.ChurchReport/WebServiceConnector/UploadIntegrateData.Contact.cs","24571","2026-07-10T07:36:30.8890196Z","40a9bd6618c7ecc2c289285d24c1776352809477232b33c66ca52dfcc3a48b60"
"tracked","SpeechMessageProducts.ChurchReport/WebServiceConnector/UploadIntegrateData.Converters.cs","17572","2026-07-10T07:36:30.8890196Z","05bd02e54b5d21d6d24a5ae6381906802b6e03decc1c6d9969d70f485bedbe33"
"tracked","SpeechMessageProducts.ChurchReport/WebServiceConnector/UploadIntegrateData.Core.cs","18362","2026-07-10T07:36:30.8900194Z","35cc85a9bf8b9e334247a6cd3cdf441ae3c15f2b5ffca57f7e92153c6167597f"
"tracked","SpeechMessageProducts.ChurchReport/WebServiceConnector/UploadIntegrateData.FollowUp.cs","15305","2026-07-10T07:36:30.8900194Z","379af0eaab8ac70bb04f31ec7d220a7c54dc56ba01828269c0dc80597aa12888"
"tracked","SpeechMessageProducts.ChurchReport/WebServiceConnector/UploadIntegrateData.HappyGroup.cs","10957","2026-07-10T07:36:30.8900194Z","d4dc9d3fa213e98f82bb3b26b602c22f3e631289fed7e11a7a416c8ed749aa36"
"tracked","SpeechMessageProducts.ChurchReport/WebServiceConnector/UploadIntegrateData.PresentRecord.cs","50248","2026-07-10T07:36:30.8910625Z","b5ea33df12a285a5841521508302e8da8df614f4ee6f79e3863a8937e2de6759"
"tracked","SpeechMessageProducts.ChurchReport/WebServiceConnector/UploadIntegrateData.WeeklyReport.cs","30470","2026-07-10T07:36:30.8910625Z","68726105d66a4933449df2533f24219469182ac344cb7a114b7519dd1539524c"
"tracked","SpeechMessageProducts.ChurchReport/WebServiceConnector/WebServiceConnector.cs","4215","2026-07-10T07:36:30.8910625Z","07fcaf0b71549eadd72a19f8b8451e3ca5dc838900261a58f3744f119b4ed527"
"tracked","SpeechMessageProducts.ChurchReport/WebServiceConnector/WeeklyReportManager.cs","35287","2026-07-10T07:36:30.8920627Z","7579bc49effdae2daf17c1953308a49eb11a3f72afab62e9326af50fe3e0aa90"
"tracked","SpeechMessageProducts.ChurchReport/wwwroot/_references.js","0","2026-07-10T07:36:30.8930623Z","e3b0c44298fc1c149afbf4c8996fb92427ae41e4649b934ca495991b7852b855"
"tracked","SpeechMessageProducts.ChurchReport/wwwroot/assets/bootstrap/css/bootstrap.min.css","153188","2026-07-10T07:36:30.8950636Z","c1b947122d05ae86afd974627f415444af4f1d76c84bdbf5f4d6dc26d79ddfa8"
"tracked","SpeechMessageProducts.ChurchReport/wwwroot/assets/bootstrap/css/bootstrap-grid.min.css","48494","2026-07-10T07:36:30.8950636Z","28ffa60d7c091c4eac44430a92a063e7c7541a1d20ae7bbec0f336582fe998c2"
"tracked","SpeechMessageProducts.ChurchReport/wwwroot/assets/bootstrap/css/bootstrap-reboot.min.css","3843","2026-07-10T07:36:30.8950636Z","41f938809a66d4b9fa685b4dfd0359e5057dd93f0f9650d59c7f5068106bf9e1"
"tracked","SpeechMessageProducts.ChurchReport/wwwroot/assets/bootstrap/js/bootstrap.min.js","55781","2026-07-10T07:36:30.8960629Z","000915157c1134bc99e81ffb9877a42abcf54b7edbbb0e390a057ddc1260f8d3"
"tracked","SpeechMessageProducts.ChurchReport/wwwroot/assets/images/church-001.jpg","54756","2026-07-10T07:36:30.9032501Z","5ed541cd49e4c6256fb2fd73c2cab4b44b2c3c3568077e91d29d1a6cca28c6f0"
"tracked","SpeechMessageProducts.ChurchReport/wwwroot/assets/images/church-002.jpg","51602","2026-07-10T07:36:30.9042504Z","5c69befa3ddcffef2f9618c0a365db02f97a0fdcb0754e45c5f65e9668671753"
"tracked","SpeechMessageProducts.ChurchReport/wwwroot/assets/images/church-003.jpg","46988","2026-07-10T07:36:30.9042504Z","178c1796a2ad62a49b3e93a0f3e95926629e931f984e8b24c43e3971cef98b10"
"tracked","SpeechMessageProducts.ChurchReport/wwwroot/assets/images/ChurchLogo.png","906507","2026-07-10T07:36:30.9032501Z","8785fafb3824be1d2212663a63c42e27ed38ad71cac94f1ac4820d0d2b855a29"
"tracked","SpeechMessageProducts.ChurchReport/wwwroot/assets/images/ChurchLogo-備份.png","906507","2026-07-10T07:36:30.9003753Z","8785fafb3824be1d2212663a63c42e27ed38ad71cac94f1ac4820d0d2b855a29"
"tracked","SpeechMessageProducts.ChurchReport/wwwroot/assets/images/loading.gif","19015","2026-07-10T07:36:30.9052496Z","9d2715c0ea3e9aa3b82f1ea7898efec7dea02c7fa9695a15c289e835bf1e34cc"
"tracked","SpeechMessageProducts.ChurchReport/wwwroot/assets/images/mbr-1631x1080.jpg","195652","2026-07-10T07:36:30.9060804Z","b8fe7645f83e38f6274844f9d5c26d5b1d7c8943d7408b9e13e8318d9cc537ce"
"tracked","SpeechMessageProducts.ChurchReport/wwwroot/assets/images/永和堂奉獻系統web_banner.jpg","54862","2026-07-10T07:36:30.9072742Z","4f5cc74b478e433b7c49f4c7d52c99b01583e97894202dea87d81aed84837190"
"tracked","SpeechMessageProducts.ChurchReport/wwwroot/assets/mbr-switch-arrow/mbr-switch-arrow.js","1885","2026-07-10T07:36:30.9072742Z","102184d356743dcb4cd0599a8133bde3acdbdcccf1adbca78d58c5ab47f12a41"
"tracked","SpeechMessageProducts.ChurchReport/wwwroot/assets/mobirise/css/mbr-additional.css","33305","2026-07-10T07:36:30.9082741Z","3c67780c3602c5ffbc57f29811fb602e3d3afb85542636c49388dc43061f735b"
"tracked","SpeechMessageProducts.ChurchReport/wwwroot/assets/parallax/jarallax.min.js","15478","2026-07-10T07:36:30.9082741Z","619216ab460022a4fdde23c9117fb71904b60d46f39ca58e6bededa9a633c5b2"
"tracked","SpeechMessageProducts.ChurchReport/wwwroot/assets/popper/popper.min.js","18998","2026-07-10T07:36:30.9092765Z","a4fdb686bb2241b8a29e194b0ec6db16f997bde526ae5b37b8ab3c48aaa7a747"
"tracked","SpeechMessageProducts.ChurchReport/wwwroot/assets/smoothscroll/smooth-scroll.js","22282","2026-07-10T07:36:30.9092765Z","a687c9a9f73f5fa541381d43fa91b23b4852b1aba1211832a0febcf527eb90ef"
"tracked","SpeechMessageProducts.ChurchReport/wwwroot/assets/soundcloud-plugin/style.css","1399","2026-07-10T07:36:30.9092765Z","5e74ab89a0c15e42fa6ee7d73192d8f5e56deae57d450fcce42e05f78121c26e"
"tracked","SpeechMessageProducts.ChurchReport/wwwroot/assets/tether/tether.min.css","237","2026-07-10T07:36:30.9102128Z","cb84c37000f8fe3e68e24799be081febdf02afd39cec967e80631ac76dea9950"
"tracked","SpeechMessageProducts.ChurchReport/wwwroot/assets/tether/tether.min.js","23217","2026-07-10T07:36:30.9102128Z","0a0416e386e436583f5f49242104677e6b16b1aa693d86f32d76845e26081f96"
"tracked","SpeechMessageProducts.ChurchReport/wwwroot/assets/theme/css/style.css","11043","2026-07-10T07:36:30.9102128Z","a7d3f5b3f56b6a35ab6fb522e73af66fffcb7992241ea9e1eb3f8d04ff5dbecb"
"tracked","SpeechMessageProducts.ChurchReport/wwwroot/assets/theme/js/script.js","42596","2026-07-10T07:36:30.9113959Z","cb741a391193492922c92aff8f80f6b4ed29a94d913e4cf1b1374a49df11be6a"
"tracked","SpeechMessageProducts.ChurchReport/wwwroot/assets/web/assets/jquery/jquery.min.js","95935","2026-07-10T07:36:30.9123963Z","a271a3f9e3cae897ced669d6652699e947928ef095e56384c4f9dd04bbb942ec"
"tracked","SpeechMessageProducts.ChurchReport/wwwroot/assets/web/assets/mobirise-icons/mobirise-icons.css","8067","2026-07-10T07:36:30.9123963Z","725c2f645ddc82225f22966d6ec79c700c10e02425b6451fdf8f4e28d2608483"
"tracked","SpeechMessageProducts.ChurchReport/wwwroot/assets/web/assets/mobirise-icons/mobirise-icons.eot","51628","2026-07-10T07:36:30.9133959Z","dd4f47a52958dce140495f97d027e44eb3d4a71d024061db62b8e54d2b59be64"
"tracked","SpeechMessageProducts.ChurchReport/wwwroot/assets/web/assets/mobirise-icons/mobirise-icons.svg","206378","2026-07-10T07:36:30.9143965Z","cb45159a42e0bceeed9adc46151a1af54b13b520d9c8bd44850e64d3669d7a2e"
"tracked","SpeechMessageProducts.ChurchReport/wwwroot/assets/web/assets/mobirise-icons/mobirise-icons.ttf","51464","2026-07-10T07:36:30.9143965Z","4b09eb555b72f74acd30018f8aaa4ef19787301819801dff7f6bcde9d3754cd7"
"tracked","SpeechMessageProducts.ChurchReport/wwwroot/assets/web/assets/mobirise-icons/mobirise-icons.woff","51540","2026-07-10T07:36:30.9153962Z","b976bef6756b89337cf8faf794a49a64f5ca14fa604ef88a2381aa2a8ecc707d"
"tracked","SpeechMessageProducts.ChurchReport/wwwroot/css/arch-dedication.css","0","2026-07-10T07:36:30.9183985Z","e3b0c44298fc1c149afbf4c8996fb92427ae41e4649b934ca495991b7852b855"
"tracked","SpeechMessageProducts.ChurchReport/wwwroot/css/chinese-support.css","3080","2026-07-10T07:36:30.9183985Z","6163f764e5f101fe0f2f8571f7dc77c8a86fce1483ddcc73a9d04bedd2833821"
"tracked","SpeechMessageProducts.ChurchReport/wwwroot/css/devextreme/dx.android5.light.css","340804","2026-07-10T07:36:30.9249133Z","e97d27f4240264d46cc84378e9744a97de89acc9f34e69edd39e170473aec7e2"
"tracked","SpeechMessageProducts.ChurchReport/wwwroot/css/devextreme/dx.android5.light.css.bak","319954","2026-07-10T07:36:30.9276514Z","397c4d1cd12074dba46f3a51d6f9ca0bd06cbbd3e5a5eddf7872eb259d25f719"
"tracked","SpeechMessageProducts.ChurchReport/wwwroot/css/devextreme/dx.carmine.compact.css","890845","2026-07-10T07:36:30.9310863Z","7e2bb815f9658acb03ab42ef7d99b6b104ca5fcc18df5e596110d583157b1ace"
"tracked","SpeechMessageProducts.ChurchReport/wwwroot/css/devextreme/dx.carmine.compact.css.bak","505108","2026-07-10T07:36:30.9330962Z","cf03d4511293c8f636a11975b9247b3bf2c22507dd8e7ebdd14d6f6ebb8c6afc"
"tracked","SpeechMessageProducts.ChurchReport/wwwroot/css/devextreme/dx.carmine.css","891044","2026-07-10T07:36:30.9350899Z","b1f663d4a33763d3ef9331f32d90a6a3fc9b7aba0cb3bf51cd9a9672e616840c"
"tracked","SpeechMessageProducts.ChurchReport/wwwroot/css/devextreme/dx.carmine.css.bak","505220","2026-07-10T07:36:30.9363065Z","c6ba7a07476481e92f1d5b8c15376b8dff698b51b12d675655aa0aa3bf277a33"
"tracked","SpeechMessageProducts.ChurchReport/wwwroot/css/devextreme/dx.common.css","323","2026-07-10T07:36:30.9363065Z","b4da019cc60bc345fc374d81d2d6b452313bcd89e852cfa533037969dd33bd54"
"tracked","SpeechMessageProducts.ChurchReport/wwwroot/css/devextreme/dx.common.css.bak","208235","2026-07-10T07:36:30.9373144Z","9c2b032a4a75aa168bb27465ca722c2f63e1d9e2e1eb69a8d4030df62b52fd1b"
"tracked","SpeechMessageProducts.ChurchReport/wwwroot/css/devextreme/dx.contrast.compact.css","872364","2026-07-10T07:36:30.9393137Z","5a6ea3d2cc0f14eecce54f42780533da669f5c56a3c9d0ebfe641bbb96781fed"
"tracked","SpeechMessageProducts.ChurchReport/wwwroot/css/devextreme/dx.contrast.compact.css.bak","502041","2026-07-10T07:36:30.9415787Z","06a8f6b59d4119c06d36cb7bf5f493b0b58ff889edef6642c0d9a39919c2b0c8"
"tracked","SpeechMessageProducts.ChurchReport/wwwroot/css/devextreme/dx.contrast.css","872562","2026-07-10T07:36:30.9425756Z","1ad02870305274165d3f3e50c102cc75d7127e57d7573d8b6ff718a6c314b75a"
"tracked","SpeechMessageProducts.ChurchReport/wwwroot/css/devextreme/dx.contrast.css.bak","502155","2026-07-10T07:36:30.9438655Z","31ad9031893166b6aa60fd2685fc6df96f468563cd46b2a9b44bdaeb9e640dc9"
"tracked","SpeechMessageProducts.ChurchReport/wwwroot/css/devextreme/dx.dark.compact.css","880696","2026-07-10T07:36:30.9458733Z","7b4cd816724f8d5f2c7ff153bdf6c97b693d5494a62f6ee4fe1a5b4b157ebeed"
"tracked","SpeechMessageProducts.ChurchReport/wwwroot/css/devextreme/dx.dark.compact.css.bak","506673","2026-07-10T07:36:30.9477244Z","076a69694e31531517985a12ed5d0fd3cd8939c2c9fa735147ad5236434bcf5c"
"tracked","SpeechMessageProducts.ChurchReport/wwwroot/css/devextreme/dx.dark.css","880895","2026-07-10T07:36:30.9498896Z","eb9feecc3a4cc715cc41a675777871a5bce86f1ea4e56c5496eb1bb94abea3d7"
"tracked","SpeechMessageProducts.ChurchReport/wwwroot/css/devextreme/dx.dark.css.bak","506785","2026-07-10T07:36:30.9517181Z","acbcd8dca6171e0aa25aa5b07cd672fdd33bb6bb44d54fbc33a6ca07967a3087"
"tracked","SpeechMessageProducts.ChurchReport/wwwroot/css/devextreme/dx.darkmoon.compact.css","891550","2026-07-10T07:36:30.9534069Z","3118f5610fddc6d1dfac11b58e0fa50424278d3198c4641f7035edd7d15d8bb1"
"tracked","SpeechMessageProducts.ChurchReport/wwwroot/css/devextreme/dx.darkmoon.compact.css.bak","506147","2026-07-10T07:36:30.9552347Z","2612dbf8cc061e264c203277c3c6b22d0774c2dc1d9ac2d3d18c30bbbbe5469a"
"tracked","SpeechMessageProducts.ChurchReport/wwwroot/css/devextreme/dx.darkmoon.css","891749","2026-07-10T07:36:30.9568637Z","311df70dd5ed10e4a576c61ee4f11781f8ea7cb265ead0fc329d1f0835906a90"
"tracked","SpeechMessageProducts.ChurchReport/wwwroot/css/devextreme/dx.darkmoon.css.bak","506259","2026-07-10T07:36:30.9568637Z","5aba0fec9950137449bb9f94c17ef9eaf7b6f3f1d181e013557580319d158042"
"tracked","SpeechMessageProducts.ChurchReport/wwwroot/css/devextreme/dx.darkviolet.compact.css","891917","2026-07-10T07:36:30.9568637Z","3689217f006f31c354ae0e816e8c669caf120ad28b1a9dc2f48ef1133056b215"
"tracked","SpeechMessageProducts.ChurchReport/wwwroot/css/devextreme/dx.darkviolet.compact.css.bak","506601","2026-07-10T07:36:30.9602250Z","6acebfb2a4017faf87999a09d9b8b7e9922baa150fbd2f8eadce951d839c8d61"
"tracked","SpeechMessageProducts.ChurchReport/wwwroot/css/devextreme/dx.darkviolet.css","892116","2026-07-10T07:36:30.9622678Z","289bb69e657a7dd54940b3734c42db6d5c42612b52c622d83d70941cd5e8dac5"
"tracked","SpeechMessageProducts.ChurchReport/wwwroot/css/devextreme/dx.darkviolet.css.bak","506713","2026-07-10T07:36:30.9632751Z","51305c52123cd564578649a0c4db62ea9fe15305c3813d49de1c2e05be2e0af5"
"tracked","SpeechMessageProducts.ChurchReport/wwwroot/css/devextreme/dx.generic.custom-scheme.css","635684","2026-07-10T07:36:30.9662745Z","0984040487a8e4187c02beddc9c46eb6b44bd424ee4b59f0e597c28b73204637"
"tracked","SpeechMessageProducts.ChurchReport/wwwroot/css/devextreme/dx.generic.dark-moon-scheme.css","589244","2026-07-10T07:36:30.9682738Z","51b7c46c0e0f4a76fc8634291c33c30d8a80be187da20280a32ff8a8731ee2bc"
"tracked","SpeechMessageProducts.ChurchReport/wwwroot/css/devextreme/dx.greenmist.compact.css","892035","2026-07-10T07:36:30.9702667Z","57a6ee696a9248d2b6e1f1abb17c7cfcf75d3a896f3ed5a08694dcfae549f198"
"tracked","SpeechMessageProducts.ChurchReport/wwwroot/css/devextreme/dx.greenmist.compact.css.bak","506377","2026-07-10T07:36:30.9715760Z","8224084f6139a86da83af9b8dad618627d38fd95407d6c47321421b83e2651f6"
"tracked","SpeechMessageProducts.ChurchReport/wwwroot/css/devextreme/dx.greenmist.css","892234","2026-07-10T07:36:30.9725693Z","5d16b20963c736176deb39908f2a4662e37fcb26a874a181f1fcfd9088525e6b"
"tracked","SpeechMessageProducts.ChurchReport/wwwroot/css/devextreme/dx.greenmist.css.bak","506489","2026-07-10T07:36:30.9735692Z","c7fc05773d13888b541152dc740237e8e7b9e452a4b989e3424badc9d00a921a"
"tracked","SpeechMessageProducts.ChurchReport/wwwroot/css/devextreme/dx.ios7.default.css","394298","2026-07-10T07:36:30.9745711Z","4a25418c58eedc03ab3ac2738741769a34811269dfbd2259303beb8c47730b60"
"tracked","SpeechMessageProducts.ChurchReport/wwwroot/css/devextreme/dx.ios7.default.css.bak","394864","2026-07-10T07:36:30.9767168Z","16f04c90cd41ff9493f0cf15c96be405dc8c7f0f25339188d36e20d506a06e23"
"tracked","SpeechMessageProducts.ChurchReport/wwwroot/css/devextreme/dx.light.compact.css","878521","2026-07-10T07:36:30.9777098Z","9a9db144b8c3402f9ef32f578c0888a2baeea532e4964402837e996a6b4cd406"
"tracked","SpeechMessageProducts.ChurchReport/wwwroot/css/devextreme/dx.light.compact.css.bak","504607","2026-07-10T07:36:30.9787097Z","f4f2f1f14144889cbaf86b0669565d4476999c977c8f498ca2c55641d6e7a5f4"
"tracked","SpeechMessageProducts.ChurchReport/wwwroot/css/devextreme/dx.light.css","878720","2026-07-10T07:36:30.9802186Z","d41a175e3c5a33529e7a789a6f67401f52a1d37f6752fb1a803635f9b543369d"
"tracked","SpeechMessageProducts.ChurchReport/wwwroot/css/devextreme/dx.light.css.bak","504719","2026-07-10T07:36:30.9812285Z","f3aa27ed04e55f9af6c0aa4b8a1c17c1dc6cae16dec7b6d8e3fb26ad6823fa48"
"tracked","SpeechMessageProducts.ChurchReport/wwwroot/css/devextreme/dx.material.blue.dark.compact.css","1131828","2026-07-10T07:36:30.9863843Z","aaa1211bb661a3f830d561726fa5f554e929c00eb8c52f53dd0e753c2557aa71"
"tracked","SpeechMessageProducts.ChurchReport/wwwroot/css/devextreme/dx.material.blue.dark.compact.css.bak","603019","2026-07-10T07:36:30.9883775Z","9d310b59bc5893e995f81b424dcc8cab9f266a9b209c205e6f162b4e296ff43c"
"tracked","SpeechMessageProducts.ChurchReport/wwwroot/css/devextreme/dx.material.blue.dark.css","1131938","2026-07-10T07:36:30.9902968Z","5aabaa81580d9ebba02b6e58b90a96feb36ddf181dac234bad0d747514d8ec0f"
"tracked","SpeechMessageProducts.ChurchReport/wwwroot/css/devextreme/dx.material.blue.dark.css.bak","603211","2026-07-10T07:36:30.9923073Z","733f557455cd6c82d42ff2b117e0248da17207c7a272d644387b4a658aecc7e6"
"tracked","SpeechMessageProducts.ChurchReport/wwwroot/css/devextreme/dx.material.blue.light.compact.css","1132572","2026-07-10T07:36:30.9946431Z","5bfc8f0e433ed438c4253fa3addd16e083bde39a6170e649f54896420fae8f8c"
"tracked","SpeechMessageProducts.ChurchReport/wwwroot/css/devextreme/dx.material.blue.light.compact.css.bak","602785","2026-07-10T07:36:30.9966423Z","583a8312d1d0701bdaac1771b2baa21a57aaa15cd26784229a3a6b37a9d0e608"
"tracked","SpeechMessageProducts.ChurchReport/wwwroot/css/devextreme/dx.material.blue.light.css","1132682","2026-07-10T07:36:30.9976425Z","36ebe881cc8e9b39c4fb0adc68e6d0f63c610b63ac638ab9c4b0f46106fbee31"
"tracked","SpeechMessageProducts.ChurchReport/wwwroot/css/devextreme/dx.material.blue.light.css.bak","602977","2026-07-10T07:36:30.9986436Z","6ae086322fd68da2735b4539003ca23fd21a9c29db34350b33d7ceca65a654be"
"tracked","SpeechMessageProducts.ChurchReport/wwwroot/css/devextreme/dx.material.lime.dark.compact.css","1131902","2026-07-10T07:36:31.0011508Z","0364ea36a5b9d187e77175e01c11e22ec4b70d70d846722be498fcede1489a03"
"tracked","SpeechMessageProducts.ChurchReport/wwwroot/css/devextreme/dx.material.lime.dark.compact.css.bak","603083","2026-07-10T07:36:31.0031540Z","8a5dac304b8a48a130b7d2a57a703dbaafe4d8cde85ba7c34a5ba7fa85143538"
"tracked","SpeechMessageProducts.ChurchReport/wwwroot/css/devextreme/dx.material.lime.dark.css","1132012","2026-07-10T07:36:31.0051514Z","5cb26557df09d9d57add0b60c413f06713a1117489aea0997b3f9b833bb513ef"
"tracked","SpeechMessageProducts.ChurchReport/wwwroot/css/devextreme/dx.material.lime.dark.css.bak","603275","2026-07-10T07:36:31.0061584Z","c8ec8f56812352863565a473f4dc3a51be981d633a2621e435443bdfe84a1018"
"tracked","SpeechMessageProducts.ChurchReport/wwwroot/css/devextreme/dx.material.lime.light.compact.css","1132646","2026-07-10T07:36:31.0081507Z","ace23546a02a2ad6b23c51bb902d8a7f8ccf9ba548c2cc34d0237aaf7cceb7de"
"tracked","SpeechMessageProducts.ChurchReport/wwwroot/css/devextreme/dx.material.lime.light.compact.css.bak","602849","2026-07-10T07:36:31.0101584Z","a180076cb0dc88d22839a8c2a123765866e30b47600d5ffbca0cd16344b7402d"
"tracked","SpeechMessageProducts.ChurchReport/wwwroot/css/devextreme/dx.material.lime.light.css","1132756","2026-07-10T07:36:31.0113104Z","49ffee0948730091400770861df13d6043c04e59f35dcbf0d16a9e32611e97fe"
"tracked","SpeechMessageProducts.ChurchReport/wwwroot/css/devextreme/dx.material.lime.light.css.bak","603041","2026-07-10T07:36:31.0133183Z","2ddf6cfbba288836a0cf44fdcadafad80ae912f602214325914358bca86bcd24"
"tracked","SpeechMessageProducts.ChurchReport/wwwroot/css/devextreme/dx.material.orange.dark.compact.css","1131832","2026-07-10T07:36:31.0143176Z","9d65c03dd0f9afa9fd8c0285841313ba79326e9881e8f9c60e8671459a4e467d"
"tracked","SpeechMessageProducts.ChurchReport/wwwroot/css/devextreme/dx.material.orange.dark.compact.css.bak","603021","2026-07-10T07:36:31.0163135Z","7bb13c0f8f08cf6e0ed0d221a148a8c8d1c90fa8e1c9bae270576ea6e10e0842"
"tracked","SpeechMessageProducts.ChurchReport/wwwroot/css/devextreme/dx.material.orange.dark.css","1131942","2026-07-10T07:36:31.0173102Z","f98d84c6bb5ccbc294bee5b1d9351dfa4997431dc49c176ad49db71461a99cc9"
"tracked","SpeechMessageProducts.ChurchReport/wwwroot/css/devextreme/dx.material.orange.dark.css.bak","603213","2026-07-10T07:36:31.0193096Z","dda2f29c4d3def1fc57465760d2038e139fee6bfbebe61f52575b13945be686c"
"tracked","SpeechMessageProducts.ChurchReport/wwwroot/css/devextreme/dx.material.orange.light.compact.css","1132573","2026-07-10T07:36:31.0208298Z","32d59fc25959becb3443296a5dc751f7497a9275e993947d97190649bf28a1af"
"tracked","SpeechMessageProducts.ChurchReport/wwwroot/css/devextreme/dx.material.orange.light.compact.css.bak","602787","2026-07-10T07:36:31.0218384Z","2755c0fc72d84b7ed9eaaaef520e714a84e1267989c0048bbaa7381fadaad75b"
"tracked","SpeechMessageProducts.ChurchReport/wwwroot/css/devextreme/dx.material.orange.light.css","1132683","2026-07-10T07:36:31.0228347Z","1568e438cd53896cfc4a8083f51142e30dae8d9275f19d5a77086ae4d5acba59"
"tracked","SpeechMessageProducts.ChurchReport/wwwroot/css/devextreme/dx.material.orange.light.css.bak","602979","2026-07-10T07:36:31.0240636Z","9f75d078a6f3172282f80c7f351cb1888ae991ea85bc43b175a6cb4f5c1274b6"
"tracked","SpeechMessageProducts.ChurchReport/wwwroot/css/devextreme/dx.material.purple.dark.compact.css","1131906","2026-07-10T07:36:31.0262042Z","a4be51ca760e1f517886e2cff97abe8da3bf89cf8c9143dd9189bc5dd87ddf69"
"tracked","SpeechMessageProducts.ChurchReport/wwwroot/css/devextreme/dx.material.purple.dark.compact.css.bak","603085","2026-07-10T07:36:31.0269661Z","161b09d144e243b24f082e5e379246683a1d3f1c381825a1245238bfde9193b6"
"tracked","SpeechMessageProducts.ChurchReport/wwwroot/css/devextreme/dx.material.purple.dark.css","1132016","2026-07-10T07:36:31.0289866Z","11e3125cd853613fe26c87c27c9c14c9403493531f536cda5ef9dc740280a17d"
"tracked","SpeechMessageProducts.ChurchReport/wwwroot/css/devextreme/dx.material.purple.dark.css.bak","603277","2026-07-10T07:36:31.0299933Z","716fe48994375e75f36872ea7ecf567b6dde3687035ae330d120b51694affa1c"
"tracked","SpeechMessageProducts.ChurchReport/wwwroot/css/devextreme/dx.material.purple.light.compact.css","1132650","2026-07-10T07:36:31.0310620Z","7087cbd613c10af7f7d3be257b82e2b5420dedb69045ebdc1e12ade6487e9dfd"
"tracked","SpeechMessageProducts.ChurchReport/wwwroot/css/devextreme/dx.material.purple.light.compact.css.bak","602851","2026-07-10T07:36:31.0330698Z","329870732646c298ce54b22f419eed2862264978ad5dc1972c4c3e119d0d7c34"
"tracked","SpeechMessageProducts.ChurchReport/wwwroot/css/devextreme/dx.material.purple.light.css","1132760","2026-07-10T07:36:31.0340687Z","68a41a09910d04de8d8539af95cc8891bc3cefe558189ce058f35ee86efd8c89"
"tracked","SpeechMessageProducts.ChurchReport/wwwroot/css/devextreme/dx.material.purple.light.css.bak","603043","2026-07-10T07:36:31.0350692Z","75744e0deda087d75cff3d629fe1051718b0a260f2abf1f4d02221c303476ce6"
"tracked","SpeechMessageProducts.ChurchReport/wwwroot/css/devextreme/dx.material.teal.dark.compact.css","1131828","2026-07-10T07:36:31.0370612Z","922bbecda92daded7052f9cfb55482d6a54dc20e21dbb5f4bbc9f97de45edb8b"
"tracked","SpeechMessageProducts.ChurchReport/wwwroot/css/devextreme/dx.material.teal.dark.compact.css.bak","603019","2026-07-10T07:36:31.0380687Z","8cae7b96e7ccdee32874ac73c1ec98061c3b63d9f4323b80cb5b4e00b7b5fc1e"
"tracked","SpeechMessageProducts.ChurchReport/wwwroot/css/devextreme/dx.material.teal.dark.css","1131938","2026-07-10T07:36:31.0400191Z","8a539cb28c62c474710664b341ab4dc57c5b9518d95f863a752ccf76ae6458e4"
"tracked","SpeechMessageProducts.ChurchReport/wwwroot/css/devextreme/dx.material.teal.dark.css.bak","603211","2026-07-10T07:36:31.0410227Z","c4aa7b1b64ef8c38c5d2928f3082a6207214325842069a1e7cfe2555c3e90d52"
"tracked","SpeechMessageProducts.ChurchReport/wwwroot/css/devextreme/dx.material.teal.light.compact.css","1132572","2026-07-10T07:36:31.0436148Z","15a1083f1e9b4de82edb12dca8a32c7d76b0e7045292c56b1520f59bd2db4355"
"tracked","SpeechMessageProducts.ChurchReport/wwwroot/css/devextreme/dx.material.teal.light.compact.css.bak","602785","2026-07-10T07:36:31.0446485Z","d9fea0fd69ac6a96f5182b09e223cf655ca69f652058404a296e2e7776fe06f9"
"tracked","SpeechMessageProducts.ChurchReport/wwwroot/css/devextreme/dx.material.teal.light.css","1132682","2026-07-10T07:36:31.0466476Z","99bf94b2f45920a827be3f26cfa3ebd9ab47fa662f5f7cd7c97f6a1a18abca21"
"tracked","SpeechMessageProducts.ChurchReport/wwwroot/css/devextreme/dx.material.teal.light.css.bak","602977","2026-07-10T07:36:31.0476481Z","2eb7bf3f0ccf3b5e977604d7502140e37046d3ab5a1f6fffddd64b95d54b2d02"
"tracked","SpeechMessageProducts.ChurchReport/wwwroot/css/devextreme/dx.softblue.compact.css","890770","2026-07-10T07:36:31.0486479Z","82d5e6c0cadba859dc255ad9571824273b408a581b7dd79b88265c7a9cfb8ddf"
"tracked","SpeechMessageProducts.ChurchReport/wwwroot/css/devextreme/dx.softblue.compact.css.bak","505255","2026-07-10T07:36:31.0501511Z","9ca05194999187085582ca55e821f00cdaaf6f5e9d02fceec72114d329adbad0"
"tracked","SpeechMessageProducts.ChurchReport/wwwroot/css/devextreme/dx.softblue.css","890969","2026-07-10T07:36:31.0521561Z","8776ae0e2c2de284aa596e376a7aeb59d136d51422f5d495f8be5af7d6642751"
"tracked","SpeechMessageProducts.ChurchReport/wwwroot/css/devextreme/dx.softblue.css.bak","505367","2026-07-10T07:36:31.0541544Z","b6bdb89b1896eaef6031bd15b865f83008f62ecc27eb7f8e9640a152e007f991"
"tracked","SpeechMessageProducts.ChurchReport/wwwroot/css/devextreme/dx.spa.css","2146","2026-07-10T07:36:31.0541544Z","5b961a43f1eafe9f2e4a480673a1392862ec29990ea9893ad4e715ba67de5bb9"
"tracked","SpeechMessageProducts.ChurchReport/wwwroot/css/devextreme/dx.spa.css.bak","2399","2026-07-10T07:36:31.0541544Z","12a1d8a14cf1f366afaf5d51c63240624d529027df077b1d63ae3df5cc3e2c46"
"tracked","SpeechMessageProducts.ChurchReport/wwwroot/css/devextreme/dx.win10.black.css","341570","2026-07-10T07:36:31.0566604Z","9bf0c5a0a93093c08c8ebeaaefd186e24af51c9394ed6cba51ae869c11abaed9"
"tracked","SpeechMessageProducts.ChurchReport/wwwroot/css/devextreme/dx.win10.black.css.bak","324404","2026-07-10T07:36:31.0586664Z","b785c5c56ad1c25cd86d82be4656941290436e3e1f731c3dcd83143922b76907"
"tracked","SpeechMessageProducts.ChurchReport/wwwroot/css/devextreme/dx.win10.white.css","341838","2026-07-10T07:36:31.0586664Z","7cedc1b5d20cd70a501dbd49fb35b4aa087c669d64d14c06d24db8f0dca3ab33"
"tracked","SpeechMessageProducts.ChurchReport/wwwroot/css/devextreme/dx.win10.white.css.bak","324670","2026-07-10T07:36:31.0601696Z","a6aa5dc4e7c9ae69fee4aa163d024f87cdc4cea14c229a1f1c505c9a186afc97"
"tracked","SpeechMessageProducts.ChurchReport/wwwroot/css/devextreme/dx.win8.black.css","318231","2026-07-10T07:36:31.0613240Z","86cb2d149b525a3a290bca46b0c436887c1cf0a77531bf897f52db1feb8d7f32"
"tracked","SpeechMessageProducts.ChurchReport/wwwroot/css/devextreme/dx.win8.black.css.bak","303351","2026-07-10T07:36:31.0623233Z","4ee659a53133eacf4f1b6290de95490aa4a7e88df57990baa817557f0a7eb296"
"tracked","SpeechMessageProducts.ChurchReport/wwwroot/css/devextreme/dx.win8.white.css","317893","2026-07-10T07:36:31.0633258Z","e3cc5e0544b3c01cadc0935996762815db19d74c555ab9b90c23c3c9438d4d70"
"tracked","SpeechMessageProducts.ChurchReport/wwwroot/css/devextreme/dx.win8.white.css.bak","303071","2026-07-10T07:36:31.0633258Z","a49606315cf3d3860767a3b43be771dbfae00415648aacfaf9dc370fb9613094"
"tracked","SpeechMessageProducts.ChurchReport/wwwroot/css/devextreme/dx-diagram.css","15891","2026-07-10T07:36:30.9183985Z","f7d3e0082d6235e4aab3b61c51103fc7dc25a2e3e3e8f2e275e094d7f2ab664a"
"tracked","SpeechMessageProducts.ChurchReport/wwwroot/css/devextreme/dx-diagram.css.bak","10648","2026-07-10T07:36:30.9199020Z","95b38d50c29176b3b12168b1035740999c33e105f979f928acb85325b71995b4"
"tracked","SpeechMessageProducts.ChurchReport/wwwroot/css/devextreme/dx-diagram.min.css","13125","2026-07-10T07:36:30.9199020Z","2306573f1d34fa23a4a96a7c7969a42b5cbba8bde8799b093bc391fee913d8b2"
"tracked","SpeechMessageProducts.ChurchReport/wwwroot/css/devextreme/dx-diagram.min.css.bak","8706","2026-07-10T07:36:30.9199020Z","0c542bf6826f909440fb0521189df9685e736fce8d6287bc97889f32250f011e"
"tracked","SpeechMessageProducts.ChurchReport/wwwroot/css/devextreme/dx-gantt.css","7577","2026-07-10T07:36:30.9199020Z","a5ac7c2dc01f2ebd82dfad12e854bf39a502eab30616834b2d80206be5e494b4"
"tracked","SpeechMessageProducts.ChurchReport/wwwroot/css/devextreme/dx-gantt.css.bak","5253","2026-07-10T07:36:30.9209057Z","529613548836a6d14f073d839ca884abd56e4c5aa99107f3be3437f7c0a7799c"
"tracked","SpeechMessageProducts.ChurchReport/wwwroot/css/devextreme/dx-gantt.min.css","7409","2026-07-10T07:36:30.9209057Z","182740f9d79eceadc35f4afe894be8f97f1dcf7cedd52a0c1e073f4671a8389c"
"tracked","SpeechMessageProducts.ChurchReport/wwwroot/css/devextreme/dx-gantt.min.css.bak","5132","2026-07-10T07:36:30.9209057Z","ef7cdc860920d5f698bf60a0c427a265b0021dfbae6dd28e408eeeadbdba74b8"
"tracked","SpeechMessageProducts.ChurchReport/wwwroot/css/devextreme/fonts/Roboto-300.ttf","170420","2026-07-10T07:36:31.0653233Z","a6d343d425bc38db90152fa06058b1c7391eca9264f334ef65c1ce175085c6f6"
"tracked","SpeechMessageProducts.ChurchReport/wwwroot/css/devextreme/fonts/Roboto-300.ttf.bak","170420","2026-07-10T07:36:31.0663309Z","a6d343d425bc38db90152fa06058b1c7391eca9264f334ef65c1ce175085c6f6"
"tracked","SpeechMessageProducts.ChurchReport/wwwroot/css/devextreme/fonts/Roboto-300.woff","85692","2026-07-10T07:36:31.0673307Z","18827349c7febd4b8d01aa907c67ea9b8011242078326b24703978454fdf351a"
"tracked","SpeechMessageProducts.ChurchReport/wwwroot/css/devextreme/fonts/Roboto-300.woff.bak","85692","2026-07-10T07:36:31.0683264Z","18827349c7febd4b8d01aa907c67ea9b8011242078326b24703978454fdf351a"
"tracked","SpeechMessageProducts.ChurchReport/wwwroot/css/devextreme/fonts/Roboto-300.woff2","64320","2026-07-10T07:36:31.0683264Z","1d8f5280afb7f4fa0db5cdfcb751e180788b0f0da1488309c4243ebff11a9591"
"tracked","SpeechMessageProducts.ChurchReport/wwwroot/css/devextreme/fonts/Roboto-300.woff2.bak","64320","2026-07-10T07:36:31.0693231Z","1d8f5280afb7f4fa0db5cdfcb751e180788b0f0da1488309c4243ebff11a9591"
"tracked","SpeechMessageProducts.ChurchReport/wwwroot/css/devextreme/fonts/Roboto-400.ttf","171676","2026-07-10T07:36:31.0703228Z","79e851404657dac2106b3d22ad256d47824a9a5765458edb72c9102a45816d95"
"tracked","SpeechMessageProducts.ChurchReport/wwwroot/css/devextreme/fonts/Roboto-400.ttf.bak","171676","2026-07-10T07:36:31.0717082Z","79e851404657dac2106b3d22ad256d47824a9a5765458edb72c9102a45816d95"
"tracked","SpeechMessageProducts.ChurchReport/wwwroot/css/devextreme/fonts/Roboto-400.woff","85876","2026-07-10T07:36:31.0717082Z","9ae9d6545d7d7d823f8a94010db77c1a0ff71e371e8bb158df1cb98395162507"
"tracked","SpeechMessageProducts.ChurchReport/wwwroot/css/devextreme/fonts/Roboto-400.woff.bak","85876","2026-07-10T07:36:31.0727009Z","9ae9d6545d7d7d823f8a94010db77c1a0ff71e371e8bb158df1cb98395162507"
"tracked","SpeechMessageProducts.ChurchReport/wwwroot/css/devextreme/fonts/Roboto-400.woff2","64632","2026-07-10T07:36:31.0727009Z","47107401d0adb375ab9aa167f9d62489a849d510e740a307b5a4db60e5db3562"
"tracked","SpeechMessageProducts.ChurchReport/wwwroot/css/devextreme/fonts/Roboto-400.woff2.bak","64632","2026-07-10T07:36:31.0738621Z","47107401d0adb375ab9aa167f9d62489a849d510e740a307b5a4db60e5db3562"
"tracked","SpeechMessageProducts.ChurchReport/wwwroot/css/devextreme/fonts/Roboto-500.ttf","172064","2026-07-10T07:36:31.0749045Z","f205cc511821ea56078a105557fcea6253129404d411c997e1866fbd006abb68"
"tracked","SpeechMessageProducts.ChurchReport/wwwroot/css/devextreme/fonts/Roboto-500.ttf.bak","172064","2026-07-10T07:36:31.0759055Z","f205cc511821ea56078a105557fcea6253129404d411c997e1866fbd006abb68"
"tracked","SpeechMessageProducts.ChurchReport/wwwroot/css/devextreme/fonts/Roboto-500.woff","86444","2026-07-10T07:36:31.0770214Z","4112fbc996a10ba2f5be2077f92be5eb143e24061a24f7c99825066ecc5b8a51"
"tracked","SpeechMessageProducts.ChurchReport/wwwroot/css/devextreme/fonts/Roboto-500.woff.bak","86444","2026-07-10T07:36:31.0770214Z","4112fbc996a10ba2f5be2077f92be5eb143e24061a24f7c99825066ecc5b8a51"
"tracked","SpeechMessageProducts.ChurchReport/wwwroot/css/devextreme/fonts/Roboto-500.woff2","65484","2026-07-10T07:36:31.0770214Z","96025fe9db6578d8bc7f4b8be739750b1490e07221c2b1f16acde2ea7669cedf"
"tracked","SpeechMessageProducts.ChurchReport/wwwroot/css/devextreme/fonts/Roboto-500.woff2.bak","65484","2026-07-10T07:36:31.0780206Z","96025fe9db6578d8bc7f4b8be739750b1490e07221c2b1f16acde2ea7669cedf"
"tracked","SpeechMessageProducts.ChurchReport/wwwroot/css/devextreme/fonts/Roboto-700.ttf","170760","2026-07-10T07:36:31.0790198Z","7d0b991ee3e0be7af01ad7ea8cd2beea6c00a25e679a0226b6737f079aafff86"
"tracked","SpeechMessageProducts.ChurchReport/wwwroot/css/devextreme/fonts/Roboto-700.ttf.bak","170760","2026-07-10T07:36:31.0805405Z","7d0b991ee3e0be7af01ad7ea8cd2beea6c00a25e679a0226b6737f079aafff86"
"tracked","SpeechMessageProducts.ChurchReport/wwwroot/css/devextreme/fonts/Roboto-700.woff","86184","2026-07-10T07:36:31.0815415Z","b1767a0c3e5dfb3a5009efee4445ff15d6362e9285461e17bded186f1e9456f0"
"tracked","SpeechMessageProducts.ChurchReport/wwwroot/css/devextreme/fonts/Roboto-700.woff.bak","86184","2026-07-10T07:36:31.0815415Z","b1767a0c3e5dfb3a5009efee4445ff15d6362e9285461e17bded186f1e9456f0"
"tracked","SpeechMessageProducts.ChurchReport/wwwroot/css/devextreme/fonts/Roboto-700.woff2","64740","2026-07-10T07:36:31.0825425Z","8e44376b735dcc9027acbcc8a0df64c3f886a23529eff27b022f344d719e90f2"
"tracked","SpeechMessageProducts.ChurchReport/wwwroot/css/devextreme/fonts/Roboto-700.woff2.bak","64740","2026-07-10T07:36:31.0825425Z","8e44376b735dcc9027acbcc8a0df64c3f886a23529eff27b022f344d719e90f2"
"tracked","SpeechMessageProducts.ChurchReport/wwwroot/css/devextreme/icons/dxicons.ttf","32152","2026-07-10T07:36:31.0835430Z","8ec26190abf8abb2554014ffa47be060b8d206a1fa2a23e146214c888db11778"
"tracked","SpeechMessageProducts.ChurchReport/wwwroot/css/devextreme/icons/dxicons.ttf.bak","48724","2026-07-10T07:36:31.0845416Z","d12e84572894a2262c9fe754ce06c1027b2f74736f05077001baf54af7d15444"
"tracked","SpeechMessageProducts.ChurchReport/wwwroot/css/devextreme/icons/dxicons.woff","32228","2026-07-10T07:36:31.0845416Z","a3e564b6a542d0c2412773f11b920cc8024892fe93a6612f2ea503584e47843e"
"tracked","SpeechMessageProducts.ChurchReport/wwwroot/css/devextreme/icons/dxicons.woff.bak","24324","2026-07-10T07:36:31.0845416Z","74d426dd1762b1ebe433996f89d79145aa9a49c6a046fda51373f7a19fe40718"
"tracked","SpeechMessageProducts.ChurchReport/wwwroot/css/devextreme/icons/dxicons.woff2","13308","2026-07-10T07:36:31.0855416Z","ca4e81e516eea9e9a71328face393ef68914f5dae5be4637a3669263af655f35"
"tracked","SpeechMessageProducts.ChurchReport/wwwroot/css/devextreme/icons/dxicons.woff2.bak","19024","2026-07-10T07:36:31.0855416Z","b21fff6f1b43b0302e264d81f14ab75235060a0338749b2d3e4d516d18544e00"
"tracked","SpeechMessageProducts.ChurchReport/wwwroot/css/devextreme/icons/dxiconsios.ttf","50248","2026-07-10T07:36:31.0865412Z","7bb2926dd9e3dea75eccdb4ca086b902f7e8c264829f58726abf15cd66d210bb"
"tracked","SpeechMessageProducts.ChurchReport/wwwroot/css/devextreme/icons/dxiconsios.ttf.bak","50248","2026-07-10T07:36:31.0865412Z","7bb2926dd9e3dea75eccdb4ca086b902f7e8c264829f58726abf15cd66d210bb"
"tracked","SpeechMessageProducts.ChurchReport/wwwroot/css/devextreme/icons/dxiconsios.woff","25524","2026-07-10T07:36:31.0875416Z","d3c233659c3ad9b0bece3b7f09659a4ba7ab6e190086adb404e5cb3396ad02ec"
"tracked","SpeechMessageProducts.ChurchReport/wwwroot/css/devextreme/icons/dxiconsios.woff.bak","25524","2026-07-10T07:36:31.0875416Z","d3c233659c3ad9b0bece3b7f09659a4ba7ab6e190086adb404e5cb3396ad02ec"
"tracked","SpeechMessageProducts.ChurchReport/wwwroot/css/devextreme/icons/dxiconsios.woff2","19224","2026-07-10T07:36:31.0885417Z","72c822c79a788b82f56f7b7d66a480ed8fde4aca84fb600bf9e24a9f321323ad"
"tracked","SpeechMessageProducts.ChurchReport/wwwroot/css/devextreme/icons/dxiconsios.woff2.bak","19224","2026-07-10T07:36:31.0885417Z","72c822c79a788b82f56f7b7d66a480ed8fde4aca84fb600bf9e24a9f321323ad"
"tracked","SpeechMessageProducts.ChurchReport/wwwroot/css/devextreme/icons/dxiconsmaterial.ttf","30300","2026-07-10T07:36:31.0885417Z","555d05784f8cdc03bd5f7db2839cca44704bd61363a53f9b1aac838bff40ba0c"
"tracked","SpeechMessageProducts.ChurchReport/wwwroot/css/devextreme/icons/dxiconsmaterial.ttf.bak","39120","2026-07-10T07:36:31.0900448Z","c35bdf7f2f0c29d4bd7d0141781d4cf92ff8c1f54b32f02e26e22b94cc2cdbb4"
"tracked","SpeechMessageProducts.ChurchReport/wwwroot/css/devextreme/icons/dxiconsmaterial.woff","30376","2026-07-10T07:36:31.0900448Z","42f56e02d08d115135f57041906f2d05a55e9a4d7f586828d015c7a7f7b782c5"
"tracked","SpeechMessageProducts.ChurchReport/wwwroot/css/devextreme/icons/dxiconsmaterial.woff.bak","20352","2026-07-10T07:36:31.0900448Z","075d8c92d407cfafb8cf9a6835b53532bf2bd0a43f015714fec9ef6a60f3e060"
"tracked","SpeechMessageProducts.ChurchReport/wwwroot/css/devextreme/icons/dxiconsmaterial.woff2","11452","2026-07-10T07:36:31.0910488Z","a6e5feb6bde151625c48b641b20a94fdcb7c1977858653a64a05c329312f7ccf"
"tracked","SpeechMessageProducts.ChurchReport/wwwroot/css/devextreme/icons/dxiconsmaterial.woff2.bak","16376","2026-07-10T07:36:31.0910488Z","8362d9927393ec58ea0ea5d4a6dc1009e4123b69cbe7df2d6d3bc2a58beec90b"
"tracked","SpeechMessageProducts.ChurchReport/wwwroot/css/DonationPaymentView.css","18788","2026-07-10T07:36:30.9153962Z","47187426b0902e4139091e00f541fd7f84a2c98b4453935846973525cb35bb56"
"tracked","SpeechMessageProducts.ChurchReport/wwwroot/css/Gallery.css","849","2026-07-10T07:36:30.9163954Z","7d6d7d3d8d5a5a8e4d7491737785cf8d6e7c948ffe46075785a928e960c79567"
"tracked","SpeechMessageProducts.ChurchReport/wwwroot/css/LineIdLoginView.css","5445","2026-07-10T07:36:30.9163954Z","c0dd21dbd09bf64c959ab35d08eabc7b4c53eac2f56cd7d2a7805cf2007bff84"
"tracked","SpeechMessageProducts.ChurchReport/wwwroot/css/LineLiffView.css","5082","2026-07-10T07:36:30.9163954Z","2d489cdef5b92650f5fc7f32a8348cece92c8ff768a3ed517814e58206d29c86"
"tracked","SpeechMessageProducts.ChurchReport/wwwroot/css/Login.css","5503","2026-07-10T07:36:30.9163954Z","bb0bcf4b9c520c62311bcdf443c51bcdafc57ae403c367dc8a1aefb41aae16e6"
"tracked","SpeechMessageProducts.ChurchReport/wwwroot/css/MasterDetail.css","756","2026-07-10T07:36:30.9173958Z","952d84075bb04eb8bee7308438c626bb254ae3691cf6da96e594c423d109bbe1"
"tracked","SpeechMessageProducts.ChurchReport/wwwroot/css/mini-app-safe-area.css","3225","2026-07-10T07:36:31.0910488Z","08038eb74eba1d458e1115ed900d55888b300cc7ee104a64179cd71bf19f68c2"
"tracked","SpeechMessageProducts.ChurchReport/wwwroot/css/NewPerson.css","851","2026-07-10T07:36:30.9173958Z","74e6aa8d12126f5eeb0804a476a854bc6d5ee6fbda07dbfb1514f8ec0db17cc3"
"tracked","SpeechMessageProducts.ChurchReport/wwwroot/css/ReportChart.css","900","2026-07-10T07:36:30.9173958Z","e97ceab210303e74554ace65dfd6304c430d09c41c8cde76dad785a8f97dfca7"
"tracked","SpeechMessageProducts.ChurchReport/wwwroot/css/Scheduler.css","1399","2026-07-10T07:36:30.9173958Z","8df0886cddbc6cd1e90fec118fa5ed3c43201d259691de7ab6bbbc1b2b21ef1f"
"tracked","SpeechMessageProducts.ChurchReport/wwwroot/css/Site - 複製.css","0","2026-07-10T07:36:30.9173958Z","e3b0c44298fc1c149afbf4c8996fb92427ae41e4649b934ca495991b7852b855"
"tracked","SpeechMessageProducts.ChurchReport/wwwroot/css/Site.css","4812","2026-07-10T07:36:30.9183985Z","4d68b6cdb367a6829e768f0e84296415168e31172992f6dab8c61df297b7bcf7"
"tracked","SpeechMessageProducts.ChurchReport/wwwroot/css/SmallGroupReportController.css","531","2026-07-10T07:36:30.9183985Z","425ca02dfd31e68766f8df965e05c0d79814bd1ddf5dd05abf348d5211c1e0fd"
"tracked","SpeechMessageProducts.ChurchReport/wwwroot/css/WeeklyReport.css","1255","2026-07-10T07:36:30.9183985Z","d1bf8225c0974c92e1ea4205683d5fedd0a90ee4198a27dea22a1e1667e5cdfc"
"tracked","SpeechMessageProducts.ChurchReport/wwwroot/favicon.ico","4286","2026-07-10T07:36:31.0910488Z","b0bc256cbffae5175f6b1781e6047734665c17980d470c28ea5222f6d4ffadd9"
"tracked","SpeechMessageProducts.ChurchReport/wwwroot/js/ActionButtonCentering.js","1900","2026-07-10T07:36:31.0920487Z","027cc250f57a4f0ea198526272c167d3b1be01b52f12ca7400e733088601bc4e"
"tracked","SpeechMessageProducts.ChurchReport/wwwroot/js/Ajax.js","4136","2026-07-10T07:36:31.0920487Z","5f6a0a62a191aaeb2a0c07d7e3bce24fc0edf36bfbc641c0d25a7874db1ece46"
"tracked","SpeechMessageProducts.ChurchReport/wwwroot/js/DataGridAjax.js","982","2026-07-10T07:36:31.0920487Z","591e014b339650a4f8d163a4c5e0be0e508c252fc81c23ece15d4f12d20b968c"
"tracked","SpeechMessageProducts.ChurchReport/wwwroot/js/devextreme/aspnet/dx.aspnet.data.js","13456","2026-07-10T07:36:31.0960489Z","868a3398bd5fb03c69c5386a194404dfe1ce4f4cd1e28638d76ee9d24fe82644"
"tracked","SpeechMessageProducts.ChurchReport/wwwroot/js/devextreme/aspnet/dx.aspnet.data.js.bak","11880","2026-07-10T07:36:31.0960489Z","83ef76393eb97a8b6bd3b38e2af812028578f0b593a008407ccfc4f713b8aaba"
"tracked","SpeechMessageProducts.ChurchReport/wwwroot/js/devextreme/aspnet/dx.aspnet.mvc.js","8865","2026-07-10T07:36:31.0960489Z","9952d99330b7ec0d4bc65cb9554f5a1d546c81dbc03fb4f3cc9aa31be1a0155a"
"tracked","SpeechMessageProducts.ChurchReport/wwwroot/js/devextreme/aspnet/dx.aspnet.mvc.js.bak","5901","2026-07-10T07:36:31.0970487Z","7c1bdec8998e54674d8f3e44cc57d0aa6b248ba91a54252689f19214a1a2e5cc"
"tracked","SpeechMessageProducts.ChurchReport/wwwroot/js/devextreme/cldr.js","18503","2026-07-10T07:36:31.0970487Z","9855cfdfb560bce53d05aff14bf87a5c14849666c32fc5529c100c5cfa280945"
"tracked","SpeechMessageProducts.ChurchReport/wwwroot/js/devextreme/cldr.js.bak","18338","2026-07-10T07:36:31.0980499Z","318fffa3d444ed141bb5712a29565b6322f93be1a081584ef1ce3f267a8de13d"
"tracked","SpeechMessageProducts.ChurchReport/wwwroot/js/devextreme/cldr.min.js","4698","2026-07-10T07:36:31.0980499Z","f8045f07f77ac06600845b4d9cbca058df2de8cb2ea107403f940340250469a9"
"tracked","SpeechMessageProducts.ChurchReport/wwwroot/js/devextreme/cldr.min.js.bak","4718","2026-07-10T07:36:31.0980499Z","6cc6c6e13cde1977d2afd0a7029ee6b41c8e6d51bac16dce0c3d338a765b0395"
"tracked","SpeechMessageProducts.ChurchReport/wwwroot/js/devextreme/cldr/event.js","19183","2026-07-10T07:36:31.0990495Z","bc94c1c7f7b1e796b70e14e744edcc3a12fbc232201380c87a2ec9141fad417a"
"tracked","SpeechMessageProducts.ChurchReport/wwwroot/js/devextreme/cldr/event.js.bak","19183","2026-07-10T07:36:31.0990495Z","364280bf5e74e08da88ea1838928f6820c4e39ab40237649ce259cddae4e28ab"
"tracked","SpeechMessageProducts.ChurchReport/wwwroot/js/devextreme/cldr/event.min.js","3911","2026-07-10T07:36:31.0990495Z","296b2d6af8263c1efc34228c9ffe13ac840d9e256ea29a14a0064f2a0625b187"
"tracked","SpeechMessageProducts.ChurchReport/wwwroot/js/devextreme/cldr/event.min.js.bak","3833","2026-07-10T07:36:31.0990495Z","99ffa987d3b46ebbbc6cafbb32ed10a736c33f3faf52afbcf4a0cac17c3e20d5"
"tracked","SpeechMessageProducts.ChurchReport/wwwroot/js/devextreme/cldr/supplemental.js","2504","2026-07-10T07:36:31.1000505Z","cecd3dc53ea6bad764ce8ea6fe7d301e396f6bb9b06e39cbfc22e9571bca2bdb"
"tracked","SpeechMessageProducts.ChurchReport/wwwroot/js/devextreme/cldr/supplemental.js.bak","2504","2026-07-10T07:36:31.1000505Z","042558f258ce59239a4cb7d9226396d318fb7adb647112a71c384a922827b80d"
"tracked","SpeechMessageProducts.ChurchReport/wwwroot/js/devextreme/cldr/supplemental.min.js","1202","2026-07-10T07:36:31.1000505Z","f304d8a57ca3bab9f72bc044ce38e1d5f166c0acf44c6fdd64d854b73e65c514"
"tracked","SpeechMessageProducts.ChurchReport/wwwroot/js/devextreme/cldr/supplemental.min.js.bak","1201","2026-07-10T07:36:31.1000505Z","c6d7e988277742581973a1acef8ac56c68cc30eda5ad61e8e94e59d39c91959b"
"tracked","SpeechMessageProducts.ChurchReport/wwwroot/js/devextreme/cldr/unresolved.js","4201","2026-07-10T07:36:31.1000505Z","81224b871da71b310825b59d1a54b4d6793af1283a38162f8354d634ae5387c2"
"tracked","SpeechMessageProducts.ChurchReport/wwwroot/js/devextreme/cldr/unresolved.js.bak","4201","2026-07-10T07:36:31.1015129Z","334384b83d929bec93a968d36dc1611ae62ea1a90fd3f23c89b80fc1bd1431a3"
"tracked","SpeechMessageProducts.ChurchReport/wwwroot/js/devextreme/cldr/unresolved.min.js","1149","2026-07-10T07:36:31.1015129Z","e43cf962894f3fb50b885d584f06e12c79c70ea131d7e2fb6fbd7ea323f34c94"
"tracked","SpeechMessageProducts.ChurchReport/wwwroot/js/devextreme/cldr/unresolved.min.js.bak","1195","2026-07-10T07:36:31.1015129Z","c8711f3607032374a711cce1a96762ecda1cb6430c34e68485ed6b344e6d2f3e"
"tracked","SpeechMessageProducts.ChurchReport/wwwroot/js/devextreme/devextreme-intl.min.js","12893","2026-07-10T07:36:31.1018648Z","02659ac8d955d60ee369d0c96991c0acca79560a46848b2f7ac36d9f13068c97"
"tracked","SpeechMessageProducts.ChurchReport/wwwroot/js/devextreme/dx.all.debug.js","16817446","2026-07-10T07:36:31.1707018Z","8f7e7973f6942441ff682922fe154f1157b53719fa3e89dd0f682c8ffb37a653"
"tracked","SpeechMessageProducts.ChurchReport/wwwroot/js/devextreme/dx.all.debug.js.bak","9787573","2026-07-10T07:36:31.2069222Z","71f3164753cccb20c41b8a0489a6345cad4bc3b30741d822032c61d0118eb2c3"
"tracked","SpeechMessageProducts.ChurchReport/wwwroot/js/devextreme/dx.all.js","5443278","2026-07-10T07:36:31.2252133Z","49368ae4166f79fa8a7a8bf0cc79e09dbe32571506a256641661ed969266e3ea"
"tracked","SpeechMessageProducts.ChurchReport/wwwroot/js/devextreme/dx.all.js.bak","3473035","2026-07-10T07:36:31.2367252Z","2a39c0da7807a29f75b042a9b3e33946db13617895b06f5a0c8158b07f278b24"
"tracked","SpeechMessageProducts.ChurchReport/wwwroot/js/devextreme/dx.mobile.debug.js","3664099","2026-07-10T07:36:31.3119739Z","e50b5b397ebf829bb9c8101c04a0342894affe331a2bfdb00fd55832985b14bc"
"tracked","SpeechMessageProducts.ChurchReport/wwwroot/js/devextreme/dx.mobile.debug.js.bak","3654207","2026-07-10T07:36:31.3479520Z","8b67898dcaaab7fe22ecf14e4e771b34d632dcc7c54979171d2c2c0729b86843"
"tracked","SpeechMessageProducts.ChurchReport/wwwroot/js/devextreme/dx.mobile.js","1319571","2026-07-10T07:36:31.3876467Z","4933ea4946ebe6bb0a627a14edfcb35838fe314ed6c1244b40e566e862f9f63a"
"tracked","SpeechMessageProducts.ChurchReport/wwwroot/js/devextreme/dx.mobile.js.bak","1315425","2026-07-10T07:36:31.4037390Z","1b2a8efc2a721d00e5dcf28cf9d0e3af055662971b73587f5ecb99cec271ab52"
"tracked","SpeechMessageProducts.ChurchReport/wwwroot/js/devextreme/dx.viz.debug.js","6142471","2026-07-10T07:36:31.5524169Z","f0aa7c89ca799c4eb2d1d9d5b3bcb6c7c4c5b65204a963d498c20b0bd647ca0e"
"tracked","SpeechMessageProducts.ChurchReport/wwwroot/js/devextreme/dx.viz.debug.js.bak","3709469","2026-07-10T07:36:31.5724044Z","38e283e4c6824ce6dfb6fd2bfe951e7a8c9c2e47d4b4b806aef4e0d0aad79d0f"
"tracked","SpeechMessageProducts.ChurchReport/wwwroot/js/devextreme/dx.viz.js","2011851","2026-07-10T07:36:31.5811258Z","0dfd66ef755d927472220904aaded90aff829916fb45a5abada60600a1e8bd08"
"tracked","SpeechMessageProducts.ChurchReport/wwwroot/js/devextreme/dx.viz.js.bak","1217668","2026-07-10T07:36:31.5884610Z","88c908cb84e333e28198a9f26bdf4017df67f2aa5bb83006c65f50d04ce90d7f"
"tracked","SpeechMessageProducts.ChurchReport/wwwroot/js/devextreme/dx.viz-web.debug.js","11620558","2026-07-10T07:36:31.4691353Z","154722b4403962f0978321a40a83a09e204f6b7f4226e213be025cbca960e344"
"tracked","SpeechMessageProducts.ChurchReport/wwwroot/js/devextreme/dx.viz-web.debug.js.bak","9759630","2026-07-10T07:36:31.5102733Z","901237e530ac10cc10b92bf69e361991d250a2d84d3a328660d648cfdd8fae1a"
"tracked","SpeechMessageProducts.ChurchReport/wwwroot/js/devextreme/dx.viz-web.js","4145523","2026-07-10T07:36:31.5275504Z","5d95bd5b8a9ff7d75e7eb73de7077bc14727350c225319e2077b5725f923295e"
"tracked","SpeechMessageProducts.ChurchReport/wwwroot/js/devextreme/dx.viz-web.js.bak","3461492","2026-07-10T07:36:31.5330810Z","b87e2aa9469d63485e8ed8c258d716d801ead969b3f3253aa1a4b4af1eed34fa"
"tracked","SpeechMessageProducts.ChurchReport/wwwroot/js/devextreme/dx.web.debug.js","14329593","2026-07-10T07:36:31.6103784Z","9b137493c66efc46c1bf7f930f6dd9ab8694cc19fdf876892b03f90c6cfca6ea"
"tracked","SpeechMessageProducts.ChurchReport/wwwroot/js/devextreme/dx.web.debug.js.bak","7478537","2026-07-10T07:36:31.6345608Z","b555d2b4f3147aabbb49f8107ed4e0f79aa17af26b9b7da5e2a0acbab7487e0c"
"tracked","SpeechMessageProducts.ChurchReport/wwwroot/js/devextreme/dx.web.js","4692738","2026-07-10T07:36:31.6634862Z","7c114a2572dfd0ad1f40aab9db1367985e87d1b31a7610c00b24369e83af18f5"
"tracked","SpeechMessageProducts.ChurchReport/wwwroot/js/devextreme/dx.web.js.bak","2712460","2026-07-10T07:36:31.6684899Z","2491399b12f6c8022defb9293c6555c158c1b4503cbe8a6fc06d2046f3ba7b91"
"tracked","SpeechMessageProducts.ChurchReport/wwwroot/js/devextreme/dx-diagram.js","1993247","2026-07-10T07:36:31.1082951Z","c61218dc197194898242ccefb8157133d423ce17a3b19c13416cc12f32adf02c"
"tracked","SpeechMessageProducts.ChurchReport/wwwroot/js/devextreme/dx-diagram.js.bak","1062714","2026-07-10T07:36:31.1124792Z","e6975e22f60b0cd80be790aa9fd58b0c69ad446a109a951a339119eca497c5ad"
"tracked","SpeechMessageProducts.ChurchReport/wwwroot/js/devextreme/dx-diagram.min.js","986682","2026-07-10T07:36:31.1156558Z","f4a9a187e713d8640dc1ab110200ad79f5ca8edac6a7864a2c099e14e260f60d"
"tracked","SpeechMessageProducts.ChurchReport/wwwroot/js/devextreme/dx-diagram.min.js.bak","504871","2026-07-10T07:36:31.1176632Z","4432621e0ebf31db468e94fde1f5e5e658d8398447c7b12897ce5622a35ce12d"
"tracked","SpeechMessageProducts.ChurchReport/wwwroot/js/devextreme/dx-gantt.js","970336","2026-07-10T07:36:31.1211830Z","e7a04e185d80442d6fa14d18e79eea00ccbd03231111cbe5ac16f74f5122ef0d"
"tracked","SpeechMessageProducts.ChurchReport/wwwroot/js/devextreme/dx-gantt.js.bak","372258","2026-07-10T07:36:31.1227804Z","01ed4c65e4b2ba926bb855263e015452168204b0e4f3adbad9f84ed83dbe6faf"
"tracked","SpeechMessageProducts.ChurchReport/wwwroot/js/devextreme/dx-gantt.min.js","505214","2026-07-10T07:36:31.1248205Z","35ca4f7a57d4ceb2616fc5319a8778f51212c39d341e382ddca6b65df88fa8e3"
"tracked","SpeechMessageProducts.ChurchReport/wwwroot/js/devextreme/dx-gantt.min.js.bak","190551","2026-07-10T07:36:31.1258282Z","979f0fa1b69918c7e278939e9ffa00c6f640dfe4bdfda242675d3b61acede9c1"
"tracked","SpeechMessageProducts.ChurchReport/wwwroot/js/devextreme/dx-quill.js","835297","2026-07-10T07:36:31.1288210Z","f0676bc1d00cfe78e8e23478736ee0fb4341fa1989a022b271010c578a08b63a"
"tracked","SpeechMessageProducts.ChurchReport/wwwroot/js/devextreme/dx-quill.min.js","310933","2026-07-10T07:36:31.1303317Z","99131d6c13fab1635323c86dceb7161458368ff4d5bc4a401743c542e028a4e3"
"tracked","SpeechMessageProducts.ChurchReport/wwwroot/js/devextreme/exceljs.js","2709465","2026-07-10T07:36:31.6800035Z","921af6dca4f29678b3297d05fe94ae15033c281c3b19e1917b3ff6038f6580c9"
"tracked","SpeechMessageProducts.ChurchReport/wwwroot/js/devextreme/exceljs.min.js","1168557","2026-07-10T07:36:31.6855217Z","5f4008e0c38813e873d8aeaf8e59bd8b38c696c1dd2d6f1a5284fd4a0b30b27c"
"tracked","SpeechMessageProducts.ChurchReport/wwwroot/js/devextreme/FileSaver.js","6341","2026-07-10T07:36:31.0950492Z","7a5fdc96670d135448eada31b21f5267ff1ad042af8d770544042389dbc7daac"
"tracked","SpeechMessageProducts.ChurchReport/wwwroot/js/devextreme/FileSaver.min.js","2751","2026-07-10T07:36:31.0950492Z","9765fc464341293cb543eaa16505a07e0e6de05e6fcfcf7be103dc8fe174648d"
"tracked","SpeechMessageProducts.ChurchReport/wwwroot/js/devextreme/globalize.js","11424","2026-07-10T07:36:31.6855217Z","80b112031d900e82286aee22837e22c28f34bc458595f65c348c5e6d7be96580"
"tracked","SpeechMessageProducts.ChurchReport/wwwroot/js/devextreme/globalize.js.bak","9520","2026-07-10T07:36:31.6855217Z","6651bb4e2be2e4674214d13b976b0caef73aa939974ab5aa824aefe3e9bf8973"
"tracked","SpeechMessageProducts.ChurchReport/wwwroot/js/devextreme/globalize.min.js","3559","2026-07-10T07:36:31.6865207Z","35a87fc541400603128cdb212e19196b21ba83a63631f319a3e83862eba7dde2"
"tracked","SpeechMessageProducts.ChurchReport/wwwroot/js/devextreme/globalize.min.js.bak","3174","2026-07-10T07:36:31.6865207Z","816d6d707dc8ab2813727f983e18c64c79d14c572317a164c52ba3edb8a00a1d"
"tracked","SpeechMessageProducts.ChurchReport/wwwroot/js/devextreme/globalize/currency.js","22947","2026-07-10T07:36:31.6865207Z","23d2fbe781cf8df698b830ac0a7d6d011f64bc22938a86800945de8f56a9fcf4"
"tracked","SpeechMessageProducts.ChurchReport/wwwroot/js/devextreme/globalize/currency.js.bak","14622","2026-07-10T07:36:31.6875199Z","879714c3ab03157b09f2d772299dbf405496f488dfd11e9ebff320ec798cf4b9"
"tracked","SpeechMessageProducts.ChurchReport/wwwroot/js/devextreme/globalize/currency.min.js","10759","2026-07-10T07:36:31.6875199Z","c46cbfdce84438339a401b2ca116a25883c92ea822d75ae053fc05f3207d18e3"
"tracked","SpeechMessageProducts.ChurchReport/wwwroot/js/devextreme/globalize/currency.min.js.bak","6284","2026-07-10T07:36:31.6875199Z","253b552f6394b102e83b75963cea522565e24049f11e94a9683c08692a634111"
"tracked","SpeechMessageProducts.ChurchReport/wwwroot/js/devextreme/globalize/date.js","78930","2026-07-10T07:36:31.6885205Z","1a96591d58bde5232937aca92f3e591fdb27fb6999393eebe4d0d9327e7c9cc5"
"tracked","SpeechMessageProducts.ChurchReport/wwwroot/js/devextreme/globalize/date.js.bak","78930","2026-07-10T07:36:31.6885205Z","7b3b09cac6a4c9c15018719f0b9d43e7b0068b0714bdf01dbbf11159c315157e"
"tracked","SpeechMessageProducts.ChurchReport/wwwroot/js/devextreme/globalize/date.min.js","23843","2026-07-10T07:36:31.6900246Z","aa4c99384040d0a22fc6090b007270965f79aea736ab520b27b695cb51c8207d"
"tracked","SpeechMessageProducts.ChurchReport/wwwroot/js/devextreme/globalize/date.min.js.bak","24166","2026-07-10T07:36:31.6900246Z","7f71548d5d5f3f50eed399912a03024ed4450b5ad4b0fb3c6b430cf4f53a8959"
"tracked","SpeechMessageProducts.ChurchReport/wwwroot/js/devextreme/globalize/message.js","63978","2026-07-10T07:36:31.6910302Z","6946a7dab6931ca8fc9b1f03715890fbb54268cdbcfa7dbb7f36c1cda9638088"
"tracked","SpeechMessageProducts.ChurchReport/wwwroot/js/devextreme/globalize/message.js.bak","63980","2026-07-10T07:36:31.6910302Z","d7f1da015aca9608ddd3080fd3709ca3ef35418e7de746fbf27af2776397e10a"
"tracked","SpeechMessageProducts.ChurchReport/wwwroot/js/devextreme/globalize/message.min.js","16402","2026-07-10T07:36:31.6920293Z","cf63848660dadc240bbfde5dc5ab6f6cebfff7d7e063806f1993211a4c7c9c7f"
"tracked","SpeechMessageProducts.ChurchReport/wwwroot/js/devextreme/globalize/message.min.js.bak","17119","2026-07-10T07:36:31.6920293Z","04af9066d67c59921ade03bea7d86e10316d24049c32a71a7ea256b0e23c4e41"
"tracked","SpeechMessageProducts.ChurchReport/wwwroot/js/devextreme/globalize/number.js","47824","2026-07-10T07:36:31.6920293Z","82c843d684f01465946828e5ba335409755312c282cca8d32409db49ed5d9b72"
"tracked","SpeechMessageProducts.ChurchReport/wwwroot/js/devextreme/globalize/number.js.bak","44574","2026-07-10T07:36:31.6930295Z","330a0a4f4a119b06fafc49897f744eb3ae72b16d218d53de9eab87edfcb88119"
"tracked","SpeechMessageProducts.ChurchReport/wwwroot/js/devextreme/globalize/number.min.js","10617","2026-07-10T07:36:31.6930295Z","a8c38753e70e1766bb9636c1763372283b99d5abb2a493030dca13e9d726e68c"
"tracked","SpeechMessageProducts.ChurchReport/wwwroot/js/devextreme/globalize/number.min.js.bak","9839","2026-07-10T07:36:31.6930295Z","9878ae7c9453c3e723d39916d71c61bf04d0ebf87dc03a78ff7061ee326ada43"
"tracked","SpeechMessageProducts.ChurchReport/wwwroot/js/devextreme/jspdf.plugin.autotable.js","92769","2026-07-10T07:36:31.6940295Z","837fef4b398f11839498222f6e63e04c92b153c3eed1f25c35fd82a1b4ac73bb"
"tracked","SpeechMessageProducts.ChurchReport/wwwroot/js/devextreme/jspdf.plugin.autotable.min.js","36437","2026-07-10T07:36:31.6940295Z","e9506395996ab422d36442452bafc9382e01fbfd557dc57b01c22cc6af9ed5cb"
"tracked","SpeechMessageProducts.ChurchReport/wwwroot/js/devextreme/jspdf.umd.js","968889","2026-07-10T07:36:31.6985446Z","773557cc1495d1f036b672528dc5e42af85f98a2cf083824a43a0a6d41ccdafc"
"tracked","SpeechMessageProducts.ChurchReport/wwwroot/js/devextreme/jspdf.umd.min.js","364861","2026-07-10T07:36:31.7010554Z","8b24adad5a45662aa40daf98be05855d89b8a23d0cc757d6530ba3edd682efc5"
"tracked","SpeechMessageProducts.ChurchReport/wwwroot/js/devextreme/jszip.js","385745","2026-07-10T07:36:31.7018737Z","739f00453c7df6d4d6af1a080cba01d1069dbc5b9ead0c2df624a430731854d9"
"tracked","SpeechMessageProducts.ChurchReport/wwwroot/js/devextreme/jszip.js.bak","377592","2026-07-10T07:36:31.7059705Z","2b0fe36a53a03b6d6c1cd367ae70776790b1a2f1a99786661245222cfbaf7a3b"
"tracked","SpeechMessageProducts.ChurchReport/wwwroot/js/devextreme/jszip.min.js","97599","2026-07-10T07:36:31.7069708Z","1ea4b2d8463ecb3341cfb1c8f9c3b31b09fc2e7271f6f8fc77c4ba3d7c4e0245"
"tracked","SpeechMessageProducts.ChurchReport/wwwroot/js/devextreme/jszip.min.js.bak","97450","2026-07-10T07:36:31.7079708Z","b32fd6867507a20a007db420464a07d12b164686b6c84b47029fff75030767cf"
"tracked","SpeechMessageProducts.ChurchReport/wwwroot/js/devextreme/localization/dx.all.de.js","15150","2026-07-10T07:36:31.7079708Z","24d06bef476062bd655ab0b75113c1ae8a9384546eb8e3a87adb89cfead403be"
"tracked","SpeechMessageProducts.ChurchReport/wwwroot/js/devextreme/localization/dx.all.de.js.bak","13649","2026-07-10T07:36:31.7089707Z","c27bda78b862cc958d1ffa711a16a29b7aa20612d9be823ceb23bf0adfa21c66"
"tracked","SpeechMessageProducts.ChurchReport/wwwroot/js/devextreme/localization/dx.all.ja.js","16439","2026-07-10T07:36:31.7089707Z","92136fe696e2dfca13c253522f35bad451b48e049ec4da764f1ee0bb7d9fc74b"
"tracked","SpeechMessageProducts.ChurchReport/wwwroot/js/devextreme/localization/dx.all.ja.js.bak","14798","2026-07-10T07:36:31.7099723Z","7d8f63574e5c080f304aa604376f4dacaafe6ef41d56d3c469f37339325b4379"
"tracked","SpeechMessageProducts.ChurchReport/wwwroot/js/devextreme/localization/dx.all.ru.js","18037","2026-07-10T07:36:31.7099723Z","647bcbea59a8b40111a59adee42b881a38714be2f7a544b30d94ad88dd2ff7f8"
"tracked","SpeechMessageProducts.ChurchReport/wwwroot/js/devextreme/localization/dx.all.ru.js.bak","16412","2026-07-10T07:36:31.7099723Z","7c36c5a071c7c24a62d481f2a87e54c1c9902743cbdd7cd0659636e7612359eb"
"tracked","SpeechMessageProducts.ChurchReport/wwwroot/js/devextreme/localization/dx.messages.ar.js","59035","2026-07-10T07:36:31.7110339Z","d9a5511c21b5b8d74c492462c796796485b43dad4355e29991cd7835eceb6211"
"tracked","SpeechMessageProducts.ChurchReport/wwwroot/js/devextreme/localization/dx.messages.cs.js","41366","2026-07-10T07:36:31.7120341Z","5bc1fd1cc759b537f10edf1951e2b64ee9fee6f2db8b85cd1de6b475eee85846"
"tracked","SpeechMessageProducts.ChurchReport/wwwroot/js/devextreme/localization/dx.messages.cs.js.bak","17193","2026-07-10T07:36:31.7120341Z","6284dc91b2bb4c5dc047dab169beed08a9b18bc82169ea66f14d4ae6b9c94f73"
"tracked","SpeechMessageProducts.ChurchReport/wwwroot/js/devextreme/localization/dx.messages.de.js","42208","2026-07-10T07:36:31.7130338Z","8f6df2ea34e10d0ee1bb82b0c7c9f44bd50b15fd9e04445fc5a57ad80d34704b"
"tracked","SpeechMessageProducts.ChurchReport/wwwroot/js/devextreme/localization/dx.messages.de.js.bak","16881","2026-07-10T07:36:31.7130338Z","8ce37e2b63246c95e72f12191184338c1cdf85c9e39d057f130f3e4e078819aa"
"tracked","SpeechMessageProducts.ChurchReport/wwwroot/js/devextreme/localization/dx.messages.el.js","49342","2026-07-10T07:36:31.7130338Z","a39e23e7af28b489df1f1598a78316d9ea114b1421c590c61391b37ef076d62d"
"tracked","SpeechMessageProducts.ChurchReport/wwwroot/js/devextreme/localization/dx.messages.el.js.bak","34471","2026-07-10T07:36:31.7140330Z","5a12d225af8dd43d9db7ca8a0d4ea81cfb93e78c1983719891982470196c1564"
"tracked","SpeechMessageProducts.ChurchReport/wwwroot/js/devextreme/localization/dx.messages.en.js","39480","2026-07-10T07:36:31.7140330Z","1c208aaae03516cc7adf518101bd844de8b17590bf664f013b7d7763f04946b5"
"tracked","SpeechMessageProducts.ChurchReport/wwwroot/js/devextreme/localization/dx.messages.en.js.bak","16032","2026-07-10T07:36:31.7150330Z","1150d7d8186053dcb2e5553abb533515990acf14fab529a985592ac4ef503cb2"
"tracked","SpeechMessageProducts.ChurchReport/wwwroot/js/devextreme/localization/dx.messages.es.js","37126","2026-07-10T07:36:31.7150330Z","e6cce50b6627253032b3afb94f80af164456c6fdd9e80916f4267ee6d70059a9"
"tracked","SpeechMessageProducts.ChurchReport/wwwroot/js/devextreme/localization/dx.messages.es.js.bak","16654","2026-07-10T07:36:31.7150330Z","68a4e2c1b1847f4aa6314af47b1545c1cb2144d1d98d987be690c438bdf03dbe"
"tracked","SpeechMessageProducts.ChurchReport/wwwroot/js/devextreme/localization/dx.messages.fi.js","31161","2026-07-10T07:36:31.7160331Z","f1d0efdd3e112fc464bfee50ccd5a1e77f425c222b3fb0fde42c88dc32fb479c"
"tracked","SpeechMessageProducts.ChurchReport/wwwroot/js/devextreme/localization/dx.messages.fi.js.bak","17009","2026-07-10T07:36:31.7160331Z","5515bce86c42cdfb79b23e556b0deee2ea732d399d08fbded7376949eca3430f"
"tracked","SpeechMessageProducts.ChurchReport/wwwroot/js/devextreme/localization/dx.messages.fr.js","42005","2026-07-10T07:36:31.7160331Z","762bf6bcced85e3aa57ffe5f5bf7b908dd9c5186d3029a65f76df85da7a50f66"
"tracked","SpeechMessageProducts.ChurchReport/wwwroot/js/devextreme/localization/dx.messages.fr.js.bak","16965","2026-07-10T07:36:31.7170330Z","8fb11a0edcaf9cc3a464fde15311297a9699eb28625232f4bd26ff2588b145e9"
"tracked","SpeechMessageProducts.ChurchReport/wwwroot/js/devextreme/localization/dx.messages.hu.js","33037","2026-07-10T07:36:31.7170330Z","2bc5a187531eb0bea0bf5a170e805949ba8c8e5911f26ee545db480b110181e1"
"tracked","SpeechMessageProducts.ChurchReport/wwwroot/js/devextreme/localization/dx.messages.hu.js.bak","23518","2026-07-10T07:36:31.7170330Z","fa2e1d788996246e2dd4ec0fa04937c3a415f1f71a16d1ea87fa99303af768cc"
"tracked","SpeechMessageProducts.ChurchReport/wwwroot/js/devextreme/localization/dx.messages.it.js","32029","2026-07-10T07:36:31.7180326Z","6cbbceda2f56c83fcac43ef6b855e2820c8e4a96f022f2179780cfc182ad45ab"
"tracked","SpeechMessageProducts.ChurchReport/wwwroot/js/devextreme/localization/dx.messages.it.js.bak","16426","2026-07-10T07:36:31.7180326Z","4b0a61effa4894752becbf8ba571a5270e63834271d341da964a90450825f133"
"tracked","SpeechMessageProducts.ChurchReport/wwwroot/js/devextreme/localization/dx.messages.ja.js","57145","2026-07-10T07:36:31.7180326Z","94a6cad35c942a8ad9e50292d9dc7dc98330045c9cb36c1b4157991da2e62aae"
"tracked","SpeechMessageProducts.ChurchReport/wwwroot/js/devextreme/localization/dx.messages.ja.js.bak","23142","2026-07-10T07:36:31.7190335Z","d01fec33ff14171cb22c22fe50ff1ba8130d5aa815586472bdd5c2415a42500f"
"tracked","SpeechMessageProducts.ChurchReport/wwwroot/js/devextreme/localization/dx.messages.nb.js","38931","2026-07-10T07:36:31.7190335Z","c6a6aed3acc1a7a9333c594c58328fb34e9a9457d1d75dfe5464e25b8f4e70be"
"tracked","SpeechMessageProducts.ChurchReport/wwwroot/js/devextreme/localization/dx.messages.nl.js","32922","2026-07-10T07:36:31.7200340Z","ce639b7fef8ff8a464c9f786296355f68cabf406003b65e5c78e5107e5eb01c4"
"tracked","SpeechMessageProducts.ChurchReport/wwwroot/js/devextreme/localization/dx.messages.nl.js.bak","16489","2026-07-10T07:36:31.7200340Z","b9e45cb0c9f2eb0ef856bfaab292a57d090d4ada853664c170988709248b6a58"
"tracked","SpeechMessageProducts.ChurchReport/wwwroot/js/devextreme/localization/dx.messages.pt.js","33322","2026-07-10T07:36:31.7211827Z","9f9ef77f8c05ccffbe06c5b180bd44bc365a08f3ca04c5dd4c749aefafb96dc2"
"tracked","SpeechMessageProducts.ChurchReport/wwwroot/js/devextreme/localization/dx.messages.pt.js.bak","16996","2026-07-10T07:36:31.7211827Z","a8712a35315a0502f8b1bde3e80eb3f23d9de1af7b43cac04a702778ffcfa39e"
"tracked","SpeechMessageProducts.ChurchReport/wwwroot/js/devextreme/localization/dx.messages.pt-BR.js","14982","2026-07-10T07:36:31.7200340Z","73299e2d88f7f9152e230c5a45d5c500549a7aa0fc2d23b6a62b6ecb9eb38c9b"
"tracked","SpeechMessageProducts.ChurchReport/wwwroot/js/devextreme/localization/dx.messages.ro.js","37605","2026-07-10T07:36:31.7221821Z","0a5b4c379fbf984117f32f01b61b030c070afffadd21a355e183c95d6a3c6a97"
"tracked","SpeechMessageProducts.ChurchReport/wwwroot/js/devextreme/localization/dx.messages.ru.js","85407","2026-07-10T07:36:31.7221821Z","3ea866758e3da9ae53f0c8f7afd2a02346471e67a9a4ca67b968e6c474a3996e"
"tracked","SpeechMessageProducts.ChurchReport/wwwroot/js/devextreme/localization/dx.messages.ru.js.bak","32697","2026-07-10T07:36:31.7221821Z","2bcb19adfd89570601425d1755d403c59a470be47c37ac4cd5cc66d0436cc566"
"tracked","SpeechMessageProducts.ChurchReport/wwwroot/js/devextreme/localization/dx.messages.sl.js","30938","2026-07-10T07:36:31.7231827Z","db80e57f9a66da6f8e465fd0ecbd9fae4c95820f2999674bc04719668e3db405"
"tracked","SpeechMessageProducts.ChurchReport/wwwroot/js/devextreme/localization/dx.messages.sl.js.bak","21357","2026-07-10T07:36:31.7241828Z","c0d81a93a3efedfe7e548e36d59869cc226e47a59637f5d7181e497a591dde13"
"tracked","SpeechMessageProducts.ChurchReport/wwwroot/js/devextreme/localization/dx.messages.sv.js","30489","2026-07-10T07:36:31.7241828Z","d7947170ecaa5792def0d800b02d24e834b7395ecc3c73e9111d0580faad8b52"
"tracked","SpeechMessageProducts.ChurchReport/wwwroot/js/devextreme/localization/dx.messages.sv.js.bak","16534","2026-07-10T07:36:31.7241828Z","39592e95f4cf2f8240238f51169bdfc0ed29d58c3bbb620bc9f6864546dbe725"
"tracked","SpeechMessageProducts.ChurchReport/wwwroot/js/devextreme/localization/dx.messages.tr.js","31698","2026-07-10T07:36:31.7241828Z","171420c2264569498b8cbb7fb8856cd1bb954a9cdabcd6e2d0cbf7427e1bc966"
"tracked","SpeechMessageProducts.ChurchReport/wwwroot/js/devextreme/localization/dx.messages.tr.js.bak","22211","2026-07-10T07:36:31.7251821Z","d257248f8c7e9d8b13f2f4d4be1a53e5f49e7c040928ece5a8cdbfc15cfb6b06"
"tracked","SpeechMessageProducts.ChurchReport/wwwroot/js/devextreme/localization/dx.messages.vi.js","35680","2026-07-10T07:36:31.7251821Z","d4980c2d4a44a6020706478781bbdc93538e00089548abfec47145c168b58121"
"tracked","SpeechMessageProducts.ChurchReport/wwwroot/js/devextreme/localization/dx.messages.vi.js.bak","26123","2026-07-10T07:36:31.7251821Z","fb42c826c173034374c459ea46c33558b4741cf072926dd22956aae7345db4d9"
"tracked","SpeechMessageProducts.ChurchReport/wwwroot/js/devextreme/localization/dx.messages.zh.js","32836","2026-07-10T07:36:31.7268787Z","12e45d33b1488af8a2c10312399a076ec25784d69171c3efd093724cbf345aa9"
"tracked","SpeechMessageProducts.ChurchReport/wwwroot/js/devextreme/localization/dx.messages.zh.js.bak","18588","2026-07-10T07:36:31.7272645Z","855e3d82d26b5a961f7f46ec277e2b8b206fe5192ce856568567011e7ce58d38"
"tracked","SpeechMessageProducts.ChurchReport/wwwroot/js/devextreme/localization/dx.messages.zh-tw.js","19330","2026-07-10T07:36:31.7261821Z","1c7fc12dceb20493a6a1fa0e0a29b1b7b9c5353104a467a834e1e588aa9b10cf"
"tracked","SpeechMessageProducts.ChurchReport/wwwroot/js/devextreme/localization/dx.messages.zh-tw.js.bak","14582","2026-07-10T07:36:31.7261821Z","293514ddfe0726aa5cdc0b92f7df4cdc1066d7b83f4f3532edc528e61e9639ee"
"tracked","SpeechMessageProducts.ChurchReport/wwwroot/js/devextreme/localization/dx.mobile.de.js","15156","2026-07-10T07:36:31.7272645Z","d13b565acb4554751db0404717d28829e4077789628c0f1e29ff57331e68609d"
"tracked","SpeechMessageProducts.ChurchReport/wwwroot/js/devextreme/localization/dx.mobile.de.js.bak","13655","2026-07-10T07:36:31.7272645Z","7e6ffa6a274dd2fc34d2dd3856a8327ca690cebb239c7dde2f3bbfb75f7dec9c"
"tracked","SpeechMessageProducts.ChurchReport/wwwroot/js/devextreme/localization/dx.mobile.ja.js","16445","2026-07-10T07:36:31.7272645Z","db40ddf66a7fa3bec18e4e87836f469777c51d0125e564b57dfe9f05aee8980d"
"tracked","SpeechMessageProducts.ChurchReport/wwwroot/js/devextreme/localization/dx.mobile.ja.js.bak","14804","2026-07-10T07:36:31.7272645Z","ec79744195d6891c945ef45dd429f3d9dc2f54e1f438719cde26fb4f9836ea3b"
"tracked","SpeechMessageProducts.ChurchReport/wwwroot/js/devextreme/localization/dx.mobile.ru.js","18043","2026-07-10T07:36:31.7272645Z","72c2f59a4587e3daf879079f6be97201e1323d1e62adac45bb630cab8a92d3d7"
"tracked","SpeechMessageProducts.ChurchReport/wwwroot/js/devextreme/localization/dx.mobile.ru.js.bak","16418","2026-07-10T07:36:31.7272645Z","bd66c3e58047b2c6e744889fb7eff85baff3190ed8aa72eeb79180e3ca892d6f"
"tracked","SpeechMessageProducts.ChurchReport/wwwroot/js/devextreme/localization/dx.web.de.js","15150","2026-07-10T07:36:31.7272645Z","4cda55049e463c4d907006dae66e72be88d32b45c8ab6096b0d362a996c39d31"
"tracked","SpeechMessageProducts.ChurchReport/wwwroot/js/devextreme/localization/dx.web.de.js.bak","13649","2026-07-10T07:36:31.7304043Z","7f836a0abb44b3d9b5dd8650048c33f2493dda9b88744b568cfda353ae47b95d"
"tracked","SpeechMessageProducts.ChurchReport/wwwroot/js/devextreme/localization/dx.web.ja.js","16439","2026-07-10T07:36:31.7304043Z","a067e64230475438beb272309567b5ab2c023be849f18c74c461a501b31a9a58"
"tracked","SpeechMessageProducts.ChurchReport/wwwroot/js/devextreme/localization/dx.web.ja.js.bak","14798","2026-07-10T07:36:31.7304043Z","e24544bd22ea33185e705176ae9556740cddda165e9573f15b16424729a06e64"
"tracked","SpeechMessageProducts.ChurchReport/wwwroot/js/devextreme/localization/dx.web.ru.js","18037","2026-07-10T07:36:31.7310618Z","f34ad005b85e0c12bb319d81f910a905604687eb5bf813b90a09f2a04af3a23f"
"tracked","SpeechMessageProducts.ChurchReport/wwwroot/js/devextreme/localization/dx.web.ru.js.bak","16412","2026-07-10T07:36:31.7310618Z","0854d1722fbd061e15cee19e3176b91165a5a42230fdf188310d50a7a6e37ed7"
"tracked","SpeechMessageProducts.ChurchReport/wwwroot/js/devextreme/vectormap-data/africa.js","302254","2026-07-10T07:36:31.7330662Z","d24346de32d5c162fbf664dc0b6d7d69fc1db204cfbe552ba8df5dbb80ec8400"
"tracked","SpeechMessageProducts.ChurchReport/wwwroot/js/devextreme/vectormap-data/africa.js.bak","302254","2026-07-10T07:36:31.7340724Z","d24346de32d5c162fbf664dc0b6d7d69fc1db204cfbe552ba8df5dbb80ec8400"
"tracked","SpeechMessageProducts.ChurchReport/wwwroot/js/devextreme/vectormap-data/canada.js","294376","2026-07-10T07:36:31.7362532Z","38ef1ff8c4c27f11c5e9127aa3256190175df8a3ae373f2daae8dce623b5914d"
"tracked","SpeechMessageProducts.ChurchReport/wwwroot/js/devextreme/vectormap-data/canada.js.bak","294376","2026-07-10T07:36:31.7372582Z","38ef1ff8c4c27f11c5e9127aa3256190175df8a3ae373f2daae8dce623b5914d"
"tracked","SpeechMessageProducts.ChurchReport/wwwroot/js/devextreme/vectormap-data/eurasia.js","946785","2026-07-10T07:36:31.7425942Z","4340a473b8aec58c9e0e49b86483b800073717bfc64c9a80b15ffcde6b7bd071"
"tracked","SpeechMessageProducts.ChurchReport/wwwroot/js/devextreme/vectormap-data/eurasia.js.bak","946785","2026-07-10T07:36:31.7465920Z","4340a473b8aec58c9e0e49b86483b800073717bfc64c9a80b15ffcde6b7bd071"
"tracked","SpeechMessageProducts.ChurchReport/wwwroot/js/devextreme/vectormap-data/europe.js","353183","2026-07-10T07:36:31.7485890Z","64b1469535aa1bc8a3e628d058b3ef34af4da9c25bb6753c5e18e23d63788f90"
"tracked","SpeechMessageProducts.ChurchReport/wwwroot/js/devextreme/vectormap-data/europe.js.bak","353183","2026-07-10T07:36:31.7500922Z","64b1469535aa1bc8a3e628d058b3ef34af4da9c25bb6753c5e18e23d63788f90"
"tracked","SpeechMessageProducts.ChurchReport/wwwroot/js/devextreme/vectormap-data/usa.js","271357","2026-07-10T07:36:31.7512337Z","a6fb7fc6019e73a58fcf815e36ac24f49ed341fc166898a94a62f80311d67aca"
"tracked","SpeechMessageProducts.ChurchReport/wwwroot/js/devextreme/vectormap-data/usa.js.bak","271357","2026-07-10T07:36:31.7532324Z","a6fb7fc6019e73a58fcf815e36ac24f49ed341fc166898a94a62f80311d67aca"
"tracked","SpeechMessageProducts.ChurchReport/wwwroot/js/devextreme/vectormap-data/world.js","406541","2026-07-10T07:36:31.7542393Z","690a9270752ff5f20ec931a5d684f722ef28d5a1f9562aef7c53802a4f3447e3"
"tracked","SpeechMessageProducts.ChurchReport/wwwroot/js/devextreme/vectormap-data/world.js.bak","406541","2026-07-10T07:36:31.7567527Z","690a9270752ff5f20ec931a5d684f722ef28d5a1f9562aef7c53802a4f3447e3"
"tracked","SpeechMessageProducts.ChurchReport/wwwroot/js/devextreme/vectormap-utils/dx.vectormaputils.debug.js","23432","2026-07-10T07:36:31.7577527Z","302dd9aef39f66bb428e0e2c57c5793c6e7d3dff350adfa024c8026112fc185f"
"tracked","SpeechMessageProducts.ChurchReport/wwwroot/js/devextreme/vectormap-utils/dx.vectormaputils.debug.js.bak","22056","2026-07-10T07:36:31.7577527Z","461f86595e0e076fcf0f3bf22d8efe85e711f9a0922a49b1d632b178df3831bc"
"tracked","SpeechMessageProducts.ChurchReport/wwwroot/js/devextreme/vectormap-utils/dx.vectormaputils.js","7692","2026-07-10T07:36:31.7577527Z","9db83fe3fd7b882e303fe7e499c14a82bd808d629036e3713d54ce55967b4684"
"tracked","SpeechMessageProducts.ChurchReport/wwwroot/js/devextreme/vectormap-utils/dx.vectormaputils.js.bak","7788","2026-07-10T07:36:31.7587525Z","27947ed9dc01e5875545bca1233f374e5af4f22800be329c681bc2472b52b0a8"
"tracked","SpeechMessageProducts.ChurchReport/wwwroot/js/devextreme/vectormap-utils/dx.vectormaputils.node.js","25748","2026-07-10T07:36:31.7587525Z","e31280c6bb5075e01f8e448796612a97bd3e06df2d0e72b4b0a5c650deb16df9"
"tracked","SpeechMessageProducts.ChurchReport/wwwroot/js/devextreme/vectormap-utils/dx.vectormaputils.node.js.bak","25630","2026-07-10T07:36:31.7587525Z","262bd777a30d334ba9bc457876e214f8261438abc28e6e1ed4737fc566ee0aef"
"tracked","SpeechMessageProducts.ChurchReport/wwwroot/js/DropDownBox.js","953","2026-07-10T07:36:31.0930494Z","6ca9fe7469733c57e0529d2c8a65cbf59e6263761d45a8f324f26ebbc9bc9703"
"tracked","SpeechMessageProducts.ChurchReport/wwwroot/js/FeeDataGridAjax.js","786","2026-07-10T07:36:31.0930494Z","db15396b9ae5f3570cc2f8488a461d1cf61a4c5eb70b82b7cf4dec6fe68f1780"
"tracked","SpeechMessageProducts.ChurchReport/wwwroot/js/LineIdLoginView.js","8558","2026-07-10T07:36:31.0930494Z","d560bec9e83d42318c9b1af7ea565801a6254c2f17727f77f5128907a5d626ed"
"tracked","SpeechMessageProducts.ChurchReport/wwwroot/js/LoadPanel.js","476","2026-07-10T07:36:31.0930494Z","23566ab1e64678c3a37daad1b0adad95619f48686a72d942b44964c5d1914f4a"
"tracked","SpeechMessageProducts.ChurchReport/wwwroot/js/Login.js","4878","2026-07-10T07:36:31.0940497Z","b07376d8268a456ada112942e859dfcd90632440b80a6774518679da33efbec6"
"tracked","SpeechMessageProducts.ChurchReport/wwwroot/js/SelectDate.js","2476","2026-07-10T07:36:31.0940497Z","7e50d8c7bee91252f16296559d943fec7a5fd55b5ce34918b3cc4ed44598f480"
"tracked","SpeechMessageProducts.ChurchReport/wwwroot/js/TreeView.js","547","2026-07-10T07:36:31.0950492Z","fc9710f09501dca07e1d5ef185a3616e16a91e2e66624e5e5e699bc8336b37a8"
"tracked","SpeechMessageProducts.ChurchReport/wwwroot/lib/bootstrap/.bower.json","963","2026-07-10T07:36:31.7602561Z","8995a6a8c1f1a8b591d2baf75b4dbbe0d44f00843d6e1e56008cf18217de7b96"
"tracked","SpeechMessageProducts.ChurchReport/wwwroot/lib/bootstrap/bower.json","675","2026-07-10T07:36:31.7612645Z","6e22c6ba4c6181a215b891494d06c74795e3aff999a7680b61d81908fee513bc"
"tracked","SpeechMessageProducts.ChurchReport/wwwroot/lib/bootstrap/CHANGELOG.md","430","2026-07-10T07:36:31.7602561Z","799b11c918dcd92c5dca29376f3170d69c2333b65693a8b4d582188b304fa760"
"tracked","SpeechMessageProducts.ChurchReport/wwwroot/lib/bootstrap/dist/css/bootstrap.css","152860","2026-07-10T07:36:31.7652612Z","35564306af972a950fca3ea597a4656288c61b011a873022557579da0cb03dee"
"tracked","SpeechMessageProducts.ChurchReport/wwwroot/lib/bootstrap/dist/css/bootstrap.css.map","389227","2026-07-10T07:36:31.7662608Z","42a1805ce7839781584540493a2c31ecb7c0a0c1fa422207c18b31be8bb90515"
"tracked","SpeechMessageProducts.ChurchReport/wwwroot/lib/bootstrap/dist/css/bootstrap.min.css","121265","2026-07-10T07:36:31.7662608Z","880de7665b1aaa840303313deca3352af257d55aed4584d5e17f0fbffe0fde01"
"tracked","SpeechMessageProducts.ChurchReport/wwwroot/lib/bootstrap/dist/css/bootstrap.min.css.map","54416","2026-07-10T07:36:31.7672605Z","9a7b77ba6d2bb6756421479e6d441dc2d5f2e75f04cb9e90fea50ddf819a5daa"
"tracked","SpeechMessageProducts.ChurchReport/wwwroot/lib/bootstrap/dist/css/bootstrap-theme.css","26719","2026-07-10T07:36:31.7632613Z","d5aa6d11c3519b83d1aa9279eec34533f02f3e47a435299b781af73573eb52f0"
"tracked","SpeechMessageProducts.ChurchReport/wwwroot/lib/bootstrap/dist/css/bootstrap-theme.css.map","47706","2026-07-10T07:36:31.7642665Z","41f758a1ad3e085f537164e9c403b9ba6aa54adaeb919e679e0f2a7190d883ec"
"tracked","SpeechMessageProducts.ChurchReport/wwwroot/lib/bootstrap/dist/css/bootstrap-theme.min.css","23414","2026-07-10T07:36:31.7652612Z","a3b3d435fb2cc1ae4cb06a366ec6c10d7b770e4dfd7b91759e66cfb22d4addf7"
"tracked","SpeechMessageProducts.ChurchReport/wwwroot/lib/bootstrap/dist/css/bootstrap-theme.min.css.map","5532","2026-07-10T07:36:31.7652612Z","2fc2446e4ce0cfe209c2bcb6fbefce8db774e33f320207de8b783d08c9e4d1e8"
"tracked","SpeechMessageProducts.ChurchReport/wwwroot/lib/bootstrap/dist/fonts/glyphicons-halflings-regular.eot","20127","2026-07-10T07:36:31.7682606Z","13634da87d9e23f8c3ed9108ce1724d183a39ad072e73e1b3d8cbf646d2d0407"
"tracked","SpeechMessageProducts.ChurchReport/wwwroot/lib/bootstrap/dist/fonts/glyphicons-halflings-regular.svg","109025","2026-07-10T07:36:31.7682606Z","d985cda034eab4c9f2403976f8d171fbf6efc4b593107d8b1401e5b6daa46295"
"tracked","SpeechMessageProducts.ChurchReport/wwwroot/lib/bootstrap/dist/fonts/glyphicons-halflings-regular.ttf","45404","2026-07-10T07:36:31.7692606Z","e395044093757d82afcb138957d06a1ea9361bdcf0b442d06a18a8051af57456"
"tracked","SpeechMessageProducts.ChurchReport/wwwroot/lib/bootstrap/dist/fonts/glyphicons-halflings-regular.woff","23424","2026-07-10T07:36:31.7702617Z","a26394f7ede100ca118eff2eda08596275a9839b959c226e15439557a5a80742"
"tracked","SpeechMessageProducts.ChurchReport/wwwroot/lib/bootstrap/dist/fonts/glyphicons-halflings-regular.woff2","18028","2026-07-10T07:36:31.7702617Z","fe185d11a49676890d47bb783312a0cda5a44c4039214094e7957b4c040ef11c"
"tracked","SpeechMessageProducts.ChurchReport/wwwroot/lib/bootstrap/dist/js/bootstrap.js","71317","2026-07-10T07:36:31.7713653Z","edc51565bcc1c2d1a6939935cd20dba24328f9f4c2dc305b4009367393c1b99a"
"tracked","SpeechMessageProducts.ChurchReport/wwwroot/lib/bootstrap/dist/js/bootstrap.min.js","36874","2026-07-10T07:36:31.7713653Z","5a4a5359110a773bd154da94c48ffd6a6233a29dfd5a9314555f5ae6c3e47459"
"tracked","SpeechMessageProducts.ChurchReport/wwwroot/lib/bootstrap/dist/js/npm.js","496","2026-07-10T07:36:31.7713653Z","8c39eb1edbd80d8adaa581dc45792a1271bd187c4eff0e5a8d1905b007911469"
"tracked","SpeechMessageProducts.ChurchReport/wwwroot/lib/bootstrap/fonts/glyphicons-halflings-regular.eot","20127","2026-07-10T07:36:31.7723648Z","13634da87d9e23f8c3ed9108ce1724d183a39ad072e73e1b3d8cbf646d2d0407"
"tracked","SpeechMessageProducts.ChurchReport/wwwroot/lib/bootstrap/fonts/glyphicons-halflings-regular.svg","109025","2026-07-10T07:36:31.7733662Z","d985cda034eab4c9f2403976f8d171fbf6efc4b593107d8b1401e5b6daa46295"
"tracked","SpeechMessageProducts.ChurchReport/wwwroot/lib/bootstrap/fonts/glyphicons-halflings-regular.ttf","45404","2026-07-10T07:36:31.7733662Z","e395044093757d82afcb138957d06a1ea9361bdcf0b442d06a18a8051af57456"
"tracked","SpeechMessageProducts.ChurchReport/wwwroot/lib/bootstrap/fonts/glyphicons-halflings-regular.woff","23424","2026-07-10T07:36:31.7743684Z","a26394f7ede100ca118eff2eda08596275a9839b959c226e15439557a5a80742"
"tracked","SpeechMessageProducts.ChurchReport/wwwroot/lib/bootstrap/fonts/glyphicons-halflings-regular.woff2","18028","2026-07-10T07:36:31.7743684Z","fe185d11a49676890d47bb783312a0cda5a44c4039214094e7957b4c040ef11c"
"tracked","SpeechMessageProducts.ChurchReport/wwwroot/lib/bootstrap/grunt/.jshintrc","126","2026-07-10T07:36:31.7754618Z","e6738629dee919d6ecdb95a00d67569f139ccc06b8982471fd2c76e79634b019"
"tracked","SpeechMessageProducts.ChurchReport/wwwroot/lib/bootstrap/grunt/bs-commonjs-generator.js","1020","2026-07-10T07:36:31.7754618Z","38dfd9de3409863498f96a2a10ba6f3098dcd9a50f8d34920270597e0b31cf84"
"tracked","SpeechMessageProducts.ChurchReport/wwwroot/lib/bootstrap/grunt/bs-glyphicons-data-generator.js","1447","2026-07-10T07:36:31.7754618Z","acfe681190bd807eb582e8116bf43747b3fa0ec2d4b4466a8c124ff003bd1aae"
"tracked","SpeechMessageProducts.ChurchReport/wwwroot/lib/bootstrap/grunt/bs-lessdoc-parser.js","6312","2026-07-10T07:36:31.7754618Z","ad0ff1bfe784883db787a9824d98fd5764b15c17790ef94ba8a64d25986c9520"
"tracked","SpeechMessageProducts.ChurchReport/wwwroot/lib/bootstrap/grunt/bs-raw-files-generator.js","1393","2026-07-10T07:36:31.7754618Z","ccb11557ee64f6c2d4cab012a3efa245eb4c426003355e29d006b9c5d9a31402"
"tracked","SpeechMessageProducts.ChurchReport/wwwroot/lib/bootstrap/grunt/configBridge.json","1437","2026-07-10T07:36:31.7754618Z","3e1642af6a05cb5676060bc202bdca51a44d1838dc7dc715bfe5cc1636e4d70b"
"tracked","SpeechMessageProducts.ChurchReport/wwwroot/lib/bootstrap/grunt/sauce_browsers.yml","1521","2026-07-10T07:36:31.7768828Z","6f0fbb632a4410a6f7c71912a632cce22383489394598f8569cb00df2a781ff6"
"tracked","SpeechMessageProducts.ChurchReport/wwwroot/lib/bootstrap/Gruntfile.js","15641","2026-07-10T07:36:31.7602561Z","681e955ecf817d4d8fa0a98a13be16525b64ddaf5d8f023001690708d862641a"
"tracked","SpeechMessageProducts.ChurchReport/wwwroot/lib/bootstrap/js/.jscsrc","2196","2026-07-10T07:36:31.7768828Z","42fef3e8ff8fa2288416a2b9f30bcd5cd4d45df5f03a762c7bd2138c39e7ffd2"
"tracked","SpeechMessageProducts.ChurchReport/wwwroot/lib/bootstrap/js/.jshintrc","292","2026-07-10T07:36:31.7768828Z","1221b1e426430aee8c19ea34f0d542865313bf002a5960c3b419bebe05986a51"
"tracked","SpeechMessageProducts.ChurchReport/wwwroot/lib/bootstrap/js/affix.js","5000","2026-07-10T07:36:31.7768828Z","d06f8b20bb2cbb03db61626d053aa54f54f6fce5dc3370469119f4c51ab12bdf"
"tracked","SpeechMessageProducts.ChurchReport/wwwroot/lib/bootstrap/js/alert.js","2354","2026-07-10T07:36:31.7768828Z","c33fba87c85e06556cdbd3e407b98d86e1963f8d7d7368847e791d43549d8ae5"
"tracked","SpeechMessageProducts.ChurchReport/wwwroot/lib/bootstrap/js/button.js","3666","2026-07-10T07:36:31.7768828Z","a0600d74c8c81092ef1989914d8952408d7f782781eb69b5c97a1e75b17d6025"
"tracked","SpeechMessageProducts.ChurchReport/wwwroot/lib/bootstrap/js/carousel.js","7378","2026-07-10T07:36:31.7768828Z","5708b39d01857ff465e2ed3b9d773099ec87e9358895f0e5c6a2b72519fc957e"
"tracked","SpeechMessageProducts.ChurchReport/wwwroot/lib/bootstrap/js/collapse.js","6174","2026-07-10T07:36:31.7768828Z","43e3cd52e9b2f02ad7e6d729d1d8852100607500c8e834a9bc9634c32c45858a"
"tracked","SpeechMessageProducts.ChurchReport/wwwroot/lib/bootstrap/js/dropdown.js","4908","2026-07-10T07:36:31.7768828Z","35e2381bb52cbaa02e75cad7884d790260ebc1f611b6b710e8df10762d577575"
"tracked","SpeechMessageProducts.ChurchReport/wwwroot/lib/bootstrap/js/modal.js","10275","2026-07-10T07:36:31.7768828Z","91524af503d413292988cbd0f6745342c716d3efa5fe8090ed0d72b1f34fc1b3"
"tracked","SpeechMessageProducts.ChurchReport/wwwroot/lib/bootstrap/js/popover.js","3271","2026-07-10T07:36:31.7801981Z","b8674419d40e02a7d16465eb6b32ff9578ed678cf1da79a738ff5186673a2372"
"tracked","SpeechMessageProducts.ChurchReport/wwwroot/lib/bootstrap/js/scrollspy.js","4879","2026-07-10T07:36:31.7801981Z","7e7a4e0d072860e11969c76d982226e5d55fa82a7faf2783ced2690e3891ba11"
"tracked","SpeechMessageProducts.ChurchReport/wwwroot/lib/bootstrap/js/tab.js","4060","2026-07-10T07:36:31.7801981Z","faa0b0e2ee39402fa2bf6942ef83eb1bc4f92cefc7726c0668a46024938a3f0d"
"tracked","SpeechMessageProducts.ChurchReport/wwwroot/lib/bootstrap/js/tooltip.js","16859","2026-07-10T07:36:31.7810639Z","7de82645d528b9b0681cfef714ab2f5c257dac61b25ee68bcf65b9e2d0b727b4"
"tracked","SpeechMessageProducts.ChurchReport/wwwroot/lib/bootstrap/js/transition.js","1890","2026-07-10T07:36:31.7814267Z","1adcf058e720aa01b1833df9880cecce33e1c579ba6f8e02bdd63bde5de94bb5"
"tracked","SpeechMessageProducts.ChurchReport/wwwroot/lib/bootstrap/less/.csscomb.json","8403","2026-07-10T07:36:31.7817388Z","aed74eeaee7582d1db2efcdcf20e58947280716e91b9bec3ce6f845a9bcc434f"
"tracked","SpeechMessageProducts.ChurchReport/wwwroot/lib/bootstrap/less/.csslintrc","475","2026-07-10T07:36:31.7817388Z","d19a4fb791a2ad878cc69682758af4d8051d3a9a3d451c2ad677d9c0d2447471"
"tracked","SpeechMessageProducts.ChurchReport/wwwroot/lib/bootstrap/less/alerts.less","1591","2026-07-10T07:36:31.7817388Z","ec1e5cbea834df50b5f243f6b7a22b006b52371c704ee3d51c1a53f31f5c7596"
"tracked","SpeechMessageProducts.ChurchReport/wwwroot/lib/bootstrap/less/badges.less","1265","2026-07-10T07:36:31.7827434Z","8ffa3fa540b22cc45b70a435f07ea9d2153b9d42460907d7b877a37ba83ad347"
"tracked","SpeechMessageProducts.ChurchReport/wwwroot/lib/bootstrap/less/bootstrap.less","1347","2026-07-10T07:36:31.7827434Z","fe27341bf7cfc7fe69a3ab07044b3d53e200c78198ede41d442ac60f76460f13"
"tracked","SpeechMessageProducts.ChurchReport/wwwroot/lib/bootstrap/less/breadcrumbs.less","620","2026-07-10T07:36:31.7827434Z","3b3ecf9eb410493d7a24d62fd0da3c3209821723458382c59583e731f1cbf0a5"
"tracked","SpeechMessageProducts.ChurchReport/wwwroot/lib/bootstrap/less/button-groups.less","5910","2026-07-10T07:36:31.7837428Z","af80afb765bc46efe73bc0f43cc6ebad22192420839aecc783baf9da325fb83d"
"tracked","SpeechMessageProducts.ChurchReport/wwwroot/lib/bootstrap/less/buttons.less","3828","2026-07-10T07:36:31.7837428Z","ca33cfee4488f2fb1dfa03b1c28df9f7c71f29706cfc19e740388e58659bfd02"
"tracked","SpeechMessageProducts.ChurchReport/wwwroot/lib/bootstrap/less/carousel.less","5921","2026-07-10T07:36:31.7837428Z","a65739e850657e8169722be1a2834c15aac1814e148bcbef811c432f3aba68ce"
"tracked","SpeechMessageProducts.ChurchReport/wwwroot/lib/bootstrap/less/close.less","798","2026-07-10T07:36:31.7837428Z","d536bc3af29e8a9eaf7afd14b108d908a5b885cc3ba7d67478f52e9e6149d7cf"
"tracked","SpeechMessageProducts.ChurchReport/wwwroot/lib/bootstrap/less/code.less","1470","2026-07-10T07:36:31.7847431Z","230e2ceb4e224aed537a98e36331a7877432ca3ca4a905141237309d76a50833"
"tracked","SpeechMessageProducts.ChurchReport/wwwroot/lib/bootstrap/less/component-animations.less","699","2026-07-10T07:36:31.7847431Z","a8dfc8410cc632c8e5c2c4fff2b1362083a8b4c51b8e2398d7bec3f8fa2518b1"
"tracked","SpeechMessageProducts.ChurchReport/wwwroot/lib/bootstrap/less/dropdowns.less","5092","2026-07-10T07:36:31.7847431Z","212e69022acbb4a67212bc0c046e999b29b15e5fdc057efd364a9e09b6e220fa"
"tracked","SpeechMessageProducts.ChurchReport/wwwroot/lib/bootstrap/less/forms.less","16449","2026-07-10T07:36:31.7857440Z","615c591ca1e6f88039bfb896b113d3f40b0ac1542853292bade9c8b491029b78"
"tracked","SpeechMessageProducts.ChurchReport/wwwroot/lib/bootstrap/less/glyphicons.less","20112","2026-07-10T07:36:31.7857440Z","b4afc58993951eb7445f21d7159113e1ac52d5fbb7aa4e59bd49336923a6fae4"
"tracked","SpeechMessageProducts.ChurchReport/wwwroot/lib/bootstrap/less/grid.less","1471","2026-07-10T07:36:31.7857440Z","a23ba3b4448b02bb5fb7ee89f2b9ffb08eb9ba5aef7c916ab908d7805f77f6a5"
"tracked","SpeechMessageProducts.ChurchReport/wwwroot/lib/bootstrap/less/input-groups.less","4460","2026-07-10T07:36:31.7867429Z","791b0a2f4b22eb358e61d9d71e624ec561fe9065f27fc318f54e0ee09d9a659c"
"tracked","SpeechMessageProducts.ChurchReport/wwwroot/lib/bootstrap/less/jumbotron.less","1206","2026-07-10T07:36:31.7867429Z","00c2f5927a76217db840262c1be100ea63ee12fdccf83ff5a28314646dd6dc6f"
"tracked","SpeechMessageProducts.ChurchReport/wwwroot/lib/bootstrap/less/labels.less","1143","2026-07-10T07:36:31.7867429Z","834d16ce9a7372fc0dcbed76de418519bea8ac08f4fd53593c8a39ef9f1c0403"
"tracked","SpeechMessageProducts.ChurchReport/wwwroot/lib/bootstrap/less/list-group.less","3254","2026-07-10T07:36:31.7867429Z","50c6b7bd73d2278c2a010432bf575cc7a5aec424c93efd0cb03610e0de275e8e"
"tracked","SpeechMessageProducts.ChurchReport/wwwroot/lib/bootstrap/less/media.less","966","2026-07-10T07:36:31.7877428Z","175e52fcbc3016bb4133763a21c8ffcfdd9747b810b5c73765d9908c1d533ac3"
"tracked","SpeechMessageProducts.ChurchReport/wwwroot/lib/bootstrap/less/mixins.less","1176","2026-07-10T07:36:31.7877428Z","2a79b5474d2bcb85e088fadac03380aee3596ddc37e671f8c8827e7ea725e9bd"
"tracked","SpeechMessageProducts.ChurchReport/wwwroot/lib/bootstrap/less/mixins/alerts.less","271","2026-07-10T07:36:31.7877428Z","2aef621486dde37d403340889d3b413a1cb56842c1fcf5d6ef026d1edacd3c89"
"tracked","SpeechMessageProducts.ChurchReport/wwwroot/lib/bootstrap/less/mixins/background-variant.less","160","2026-07-10T07:36:31.7877428Z","780faffdad0b7284af2084025622f21d2392d071c2c893f76bdc60b9f884838f"
"tracked","SpeechMessageProducts.ChurchReport/wwwroot/lib/bootstrap/less/mixins/border-radius.less","486","2026-07-10T07:36:31.7887427Z","e7135abe1c680bc1bcbd8da348b6f8d2b46e4ecdc0d94fc33d34792e1143deb1"
"tracked","SpeechMessageProducts.ChurchReport/wwwroot/lib/bootstrap/less/mixins/buttons.less","1506","2026-07-10T07:36:31.7887427Z","515bdba761d4365db457a4252eac3f3bc93f0e22192a6b902cb68c43589ea677"
"tracked","SpeechMessageProducts.ChurchReport/wwwroot/lib/bootstrap/less/mixins/center-block.less","127","2026-07-10T07:36:31.7887427Z","1f0cbd70b351c19286ecc43a1bc6ddff8587ef3b5be9ebe1b6c9ef1aec85a456"
"tracked","SpeechMessageProducts.ChurchReport/wwwroot/lib/bootstrap/less/mixins/clearfix.less","627","2026-07-10T07:36:31.7887427Z","0d959dc3eeaef00dfb4a9c4f516d5f1522349e13c3fe4f884edd8c65e2203d60"
"tracked","SpeechMessageProducts.ChurchReport/wwwroot/lib/bootstrap/less/mixins/forms.less","2726","2026-07-10T07:36:31.7887427Z","da01e9cb91fcecb71a6d7ee3ab6d930880685efc9b079efda796404a46cc8c88"
"tracked","SpeechMessageProducts.ChurchReport/wwwroot/lib/bootstrap/less/mixins/gradients.less","4447","2026-07-10T07:36:31.7887427Z","31e2b1f8012d28c8bb1de3f16cdc1a51583793acb6c6bf986e0eaed0414b4c8d"
"tracked","SpeechMessageProducts.ChurchReport/wwwroot/lib/bootstrap/less/mixins/grid.less","3242","2026-07-10T07:36:31.7902461Z","8a68fa09e900789953204cc5c8df3ac810521e32e88e4a01dde72e3df114ede8"
"tracked","SpeechMessageProducts.ChurchReport/wwwroot/lib/bootstrap/less/mixins/grid-framework.less","2888","2026-07-10T07:36:31.7902461Z","53f8f3898bf14b2c109de8b438c23d948bcd245498694ad121caf03cd4f66456"
"tracked","SpeechMessageProducts.ChurchReport/wwwroot/lib/bootstrap/less/mixins/hide-text.less","596","2026-07-10T07:36:31.7902461Z","1a93e4abc4ac5cc19f62789e9afa18db1c4ade851cf8605a9015eb23b9504c8e"
"tracked","SpeechMessageProducts.ChurchReport/wwwroot/lib/bootstrap/less/mixins/image.less","1095","2026-07-10T07:36:31.7902461Z","daab425462730a2f38719cdb9701b7090be934ae204bd1aa9e8e3764790d6499"
"tracked","SpeechMessageProducts.ChurchReport/wwwroot/lib/bootstrap/less/mixins/labels.less","173","2026-07-10T07:36:31.7912501Z","ffa874438bfb1a2624a28cb172408777fe04ca7f2c61674311b6665a914339fc"
"tracked","SpeechMessageProducts.ChurchReport/wwwroot/lib/bootstrap/less/mixins/list-group.less","576","2026-07-10T07:36:31.7912501Z","3bb2631787ce83a546288df272bf0210f91ad8ea84ffd491d9dd894284241a9f"
"tracked","SpeechMessageProducts.ChurchReport/wwwroot/lib/bootstrap/less/mixins/nav-divider.less","242","2026-07-10T07:36:31.7912501Z","953a4a60519e18edab489ed2e1a3b12ffe7960cc4cef3da4df39f858f619f4fd"
"tracked","SpeechMessageProducts.ChurchReport/wwwroot/lib/bootstrap/less/mixins/nav-vertical-align.less","373","2026-07-10T07:36:31.7912501Z","bdacf3f46bf400ba7a9c7a7fcb86a16e7ef241550ba3ed2f7f1d7066f128125a"
"tracked","SpeechMessageProducts.ChurchReport/wwwroot/lib/bootstrap/less/mixins/opacity.less","156","2026-07-10T07:36:31.7912501Z","3c983bf54ce9d9125cd6ba84cabe0dfc1edd19c91364451fea6dc437a2d84718"
"tracked","SpeechMessageProducts.ChurchReport/wwwroot/lib/bootstrap/less/mixins/pagination.less","509","2026-07-10T07:36:31.7922501Z","d80cb2438debf5421a281378a54f58d18b864b9bf29217d810f3c0064decaae4"
"tracked","SpeechMessageProducts.ChurchReport/wwwroot/lib/bootstrap/less/mixins/panels.less","561","2026-07-10T07:36:31.7922501Z","e74909487c2e6dd14b9aeba7865a0ba0b8c914bec1586a0aa40b65515c28b167"
"tracked","SpeechMessageProducts.ChurchReport/wwwroot/lib/bootstrap/less/mixins/progress-bar.less","201","2026-07-10T07:36:31.7922501Z","0c3063159b030502eddb76b2476be7d8ebb351aed2c9fe1b0032e52a10ff2382"
"tracked","SpeechMessageProducts.ChurchReport/wwwroot/lib/bootstrap/less/mixins/reset-filter.less","256","2026-07-10T07:36:31.7922501Z","c4d231408837854ed08f8898274df925a8b505c5b6e4831ee34132f569ecfe24"
"tracked","SpeechMessageProducts.ChurchReport/wwwroot/lib/bootstrap/less/mixins/reset-text.less","488","2026-07-10T07:36:31.7922501Z","4f6805dfa9a532a67a334bbd2b7954478f1eab12fef17f0feadbe93886337be9"
"tracked","SpeechMessageProducts.ChurchReport/wwwroot/lib/bootstrap/less/mixins/resize.less","202","2026-07-10T07:36:31.7932500Z","b9adeb75dbdbf9f4171eb9f80e9c25df5895a8584efd4eea84e10ca5f15e9e52"
"tracked","SpeechMessageProducts.ChurchReport/wwwroot/lib/bootstrap/less/mixins/responsive-visibility.less","369","2026-07-10T07:36:31.7932500Z","544bb2d73b28f85c4d9ee2c5eb391eca30f432eac07870786d041d68d07571fd"
"tracked","SpeechMessageProducts.ChurchReport/wwwroot/lib/bootstrap/less/mixins/size.less","137","2026-07-10T07:36:31.7932500Z","28bf643df836c230ef0106fca0bb7545eb9243fbf9f14d42def9343dcb8013f1"
"tracked","SpeechMessageProducts.ChurchReport/wwwroot/lib/bootstrap/less/mixins/tab-focus.less","168","2026-07-10T07:36:31.7932500Z","c1e494f9bc8f5da41d326cc39efebd16284089cd6faa0c314c78599b2b5ec467"
"tracked","SpeechMessageProducts.ChurchReport/wwwroot/lib/bootstrap/less/mixins/table-row.less","728","2026-07-10T07:36:31.7942506Z","7ac08549ee692ab8899b4a8bb3ae7ae34aae8a745aff36a8fc68c06a6c0184c5"
"tracked","SpeechMessageProducts.ChurchReport/wwwroot/lib/bootstrap/less/mixins/text-emphasis.less","137","2026-07-10T07:36:31.7942506Z","f819aa725fab94256b001126f5f550820b6ae5273893a5135bfe5eb1d0dd6338"
"tracked","SpeechMessageProducts.ChurchReport/wwwroot/lib/bootstrap/less/mixins/text-overflow.less","170","2026-07-10T07:36:31.7942506Z","1c56bdb8cc2923bc35be5751da31e12fd72f5f6f7c788b639044f245fa69345d"
"tracked","SpeechMessageProducts.ChurchReport/wwwroot/lib/bootstrap/less/mixins/vendor-prefixes.less","6880","2026-07-10T07:36:31.7942506Z","18a2818052ff188fbc46dc9b4fbaf29faab8575558d5dd0527d04c7e56df966b"
"tracked","SpeechMessageProducts.ChurchReport/wwwroot/lib/bootstrap/less/modals.less","3677","2026-07-10T07:36:31.7952503Z","453a53f34ecfa4ffe07cabe0ccaa7176953b6e01517887f5d8cccbe88b6fbf69"
"tracked","SpeechMessageProducts.ChurchReport/wwwroot/lib/bootstrap/less/navbar.less","15288","2026-07-10T07:36:31.7952503Z","2289bebac761baace2805d634bd2e395f152537836f709768963585cff738e05"
"tracked","SpeechMessageProducts.ChurchReport/wwwroot/lib/bootstrap/less/navs.less","5172","2026-07-10T07:36:31.7952503Z","eaf40ac5ee741e17292c488fbeb29191794fb860de0cebff5e8926b1144f6c73"
"tracked","SpeechMessageProducts.ChurchReport/wwwroot/lib/bootstrap/less/normalize.less","7983","2026-07-10T07:36:31.7962504Z","301829c5ee481cef874ffa6ae8e3f1bc43aff724495002b6c6a97e4ba8186b95"
"tracked","SpeechMessageProducts.ChurchReport/wwwroot/lib/bootstrap/less/pager.less","915","2026-07-10T07:36:31.7962504Z","463a306977333af40aa6081d6e530d28493838202df0c9658b6616d2542a3989"
"tracked","SpeechMessageProducts.ChurchReport/wwwroot/lib/bootstrap/less/pagination.less","2148","2026-07-10T07:36:31.7962504Z","5a2e42d13a2bf48b047cf169a348cb710c0fd263e0ff8a2107252712655f6133"
"tracked","SpeechMessageProducts.ChurchReport/wwwroot/lib/bootstrap/less/panels.less","6550","2026-07-10T07:36:31.7972513Z","d71f8564e1c2729db389e4d05b5fb3cf097e5b13070b2df08e4ff27d5f53f890"
"tracked","SpeechMessageProducts.ChurchReport/wwwroot/lib/bootstrap/less/popovers.less","3619","2026-07-10T07:36:31.7972513Z","8d79e98f8fa3ce8885f5db4b44c5e1c0d188abcd1f402387a0105e0b219c19dc"
"tracked","SpeechMessageProducts.ChurchReport/wwwroot/lib/bootstrap/less/print.less","2040","2026-07-10T07:36:31.7972513Z","9fe574f7bdd7bb14872e9b3a5240d2196899e6ad1a85bd9e35fde42770683926"
"tracked","SpeechMessageProducts.ChurchReport/wwwroot/lib/bootstrap/less/progress-bars.less","2012","2026-07-10T07:36:31.7972513Z","d2673d7aec52f422341bf9a0666d391f7a85d8e473f25e379f7830839e9606fb"
"tracked","SpeechMessageProducts.ChurchReport/wwwroot/lib/bootstrap/less/responsive-embed.less","581","2026-07-10T07:36:31.7982510Z","07810396b7fad99e0a4feafa5d66d4087e4d5476718985ca60eba7c263f35b6b"
"tracked","SpeechMessageProducts.ChurchReport/wwwroot/lib/bootstrap/less/responsive-utilities.less","4456","2026-07-10T07:36:31.7982510Z","0b81f691c8fab1bc1489bdbb3c94b4e751ca6b642923544c565191837686581c"
"tracked","SpeechMessageProducts.ChurchReport/wwwroot/lib/bootstrap/less/scaffolding.less","3149","2026-07-10T07:36:31.7982510Z","3694d82b2f1de9012f201c3f429072ab7937864d2b3024f1d03c491db691cf8a"
"tracked","SpeechMessageProducts.ChurchReport/wwwroot/lib/bootstrap/less/tables.less","4846","2026-07-10T07:36:31.7992512Z","08fcaf85f2c90e465d9e91e8eaf50835895299f965bce8c9043651451d407b42"
"tracked","SpeechMessageProducts.ChurchReport/wwwroot/lib/bootstrap/less/theme.less","8488","2026-07-10T07:36:31.7992512Z","4705d12bc0b5e8ac2ae17fb0a0b6828822bbec2714daa3a205ac4387d0b90209"
"tracked","SpeechMessageProducts.ChurchReport/wwwroot/lib/bootstrap/less/thumbnails.less","789","2026-07-10T07:36:31.7992512Z","c9bb616a1a51da0ef054817f27d014711af4158981fb19fca9427e44d25c6251"
"tracked","SpeechMessageProducts.ChurchReport/wwwroot/lib/bootstrap/less/tooltip.less","3086","2026-07-10T07:36:31.8002498Z","1df69396fe2f0d72f586373b086efc37d00344bec001876371e2f4416634f0cf"
"tracked","SpeechMessageProducts.ChurchReport/wwwroot/lib/bootstrap/less/type.less","6256","2026-07-10T07:36:31.8002498Z","c085aec9954732505eab0ad4db91e7ca8b83f88491824c95dce075bc751f002d"
"tracked","SpeechMessageProducts.ChurchReport/wwwroot/lib/bootstrap/less/utilities.less","802","2026-07-10T07:36:31.8002498Z","2964cb1371490701a2e79125009f843a874056940aef5aab08b0055ea0314c8a"
"tracked","SpeechMessageProducts.ChurchReport/wwwroot/lib/bootstrap/less/variables.less","28342","2026-07-10T07:36:31.8013331Z","6af12a8f6f42a959d3a46b0bd41f4b4e73ce8e2439ace87263552ca020b34a58"
"tracked","SpeechMessageProducts.ChurchReport/wwwroot/lib/bootstrap/less/wells.less","556","2026-07-10T07:36:31.8013331Z","03639cb373ad91619d0d07549be8c023461fbb0a777e1372c4e3b4046b8fad5e"
"tracked","SpeechMessageProducts.ChurchReport/wwwroot/lib/bootstrap/LICENSE","1105","2026-07-10T07:36:31.7612645Z","9c3e01cc2ff753c4255d573a139ea1972068f6be4451de71e77032e90b78e28e"
"tracked","SpeechMessageProducts.ChurchReport/wwwroot/lib/bootstrap/nuget/bootstrap.less.nuspec","1299","2026-07-10T07:36:31.8017983Z","1d89a1acd8aa8044369fc631e2a3b183debb2cb3ca9a88ed96988a216584290c"
"tracked","SpeechMessageProducts.ChurchReport/wwwroot/lib/bootstrap/nuget/bootstrap.nuspec","1274","2026-07-10T07:36:31.8028005Z","68fbd5eeb3b0e7940cd1948fd687ab557b24e52d74238584ae46682f963cd6a7"
"tracked","SpeechMessageProducts.ChurchReport/wwwroot/lib/bootstrap/nuget/MyGet.ps1","475","2026-07-10T07:36:31.8017983Z","02d98834fa7eeecb4a12b60043a797be5e9f8b7919481e639c36f8968f55e35f"
"tracked","SpeechMessageProducts.ChurchReport/wwwroot/lib/bootstrap/package.js","996","2026-07-10T07:36:31.8028005Z","535f0a8504bef375586fb808c4584a0452c2bbccdfa1dc301b462e43cd7b74d6"
"tracked","SpeechMessageProducts.ChurchReport/wwwroot/lib/bootstrap/package.json","2160","2026-07-10T07:36:31.8028005Z","378ac629a2edbad3699faba8d64b78bb994064e0db734c5b0294af23d05c2ac6"
"tracked","SpeechMessageProducts.ChurchReport/wwwroot/lib/bootstrap/README.md","7628","2026-07-10T07:36:31.7612645Z","c99ebd38e6530ce3a60113ad249c894fa9e56def4a9db507c860ea0884182f97"
"tracked","SpeechMessageProducts.ChurchReport/wwwroot/lib/devextreme-aspnet-data/.bower.json","698","2026-07-10T07:36:31.8037994Z","328c0af4de20602aec45914d107c257c6195c687047c290c48557fc43f6d5225"
"tracked","SpeechMessageProducts.ChurchReport/wwwroot/lib/devextreme-aspnet-data/bower.json","266","2026-07-10T07:36:31.8037994Z","f26115e034d2255820f380088095dfabb61ac2c923be92fe46d44a74c1d1cf50"
"tracked","SpeechMessageProducts.ChurchReport/wwwroot/lib/devextreme-aspnet-data/js/dx.aspnet.data.d.ts","505","2026-07-10T07:36:31.8047992Z","f2e6716bee2a2ef710ad6e40a11f8d844569b041174b1e1f63f5fa739c3b452a"
"tracked","SpeechMessageProducts.ChurchReport/wwwroot/lib/devextreme-aspnet-data/js/dx.aspnet.data.js","11173","2026-07-10T07:36:31.8047992Z","5fd38dd82205e3454316f4c60013a21c00f72223fd4273c2efd4a5525f6473b6"
"tracked","SpeechMessageProducts.ChurchReport/wwwroot/lib/devextreme-aspnet-data/LICENSE","1103","2026-07-10T07:36:31.8037994Z","beffa942639d2e14953ac9002647c160667a4f3215e0b7ed837f92472600bc5e"
"tracked","SpeechMessageProducts.ChurchReport/wwwroot/lib/jquery/.bower.json","549","2026-07-10T07:36:31.8400657Z","d77d5f4b3be4bdd652d2161beac858956e35c341c8472907bec7511c28a15a45"
"tracked","SpeechMessageProducts.ChurchReport/wwwroot/lib/jquery/AUTHORS.txt","10642","2026-07-10T07:36:31.8411984Z","24e2a999acaa888894bfa73a6f57e7fc0c5647a77903ffe12af374c70fa2af67"
"tracked","SpeechMessageProducts.ChurchReport/wwwroot/lib/jquery/bower.json","203","2026-07-10T07:36:31.8422000Z","ab5197827946d0b36c7707c60beddedc8c14446138e0e79f548be5001c87ab73"
"tracked","SpeechMessageProducts.ChurchReport/wwwroot/lib/jquery/dist/jquery.js","267365","2026-07-10T07:36:31.8431985Z","30fc40baadcbcf1ff2e024739241f6fc8479a96145b5d975978831a123457e3c"
"tracked","SpeechMessageProducts.ChurchReport/wwwroot/lib/jquery/dist/jquery.min.js","85582","2026-07-10T07:36:31.8441988Z","b409c14a10b4caad6b54844aa63a5faf748b83eecc2dd0d4fb1d913f8de55365"
"tracked","SpeechMessageProducts.ChurchReport/wwwroot/lib/jquery/dist/jquery.min.map","129572","2026-07-10T07:36:31.8452049Z","94a00cc7a13928d8b3aeb3dae8c06888688165559555a89335a7f6492c29cfd3"
"tracked","SpeechMessageProducts.ChurchReport/wwwroot/lib/jquery/external/sizzle/dist/sizzle.js","63431","2026-07-10T07:36:31.8461981Z","85829c720eda15ce9a1124899ab6770bc24af16da5f3a04fff1159eb9a6de970"
"tracked","SpeechMessageProducts.ChurchReport/wwwroot/lib/jquery/external/sizzle/dist/sizzle.min.js","18867","2026-07-10T07:36:31.8471981Z","e163973d64d3c3448e0e4943f9754267aba95b9e04c1a6c926cf8eaf7cb5c040"
"tracked","SpeechMessageProducts.ChurchReport/wwwroot/lib/jquery/external/sizzle/dist/sizzle.min.map","29552","2026-07-10T07:36:31.8471981Z","009ac1e342dee52599eeed1628389ec9d44db561badaf9021ebbf8ac1805ee6f"
"tracked","SpeechMessageProducts.ChurchReport/wwwroot/lib/jquery/external/sizzle/LICENSE.txt","1642","2026-07-10T07:36:31.8461981Z","147cf0f42d3150eb19711e99980f656b29e2e046a5bb7c3afaf1dd454ce1afc2"
"tracked","SpeechMessageProducts.ChurchReport/wwwroot/lib/jquery/LICENSE.txt","1642","2026-07-10T07:36:31.8411984Z","4aff424ee6f7330d607b2dde878deff8562b73d19db3d207e26e883dfa231855"
"tracked","SpeechMessageProducts.ChurchReport/wwwroot/lib/jquery/README.md","1859","2026-07-10T07:36:31.8411984Z","2ddbf09e757f82a026aeed68715aa37b055d00b16a4e06b87a7885d1abb08fc6"
"tracked","SpeechMessageProducts.ChurchReport/wwwroot/lib/jquery/src/.jshintrc","504","2026-07-10T07:36:31.8471981Z","0d736f89e389b4c1c861e7c0755bc1ab1c7f710baee3f703128ab17a2ab9de6a"
"tracked","SpeechMessageProducts.ChurchReport/wwwroot/lib/jquery/src/ajax.js","22675","2026-07-10T07:36:31.8481986Z","1b7ef2a8f3a1d5069eed209bfc15d794002882f3672c6cff6c262b87cedac064"
"tracked","SpeechMessageProducts.ChurchReport/wwwroot/lib/jquery/src/ajax/jsonp.js","2813","2026-07-10T07:36:31.8491986Z","3d4aa2105fa28c3fb9587ca9bac95ee905147a200ac9404c43a484bcca949d9b"
"tracked","SpeechMessageProducts.ChurchReport/wwwroot/lib/jquery/src/ajax/load.js","2104","2026-07-10T07:36:31.8491986Z","766d2c6fbeb0549ec96c38427fae72dd0bfc5021bcc31988d8bd6592e7f5ada3"
"tracked","SpeechMessageProducts.ChurchReport/wwwroot/lib/jquery/src/ajax/parseJSON.js","237","2026-07-10T07:36:31.8491986Z","d737b13dd67a11c41e08255cdc1efb396fa4aed39404c4344560049539c45599"
"tracked","SpeechMessageProducts.ChurchReport/wwwroot/lib/jquery/src/ajax/parseXML.js","507","2026-07-10T07:36:31.8491986Z","4db66cabe5c66414b4da79e15fbc184523ea38ecb3627aac338ce1703b0be53f"
"tracked","SpeechMessageProducts.ChurchReport/wwwroot/lib/jquery/src/ajax/script.js","1446","2026-07-10T07:36:31.8501979Z","bc849690a594797c497543dc689e1ed817b3c1b2abbec59b61ec82d7b0525e18"
"tracked","SpeechMessageProducts.ChurchReport/wwwroot/lib/jquery/src/ajax/var/location.js","54","2026-07-10T07:36:31.8501979Z","1857a1ab011593d25bcb793eae33657408d6ecd1795300b0b3a73f2a4448e371"
"tracked","SpeechMessageProducts.ChurchReport/wwwroot/lib/jquery/src/ajax/var/nonce.js","80","2026-07-10T07:36:31.8501979Z","3e2e409f4d44b4e3af307172136d0035dd81dd459494ebbc5342537cd3330e99"
"tracked","SpeechMessageProducts.ChurchReport/wwwroot/lib/jquery/src/ajax/var/rquery.js","47","2026-07-10T07:36:31.8512103Z","f9cab86e67a331c3e98fe0e9116a81daf8616e477e751484c7609f2f500db327"
"tracked","SpeechMessageProducts.ChurchReport/wwwroot/lib/jquery/src/ajax/xhr.js","4425","2026-07-10T07:36:31.8512103Z","4a9ab6b8d8765b5fb5b8bd61f0421eb7b2e1dadd7476aec32b0461a0b240ed13"
"tracked","SpeechMessageProducts.ChurchReport/wwwroot/lib/jquery/src/attributes.js","213","2026-07-10T07:36:31.8519061Z","e8d25079237fff5d7adf38caafd64f8da9cc276793f79b5da3312a4c0c450d29"
"tracked","SpeechMessageProducts.ChurchReport/wwwroot/lib/jquery/src/attributes/attr.js","3399","2026-07-10T07:36:31.8519061Z","a626d8c2ab1d6c9667ad86ae7eeee398fcc9b915ef2b1125de848a9eb6c473c2"
"tracked","SpeechMessageProducts.ChurchReport/wwwroot/lib/jquery/src/attributes/classes.js","4411","2026-07-10T07:36:31.8519061Z","42af8b46b49375859c4dd4144136e2dd0b1409fa62f7e75673cbb350004cbd2e"
"tracked","SpeechMessageProducts.ChurchReport/wwwroot/lib/jquery/src/attributes/prop.js","2789","2026-07-10T07:36:31.8519061Z","5923b8af399a166904dc84bcf5287afa39350177ce0f0196cfb8033b69c40701"
"tracked","SpeechMessageProducts.ChurchReport/wwwroot/lib/jquery/src/attributes/support.js","963","2026-07-10T07:36:31.8529299Z","4f0e945f56845c9c3bf91ce1872a389c590df5fe2c8ee78bd1c5252ed4b2a6c5"
"tracked","SpeechMessageProducts.ChurchReport/wwwroot/lib/jquery/src/attributes/val.js","4273","2026-07-10T07:36:31.8529299Z","d62df128cbf427386c038a0e0fa5777ed84234a2d780bf4ac68d8289dbd2e504"
"tracked","SpeechMessageProducts.ChurchReport/wwwroot/lib/jquery/src/callbacks.js","5689","2026-07-10T07:36:31.8529299Z","4434f1c2641d36047413743556d18ea443dd3536c7468009135ceb0d6f3f466a"
"tracked","SpeechMessageProducts.ChurchReport/wwwroot/lib/jquery/src/core.js","12206","2026-07-10T07:36:31.8539372Z","c522ab558051ed131a8911756b2bb30382e93f68ba2b9f02f2b59c52e4934667"
"tracked","SpeechMessageProducts.ChurchReport/wwwroot/lib/jquery/src/core/access.js","1284","2026-07-10T07:36:31.8539372Z","926602ba154729e585a90c3a214bcb3179523e0359654e5a7abc0379b6d8b62d"
"tracked","SpeechMessageProducts.ChurchReport/wwwroot/lib/jquery/src/core/init.js","3708","2026-07-10T07:36:31.8539372Z","196783147884f34e0835bd757966c6bf47bc5f11b1068d5ef6ead54b2aca723a"
"tracked","SpeechMessageProducts.ChurchReport/wwwroot/lib/jquery/src/core/parseHTML.js","1041","2026-07-10T07:36:31.8549301Z","b14cdfc366c7768aa730ff712334a2bddaf765ec73480dfac929c7e195592de7"
"tracked","SpeechMessageProducts.ChurchReport/wwwroot/lib/jquery/src/core/ready.js","2498","2026-07-10T07:36:31.8549301Z","f43fc5d25ac687a3adef7caf3ca2b99b63faabe7e06cfa795f7851279e99d556"
"tracked","SpeechMessageProducts.ChurchReport/wwwroot/lib/jquery/src/core/var/rsingleTag.js","104","2026-07-10T07:36:31.8549301Z","fd07f01358ccc7d702e22bd8a876d11b807428e4bcfc54855f871d8cccfd7948"
"tracked","SpeechMessageProducts.ChurchReport/wwwroot/lib/jquery/src/css.js","13673","2026-07-10T07:36:31.8559293Z","674db16b761e017af2f4a2470c9db6b9fc16f8d25de69873783ccdab0ea89d8f"
"tracked","SpeechMessageProducts.ChurchReport/wwwroot/lib/jquery/src/css/addGetHookIf.js","539","2026-07-10T07:36:31.8559293Z","a7ecb9301b6272bf4dba775b5eb1a1f2c8d26613811fbbdd523301afb2a6f621"
"tracked","SpeechMessageProducts.ChurchReport/wwwroot/lib/jquery/src/css/adjustCSS.js","1933","2026-07-10T07:36:31.8570000Z","3959d41529a90fa2f513c69ea97aa15f17842d3e81b2e798e93488c6879d0abc"
"tracked","SpeechMessageProducts.ChurchReport/wwwroot/lib/jquery/src/css/curCSS.js","1714","2026-07-10T07:36:31.8570000Z","222f0805401b64304484b082bdf449cbd50815327a16ef7f7699726d86aac3af"
"tracked","SpeechMessageProducts.ChurchReport/wwwroot/lib/jquery/src/css/defaultDisplay.js","1718","2026-07-10T07:36:31.8570000Z","75d2a28a94cb9ca1e7a6e95e3e0e8f37aa4981219416e9c54f0b2051bc57319c"
"tracked","SpeechMessageProducts.ChurchReport/wwwroot/lib/jquery/src/css/hiddenVisibleSelectors.js","544","2026-07-10T07:36:31.8570000Z","9a20269fe9ad6bd23f3a67304ec5d114578426d205d2d96ec9bed8f2db93ff98"
"tracked","SpeechMessageProducts.ChurchReport/wwwroot/lib/jquery/src/css/showHide.js","1037","2026-07-10T07:36:31.8580002Z","919d83e4cba7ddbec17fc12daee22f4a2f89611146fe14ee12d348e4d37628bf"
"tracked","SpeechMessageProducts.ChurchReport/wwwroot/lib/jquery/src/css/support.js","4018","2026-07-10T07:36:31.8580002Z","a739ca9d93c3ac75cc416610b732191030493fc3e37c2a65db834141d9ae1867"
"tracked","SpeechMessageProducts.ChurchReport/wwwroot/lib/jquery/src/css/var/cssExpand.js","75","2026-07-10T07:36:31.8580002Z","9aa7db4329555409881a0b71c7a07727bce714712331888eabdba439518d154e"
"tracked","SpeechMessageProducts.ChurchReport/wwwroot/lib/jquery/src/css/var/getStyles.js","395","2026-07-10T07:36:31.8589998Z","3d7321914755a2b617e10c191c08dbb0b1aafbca2035e8033d92720f430f5e8a"
"tracked","SpeechMessageProducts.ChurchReport/wwwroot/lib/jquery/src/css/var/isHidden.js","378","2026-07-10T07:36:31.8589998Z","db20849b0dae9c4b66a781717516d5f7ea9dd8769a65ffeabca571d2c2970af3"
"tracked","SpeechMessageProducts.ChurchReport/wwwroot/lib/jquery/src/css/var/rmargin.js","52","2026-07-10T07:36:31.8589998Z","3e7f0f8c932960ff208965c128a9a3bd8e843077107ad030dfa60a8f092423c2"
"tracked","SpeechMessageProducts.ChurchReport/wwwroot/lib/jquery/src/css/var/rnumnonpx.js","120","2026-07-10T07:36:31.8589998Z","a7c89d0eca0feb61656aae367437c7d9d65fcf96b941989c5f4b592f958fe2fb"
"tracked","SpeechMessageProducts.ChurchReport/wwwroot/lib/jquery/src/css/var/swap.js","529","2026-07-10T07:36:31.8589998Z","2cd37e40026b370079fec00e0eac0d188b896506e6226f9c17ff5fd1ea00921d"
"tracked","SpeechMessageProducts.ChurchReport/wwwroot/lib/jquery/src/data.js","5306","2026-07-10T07:36:31.8600003Z","6f161b10465632a8c2c86c592d7a7cda814a99021eeffa7434d08fe2fb11d645"
"tracked","SpeechMessageProducts.ChurchReport/wwwroot/lib/jquery/src/data/Data.js","5276","2026-07-10T07:36:31.8603287Z","92f14b70727e71be8bc52a5736b4e72aed58cc790dc7e301cc3c3feff9d64351"
"tracked","SpeechMessageProducts.ChurchReport/wwwroot/lib/jquery/src/data/var/acceptData.js","341","2026-07-10T07:36:31.8603287Z","e133e93a36208f296a4957d4de3eb664b06bbf4f05db8d6a44f84374b9e0bacc"
"tracked","SpeechMessageProducts.ChurchReport/wwwroot/lib/jquery/src/data/var/dataPriv.js","73","2026-07-10T07:36:31.8613418Z","1932522c2ff0cb001aa6eadbcce29d1cf1db8d97fd57169d71f351f89c23f4a8"
"tracked","SpeechMessageProducts.ChurchReport/wwwroot/lib/jquery/src/data/var/dataUser.js","73","2026-07-10T07:36:31.8613418Z","1932522c2ff0cb001aa6eadbcce29d1cf1db8d97fd57169d71f351f89c23f4a8"
"tracked","SpeechMessageProducts.ChurchReport/wwwroot/lib/jquery/src/deferred.js","4642","2026-07-10T07:36:31.8613418Z","39db9d532a6cbe438225c038615c1325893d65edc0e3cc8e97efa31f3acc2d27"
"tracked","SpeechMessageProducts.ChurchReport/wwwroot/lib/jquery/src/deprecated.js","668","2026-07-10T07:36:31.8613418Z","b505d96c67a1c58ceab25808d63b377ba2e1de9ed75af50d351c134ae9c60d81"
"tracked","SpeechMessageProducts.ChurchReport/wwwroot/lib/jquery/src/dimensions.js","1839","2026-07-10T07:36:31.8623401Z","3b2ae1dd47ad513753cf30263711f07a339a1ba85418cd129420d6e5fd5d06dd"
"tracked","SpeechMessageProducts.ChurchReport/wwwroot/lib/jquery/src/effects.js","16521","2026-07-10T07:36:31.8623401Z","83a0eba0821b77d8bf0f2430bbb90dee05aa164e95c558d29ba04d567f14d40b"
"tracked","SpeechMessageProducts.ChurchReport/wwwroot/lib/jquery/src/effects/animatedSelector.js","242","2026-07-10T07:36:31.8633466Z","7413c6b5b3e045f5190d0322f49eaf0851f4e921a996b129c765d2acbe938d7d"
"tracked","SpeechMessageProducts.ChurchReport/wwwroot/lib/jquery/src/effects/Tween.js","3350","2026-07-10T07:36:31.8623401Z","ec0d049d7a39fdb54ca3e89c93b00ea09ffe72f80b404dc2ee37704c2fc62ef5"
"tracked","SpeechMessageProducts.ChurchReport/wwwroot/lib/jquery/src/event.js","19932","2026-07-10T07:36:31.8633466Z","136cc9810a25202a5415eec1b7411eadbd2067958fafe51c1ed4d97f45335079"
"tracked","SpeechMessageProducts.ChurchReport/wwwroot/lib/jquery/src/event/ajax.js","351","2026-07-10T07:36:31.8633466Z","f962a982fa83118f8f943e243b9713b5f67c284c082226c90b08968be457bf20"
"tracked","SpeechMessageProducts.ChurchReport/wwwroot/lib/jquery/src/event/alias.js","679","2026-07-10T07:36:31.8633466Z","8bc00ef1f949db56eba59929a200853aa8965d951c428c5e79614e6a7a210f52"
"tracked","SpeechMessageProducts.ChurchReport/wwwroot/lib/jquery/src/event/focusin.js","1521","2026-07-10T07:36:31.8643464Z","b36a68d24f4b6ae48aa6c530508a2312c0336715d3c78a17f1b9cf6c336ddbd3"
"tracked","SpeechMessageProducts.ChurchReport/wwwroot/lib/jquery/src/event/support.js","127","2026-07-10T07:36:31.8643464Z","d5e23b63e2cb895cdbd15f0b99e1091319c8dd29c2200377021ba90dfc9f19c3"
"tracked","SpeechMessageProducts.ChurchReport/wwwroot/lib/jquery/src/event/trigger.js","5175","2026-07-10T07:36:31.8643464Z","e5d1a24cec22e51d258e211dfb0534a70ae0bef047b27fc9574c88ba1166f420"
"tracked","SpeechMessageProducts.ChurchReport/wwwroot/lib/jquery/src/exports/amd.js","1033","2026-07-10T07:36:31.8653409Z","bb6fd3db6e4795cfda7fa3a97455219ddbad9098dfcfa1b9d1370542c58eee5c"
"tracked","SpeechMessageProducts.ChurchReport/wwwroot/lib/jquery/src/exports/global.js","557","2026-07-10T07:36:31.8653409Z","66a9d8565737533295ed09c77cf24f5d9f8aa426f6367407923675534d3d8927"
"tracked","SpeechMessageProducts.ChurchReport/wwwroot/lib/jquery/src/intro.js","1420","2026-07-10T07:36:31.8653409Z","c5a0eeda80a027a60518401f5c5c4e1dbe896a9f8061a956ce9b28bcc09bc091"
"tracked","SpeechMessageProducts.ChurchReport/wwwroot/lib/jquery/src/jquery.js","643","2026-07-10T07:36:31.8653409Z","8014b7708f08102e18780359765662008cf9c0e4c6a2e7386973f5251cdbc79b"
"tracked","SpeechMessageProducts.ChurchReport/wwwroot/lib/jquery/src/manipulation.js","12844","2026-07-10T07:36:31.8663402Z","86fbedecd887675ee6dd7c97070d9afad594e25c5d7636f0aaf01586f35dfb26"
"tracked","SpeechMessageProducts.ChurchReport/wwwroot/lib/jquery/src/manipulation/_evalUrl.js","346","2026-07-10T07:36:31.8663402Z","0f093be64838536ce6a9ae1951ab5d511c477716b077f5075f15bfd12ed1c2ed"
"tracked","SpeechMessageProducts.ChurchReport/wwwroot/lib/jquery/src/manipulation/buildFragment.js","2517","2026-07-10T07:36:31.8663402Z","59ddeefeed06eb73eb4ad5f12d873d022391be2ca5dac6249b5779c009dfbfe7"
"tracked","SpeechMessageProducts.ChurchReport/wwwroot/lib/jquery/src/manipulation/getAll.js","560","2026-07-10T07:36:31.8663402Z","4714119462ed948cee172d0ff84feeec7e28a3d8f7f56fab95b12778b27c8723"
"tracked","SpeechMessageProducts.ChurchReport/wwwroot/lib/jquery/src/manipulation/setGlobalEval.js","386","2026-07-10T07:36:31.8673397Z","fe47ed9114ea67f8a7883ed9f2afe1b21ac29e5e601c2606a0d1b7d675e11498"
"tracked","SpeechMessageProducts.ChurchReport/wwwroot/lib/jquery/src/manipulation/support.js","1059","2026-07-10T07:36:31.8673397Z","55c6b58e7a841ac2f4cffb71410f711c1fde668433dad58ddca554b72b518f01"
"tracked","SpeechMessageProducts.ChurchReport/wwwroot/lib/jquery/src/manipulation/var/rcheckableType.js","66","2026-07-10T07:36:31.8673397Z","259425ff42cdc904d1f50c222c8780077029e93ee62d1f9dc645183e6b2a6f45"
"tracked","SpeechMessageProducts.ChurchReport/wwwroot/lib/jquery/src/manipulation/var/rscriptType.js","70","2026-07-10T07:36:31.8673397Z","f2e0fbf6204e75adcbb5bb824b7fc00c6c3a74dd9d809792629b89126699957f"
"tracked","SpeechMessageProducts.ChurchReport/wwwroot/lib/jquery/src/manipulation/var/rtagName.js","55","2026-07-10T07:36:31.8683395Z","1518d214e579ba26fa8f44ab344322f75677f9c63a3135cc2f3b69d34b111302"
"tracked","SpeechMessageProducts.ChurchReport/wwwroot/lib/jquery/src/manipulation/wrapMap.js","794","2026-07-10T07:36:31.8683395Z","d666559141f30108815f6433f45c27a522f118959e1997bf3ffde47e90fe07fa"
"tracked","SpeechMessageProducts.ChurchReport/wwwroot/lib/jquery/src/offset.js","6232","2026-07-10T07:36:31.8683395Z","29d570d1c0d4ef0e903889db178481b48423abdf257e51896f3f2bfeb4753fbe"
"tracked","SpeechMessageProducts.ChurchReport/wwwroot/lib/jquery/src/outro.js","22","2026-07-10T07:36:31.8693396Z","b13912f6eec13e09cb5c2198813241e9d8aaaf68db1f077c13ee995891131243"
"tracked","SpeechMessageProducts.ChurchReport/wwwroot/lib/jquery/src/queue.js","3220","2026-07-10T07:36:31.8693396Z","ef2ec0b5e07748fb3695b69441d0af2449a63d36baa69a5374ecb1569fdee2a4"
"tracked","SpeechMessageProducts.ChurchReport/wwwroot/lib/jquery/src/queue/delay.js","642","2026-07-10T07:36:31.8693396Z","f123f356b7972140a3b64f6e1f78dcbe2f06381ac0d4e627abdadd458c81f53b"
"tracked","SpeechMessageProducts.ChurchReport/wwwroot/lib/jquery/src/selector.js","51","2026-07-10T07:36:31.8703403Z","2f366d7de03647cf010a06c6059868a0b07300d783a78cf0f9824f973d41fb5b"
"tracked","SpeechMessageProducts.ChurchReport/wwwroot/lib/jquery/src/selector-native.js","5863","2026-07-10T07:36:31.8703403Z","fbe98786549bc53ead11e2f7c2794271d623ed939759585568163e50c7c37b54"
"tracked","SpeechMessageProducts.ChurchReport/wwwroot/lib/jquery/src/selector-sizzle.js","356","2026-07-10T07:36:31.8703403Z","052816241a235b09b8c2c96884cfe0bb68940c8701bdaff3b647589127dac50c"
"tracked","SpeechMessageProducts.ChurchReport/wwwroot/lib/jquery/src/serialize.js","3398","2026-07-10T07:36:31.8714492Z","8740388f57800cacd8ff974674552638520c1c0219059d8211548ed210749553"
"tracked","SpeechMessageProducts.ChurchReport/wwwroot/lib/jquery/src/traversing.js","4248","2026-07-10T07:36:31.8714492Z","6ab44ce340b7a3d40e3fa506cf72d2bc72f1ce75a188bf64a4b17e32a5b676f6"
"tracked","SpeechMessageProducts.ChurchReport/wwwroot/lib/jquery/src/traversing/findFilter.js","2579","2026-07-10T07:36:31.8714492Z","cfb7979e9b506aa1b197df52111d9494a321f04671f001ca19903bd9b4955094"
"tracked","SpeechMessageProducts.ChurchReport/wwwroot/lib/jquery/src/traversing/var/dir.js","376","2026-07-10T07:36:31.8724489Z","c85984c82f14d800623df973749b89b767792c501dd0ad5fd65af6952cccaef9"
"tracked","SpeechMessageProducts.ChurchReport/wwwroot/lib/jquery/src/traversing/var/rneedsContext.js","118","2026-07-10T07:36:31.8724489Z","dd0f2f0690a86c7473b1b9bf8f449239ef5c91a81b07033ed0f1614a8cd4de10"
"tracked","SpeechMessageProducts.ChurchReport/wwwroot/lib/jquery/src/traversing/var/siblings.js","218","2026-07-10T07:36:31.8724489Z","d5de7ff70d8db5e716175ece02ece5fbb3f6a5d31befe8d3424c404db2ec5ca9"
"tracked","SpeechMessageProducts.ChurchReport/wwwroot/lib/jquery/src/var/arr.js","41","2026-07-10T07:36:31.8734510Z","f85e0bcc3acc7c545259652e21721f3fe8284781d04c22804853976a6a7c6b6e"
"tracked","SpeechMessageProducts.ChurchReport/wwwroot/lib/jquery/src/var/class2type.js","72","2026-07-10T07:36:31.8734510Z","bb0d1487154e9ef8f9d65f22e496f0b6821c16be0bc8041dd9669ad336b8febd"
"tracked","SpeechMessageProducts.ChurchReport/wwwroot/lib/jquery/src/var/concat.js","70","2026-07-10T07:36:31.8734510Z","1a3e7847159126a722b4054d8008d749fbe5c51e4bb1a3962a290208d194e7f8"
"tracked","SpeechMessageProducts.ChurchReport/wwwroot/lib/jquery/src/var/document.js","54","2026-07-10T07:36:31.8744498Z","3447c93d7fc59ec374899f51f7f03aaca8eece0ac99cf92f1907c2f9c1651e3a"
"tracked","SpeechMessageProducts.ChurchReport/wwwroot/lib/jquery/src/var/documentElement.js","94","2026-07-10T07:36:31.8744498Z","cc5412a1ca80144978ab96511851c24f9807e61945aa9b24836867efc256ae46"
"tracked","SpeechMessageProducts.ChurchReport/wwwroot/lib/jquery/src/var/hasOwn.js","99","2026-07-10T07:36:31.8744498Z","8c0173ca39264ca7385243e4e1f444ed3f583c4763644eed0d5fe4a99a7fe736"
"tracked","SpeechMessageProducts.ChurchReport/wwwroot/lib/jquery/src/var/indexOf.js","71","2026-07-10T07:36:31.8744498Z","f197002f9f35916418fb9c2802684c156e3196ac72df93d17b55f6c825d3399e"
"tracked","SpeechMessageProducts.ChurchReport/wwwroot/lib/jquery/src/var/pnum.js","87","2026-07-10T07:36:31.8754487Z","090e056493ed2a2668285b1f29d7a4339b53d1b363a0e5335814d7eb72382aba"
"tracked","SpeechMessageProducts.ChurchReport/wwwroot/lib/jquery/src/var/push.js","68","2026-07-10T07:36:31.8754487Z","36359152a221d328b7dfa932f37f720b6d2afe4ce4f75ed45bb2fd857b17038f"
"tracked","SpeechMessageProducts.ChurchReport/wwwroot/lib/jquery/src/var/rcssNum.js","128","2026-07-10T07:36:31.8754487Z","e98aced7523b121e32eac22dead7fd7d0164cf6a161606d9477ed6d95c1eb05d"
"tracked","SpeechMessageProducts.ChurchReport/wwwroot/lib/jquery/src/var/rnotwhite.js","49","2026-07-10T07:36:31.8754487Z","7d2e934b9188f20b69a3011770b35d500bb8be7a19471f1dc667c6ba329ef7f6"
"tracked","SpeechMessageProducts.ChurchReport/wwwroot/lib/jquery/src/var/slice.js","69","2026-07-10T07:36:31.8764479Z","14b2a93c17660eb4002452746cf10878a5e1ca24466ca1616b3e77b57784fe82"
"tracked","SpeechMessageProducts.ChurchReport/wwwroot/lib/jquery/src/var/support.js","107","2026-07-10T07:36:31.8764479Z","650b2e180bba94a17215aa1c282031b12992b4605ce1c4dd42b706cada0be6af"
"tracked","SpeechMessageProducts.ChurchReport/wwwroot/lib/jquery/src/var/toString.js","93","2026-07-10T07:36:31.8764479Z","755144e4bf9f3fa515cb0252da6f3f80d65c0c6bd9e4401fd1dd98e6c979c86b"
"tracked","SpeechMessageProducts.ChurchReport/wwwroot/lib/jquery/src/wrap.js","1597","2026-07-10T07:36:31.8764479Z","ca41793f6e81801008f0a1de8f2bb44e6793779eca40c5a6ebbe7068747fd3cc"
"tracked","SpeechMessageProducts.ChurchReport/wwwroot/lib/jquery-ajax-unobtrusive/jquery.unobtrusive-ajax.js","7161","2026-07-10T07:36:31.8047992Z","6f38490a34f096dd33acd3c4d8319770701b2930a899cf887db8f1e2b49de871"
"tracked","SpeechMessageProducts.ChurchReport/wwwroot/lib/jquery-validation/.bower.json","928","2026-07-10T07:36:31.8067991Z","4770cbc493b5127049471d59c6f3539c345a4357bceebe7803846139a0d33dea"
"tracked","SpeechMessageProducts.ChurchReport/wwwroot/lib/jquery-validation/bower.json","597","2026-07-10T07:36:31.8077977Z","896bb0f6c10e13cba5fccaff202cc487da4fff58ff654600fc3d869763f9b216"
"tracked","SpeechMessageProducts.ChurchReport/wwwroot/lib/jquery-validation/build/release.js","1082","2026-07-10T07:36:31.8087974Z","48cb7d88c114866345e423e7c27e4783755be55df1a444151caa2bce4d9f6d78"
"tracked","SpeechMessageProducts.ChurchReport/wwwroot/lib/jquery-validation/changelog.md","41271","2026-07-10T07:36:31.8087974Z","64e41000559e88cb53ed8540a160eb4c13c7094d38d7f28e2a1edd16c62fd9ae"
"tracked","SpeechMessageProducts.ChurchReport/wwwroot/lib/jquery-validation/CONTRIBUTING.md","3419","2026-07-10T07:36:31.8067991Z","738161bee9295e708d9cead7e6247971cbc6c1410f5e0dafc5aaab7e59f35a82"
"tracked","SpeechMessageProducts.ChurchReport/wwwroot/lib/jquery-validation/dist/additional-methods.js","37853","2026-07-10T07:36:31.8087974Z","70c9794a1d410690342d5cca2242c1da4cf0b071cf4be85c94c08aca59ed28b3"
"tracked","SpeechMessageProducts.ChurchReport/wwwroot/lib/jquery-validation/dist/additional-methods.min.js","17213","2026-07-10T07:36:31.8103006Z","4826dd029056276f86e3d1b008ebbb4f9a2693048de9c090c5300edfe5d1f7c1"
"tracked","SpeechMessageProducts.ChurchReport/wwwroot/lib/jquery-validation/dist/jquery.validate.js","44027","2026-07-10T07:36:31.8103006Z","ce4bf799cb162cef36eb992c90eda6832d582aec6619930a6db518b86163980e"
"tracked","SpeechMessageProducts.ChurchReport/wwwroot/lib/jquery-validation/dist/jquery.validate.min.js","21093","2026-07-10T07:36:31.8113062Z","a1a4b0d05489daed2aa466b2df92fb6ae5749a7f13db41a75c87991bed2fa30d"
"tracked","SpeechMessageProducts.ChurchReport/wwwroot/lib/jquery-validation/Gruntfile.js","4250","2026-07-10T07:36:31.8077977Z","e521786a7c970bccef07eaf8393105bd29dbfcf4d8a7d4aff69380ceb177c14b"
"tracked","SpeechMessageProducts.ChurchReport/wwwroot/lib/jquery-validation/LICENSE.md","1117","2026-07-10T07:36:31.8077977Z","81e1c4930fd618f75a1d0311ab91ee358f6c9e588dcd4ff2d8e5bcc9c9e1197c"
"tracked","SpeechMessageProducts.ChurchReport/wwwroot/lib/jquery-validation/package.json","1350","2026-07-10T07:36:31.8113062Z","7f8ebad3cee4b26868768ba6ae888343ba702783f302b3453fda8ebcdfced1d6"
"tracked","SpeechMessageProducts.ChurchReport/wwwroot/lib/jquery-validation/README.md","2915","2026-07-10T07:36:31.8077977Z","29cba30911bc586293914577614e28e1b2959bb97b96f5f8a952aad8c86874b3"
"tracked","SpeechMessageProducts.ChurchReport/wwwroot/lib/jquery-validation/src/additional/accept.js","1203","2026-07-10T07:36:31.8123055Z","5828684f92739beea2c4337f7e9a3960d363eb71b1a47920152bf2110df153b7"
"tracked","SpeechMessageProducts.ChurchReport/wwwroot/lib/jquery-validation/src/additional/additional.js","1045","2026-07-10T07:36:31.8123055Z","994e10675ae7a8b503334d4fc6f697a8f3603c4d6abc9507578e6b718424441c"
"tracked","SpeechMessageProducts.ChurchReport/wwwroot/lib/jquery-validation/src/additional/alphanumeric.js","177","2026-07-10T07:36:31.8123055Z","6bfcd68c12112e96037d01c326533eeb3e1d88cec50c540e8f2fc425211dfec1"
"tracked","SpeechMessageProducts.ChurchReport/wwwroot/lib/jquery-validation/src/additional/bankaccountNL.js","759","2026-07-10T07:36:31.8123055Z","c3e42d653fce0244e24f2eeee11fd97e847e6ae9e5d430abaaf788af3a640fd4"
"tracked","SpeechMessageProducts.ChurchReport/wwwroot/lib/jquery-validation/src/additional/bankorgiroaccountNL.js","305","2026-07-10T07:36:31.8133069Z","f4cd2660433255020731891f9a56f79fa47ee4a880b0efd4a765ffb8d9b713cc"
"tracked","SpeechMessageProducts.ChurchReport/wwwroot/lib/jquery-validation/src/additional/bic.js","1000","2026-07-10T07:36:31.8133069Z","ae5fe8adb1c7ec764a80d916834c2faccd5a00bb1e2513f865889d54eb4de8fc"
"tracked","SpeechMessageProducts.ChurchReport/wwwroot/lib/jquery-validation/src/additional/cifES.js","2095","2026-07-10T07:36:31.8133069Z","200195eb33196a1d5ae1e6e878129e29149750026a06563a2bdcbe3050fcd979"
"tracked","SpeechMessageProducts.ChurchReport/wwwroot/lib/jquery-validation/src/additional/cpfBR.js","1690","2026-07-10T07:36:31.8133069Z","8bfe17e826ee48aeb781b6967a0f4148aab3235c6fbf64ae12c0d86a6f20dc22"
"tracked","SpeechMessageProducts.ChurchReport/wwwroot/lib/jquery-validation/src/additional/creditcardtypes.js","1957","2026-07-10T07:36:31.8143066Z","37314c9688e07dc4ffb439b50cf0d386ff7e6da4a449ac7aff5ca18ae2685393"
"tracked","SpeechMessageProducts.ChurchReport/wwwroot/lib/jquery-validation/src/additional/currency.js","1347","2026-07-10T07:36:31.8143066Z","aff7b9eba097e4279a3c1fba24cd6966a0371137d43f591812feb5476a3dfc4c"
"tracked","SpeechMessageProducts.ChurchReport/wwwroot/lib/jquery-validation/src/additional/dateFA.js","253","2026-07-10T07:36:31.8143066Z","fef2b15e4a3f4577c51936093c922cdc07c1403c0fc63e6f7978ea71bd55cc96"
"tracked","SpeechMessageProducts.ChurchReport/wwwroot/lib/jquery-validation/src/additional/dateITA.js","1201","2026-07-10T07:36:31.8153088Z","81ddaa7bb9846165905826d8d1032498d17f836984372c38c5b22fe1ac4ca439"
"tracked","SpeechMessageProducts.ChurchReport/wwwroot/lib/jquery-validation/src/additional/dateNL.js","214","2026-07-10T07:36:31.8153088Z","9152a73867609063dc4507d50d118e03cd3977a4cd9c7f2b63b6df58c2bb7188"
"tracked","SpeechMessageProducts.ChurchReport/wwwroot/lib/jquery-validation/src/additional/extension.js","422","2026-07-10T07:36:31.8153088Z","9717d48a54c4e9913367c32e3be39568283fd1128b1c6b72bb0422e3176c392b"
"tracked","SpeechMessageProducts.ChurchReport/wwwroot/lib/jquery-validation/src/additional/giroaccountNL.js","259","2026-07-10T07:36:31.8163056Z","7c5903519c366fe7e484ead6b4f8b9e4459c9eba9a264fff5651d85854c60a0a"
"tracked","SpeechMessageProducts.ChurchReport/wwwroot/lib/jquery-validation/src/additional/iban.js","3670","2026-07-10T07:36:31.8163056Z","71ce5acd45aea9f92a9d1a920abaf32e2c8721412286bac6a185252da31c4103"
"tracked","SpeechMessageProducts.ChurchReport/wwwroot/lib/jquery-validation/src/additional/integer.js","176","2026-07-10T07:36:31.8163056Z","37b43a7ab768513a6ef52175d959852518972e5f63ff69b13a81ed558cbc29e0"
"tracked","SpeechMessageProducts.ChurchReport/wwwroot/lib/jquery-validation/src/additional/ipv4.js","278","2026-07-10T07:36:31.8173055Z","92ac17280ac0dfff597839ce7bf7d185a41e813302e189879501496dee0942e9"
"tracked","SpeechMessageProducts.ChurchReport/wwwroot/lib/jquery-validation/src/additional/ipv6.js","1019","2026-07-10T07:36:31.8173055Z","ced632b534b7e93705f2cd0f547d4b7870761884b5d471bc658f6c481aa56de9"
"tracked","SpeechMessageProducts.ChurchReport/wwwroot/lib/jquery-validation/src/additional/lettersonly.js","153","2026-07-10T07:36:31.8173055Z","cd405a5e6cc52bea0702d81e0c0c6639eaa7371757663db35df50152cb26701f"
"tracked","SpeechMessageProducts.ChurchReport/wwwroot/lib/jquery-validation/src/additional/letterswithbasicpunc.js","187","2026-07-10T07:36:31.8173055Z","c820684f39292f5e6d9bcd2e18857728fe1744d3e80fcd1e2c1bb4ace814d484"
"tracked","SpeechMessageProducts.ChurchReport/wwwroot/lib/jquery-validation/src/additional/mobileNL.js","241","2026-07-10T07:36:31.8183056Z","9789debdc9a861b84fbdcf7839189208c80e379c54dd20790756aab85aec0220"
"tracked","SpeechMessageProducts.ChurchReport/wwwroot/lib/jquery-validation/src/additional/mobileUK.js","949","2026-07-10T07:36:31.8183056Z","915fb96cbd5129fcbc1060acce4516ad91e664ce96429b5f4997ecf23774cb65"
"tracked","SpeechMessageProducts.ChurchReport/wwwroot/lib/jquery-validation/src/additional/nieES.js","797","2026-07-10T07:36:31.8188481Z","830aba0e5c0602617d629d9772f5c5d5cde727245176af59e29b32280876ef62"
"tracked","SpeechMessageProducts.ChurchReport/wwwroot/lib/jquery-validation/src/additional/nifES.js","743","2026-07-10T07:36:31.8188481Z","2a7773e31385be7b17e4dd87a4fecad90c444722f869abe1cdc5eb745e6fe5c9"
"tracked","SpeechMessageProducts.ChurchReport/wwwroot/lib/jquery-validation/src/additional/notEqualTo.js","250","2026-07-10T07:36:31.8188481Z","d6656d9caad960ccee123f6eb958326fc65968d4c5e3c2f83ca5bfb626e8082f"
"tracked","SpeechMessageProducts.ChurchReport/wwwroot/lib/jquery-validation/src/additional/nowhitespace.js","153","2026-07-10T07:36:31.8188481Z","798490d9677495779492dfc90fdc84ef58f0f67ddd36619961a70d3777b89e50"
"tracked","SpeechMessageProducts.ChurchReport/wwwroot/lib/jquery-validation/src/additional/pattern.js","601","2026-07-10T07:36:31.8188481Z","4d84ac9fdd4891a328cf34c4706bd76bd105e4914301700bcd5ed9642058b7e3"
"tracked","SpeechMessageProducts.ChurchReport/wwwroot/lib/jquery-validation/src/additional/phoneNL.js","321","2026-07-10T07:36:31.8188481Z","26760db52d27f1f8965e11b4635dc275b28f405cb8100661c48d0d31fd45c3fe"
"tracked","SpeechMessageProducts.ChurchReport/wwwroot/lib/jquery-validation/src/additional/phonesUK.js","1078","2026-07-10T07:36:31.8203752Z","7c326a5c2917a95dce1a2f3e52b265e76bbf42a33daf2446e526920415889287"
"tracked","SpeechMessageProducts.ChurchReport/wwwroot/lib/jquery-validation/src/additional/phoneUK.js","1024","2026-07-10T07:36:31.8203752Z","f3f4eb3f58c8e0da021d41928b03c4edd0dc0ac29f55ffe2f0e81c94bbdb6624"
"tracked","SpeechMessageProducts.ChurchReport/wwwroot/lib/jquery-validation/src/additional/phoneUS.js","739","2026-07-10T07:36:31.8203752Z","a3732cced24bf2b3213ef5f8b76296a1726bf5d95e5d50116ba7da5e201a1475"
"tracked","SpeechMessageProducts.ChurchReport/wwwroot/lib/jquery-validation/src/additional/postalcodeBR.js","297","2026-07-10T07:36:31.8213798Z","190c5c148bb5a77352e7e07c81cece20b2cd9b9d2a05eef7be7aca5f028af6ef"
"tracked","SpeechMessageProducts.ChurchReport/wwwroot/lib/jquery-validation/src/additional/postalCodeCA.js","550","2026-07-10T07:36:31.8203752Z","04df11df1589ad07e91444740d649c4378b5dc2553093e448b3abb773ef34e6d"
"tracked","SpeechMessageProducts.ChurchReport/wwwroot/lib/jquery-validation/src/additional/postalcodeIT.js","205","2026-07-10T07:36:31.8213798Z","39e9d42ec8d83319a9bcc8bba6a357d68cb560e6ff6b3d187ab7aa015794021d"
"tracked","SpeechMessageProducts.ChurchReport/wwwroot/lib/jquery-validation/src/additional/postalcodeNL.js","189","2026-07-10T07:36:31.8213798Z","92afea266b92c3acf65fde61fa195cb636593577006f3d4ff0b63fb26c5c5eac"
"tracked","SpeechMessageProducts.ChurchReport/wwwroot/lib/jquery-validation/src/additional/postcodeUK.js","490","2026-07-10T07:36:31.8213798Z","58f6e1e43ff763deb999733f3665d1629861c1b5a3b199002fd9ac8fbeda4a95"
"tracked","SpeechMessageProducts.ChurchReport/wwwroot/lib/jquery-validation/src/additional/require_from_group.js","1448","2026-07-10T07:36:31.8223790Z","531f442d4d86aac12cae7cbc2020ef15f6e77946e52e4b00f4cf8238f4545af3"
"tracked","SpeechMessageProducts.ChurchReport/wwwroot/lib/jquery-validation/src/additional/skip_or_fill_minimum.js","1710","2026-07-10T07:36:31.8223790Z","3c167d3bb72ba903c9ca9761aca6a6ad4c1dbb2cb6948ebaad0f9dc69f749665"
"tracked","SpeechMessageProducts.ChurchReport/wwwroot/lib/jquery-validation/src/additional/statesUS.js","2403","2026-07-10T07:36:31.8228990Z","0bfb272895bef87acab16f2bb6292253766c3e24ac4ab56961ca956a8589013d"
"tracked","SpeechMessageProducts.ChurchReport/wwwroot/lib/jquery-validation/src/additional/strippedminlength.js","263","2026-07-10T07:36:31.8228990Z","528d473720be15bfba9b86367aad6c0081358c33b584b41f3090ed43a3119929"
"tracked","SpeechMessageProducts.ChurchReport/wwwroot/lib/jquery-validation/src/additional/time.js","206","2026-07-10T07:36:31.8228990Z","2aa34ebaa2ad5d2e7b9f7bc2e98c45acadd9aa847afdf86d4041a65d437d06ed"
"tracked","SpeechMessageProducts.ChurchReport/wwwroot/lib/jquery-validation/src/additional/time12h.js","216","2026-07-10T07:36:31.8228990Z","b38784aaf404e10141918142ab426ceff3ba261ea5157dab5e96d3fc61eaf7eb"
"tracked","SpeechMessageProducts.ChurchReport/wwwroot/lib/jquery-validation/src/additional/url2.js","1363","2026-07-10T07:36:31.8239557Z","5f72d625cde8c76672e779a4f4c98bfa8c4ae61673ea93628a3e118efbe289c0"
"tracked","SpeechMessageProducts.ChurchReport/wwwroot/lib/jquery-validation/src/additional/vinUS.js","1378","2026-07-10T07:36:31.8239557Z","c336ea377367a84dba6e8733d71096a4d538d871827dfd64d7c0a1d9d2c3da0c"
"tracked","SpeechMessageProducts.ChurchReport/wwwroot/lib/jquery-validation/src/additional/zipcodeUS.js","175","2026-07-10T07:36:31.8239557Z","53e14d7d133bd41e7dcff6283cc034e44060879331837734d6174c4c401dcf08"
"tracked","SpeechMessageProducts.ChurchReport/wwwroot/lib/jquery-validation/src/additional/ziprange.js","203","2026-07-10T07:36:31.8250308Z","ae35692e8b0d5bd7efc3edff5f1319495bd028f98832df7f3f0fe7c678f42e63"
"tracked","SpeechMessageProducts.ChurchReport/wwwroot/lib/jquery-validation/src/ajax.js","1010","2026-07-10T07:36:31.8250308Z","2b57a7727947947442c3af0dc69879a0776e41ba863bc336548ce97f0d7019b6"
"tracked","SpeechMessageProducts.ChurchReport/wwwroot/lib/jquery-validation/src/core.js","42677","2026-07-10T07:36:31.8250308Z","39df6d3818ac6ec7350ada5df7ea90f0df703265057fcff3044e5d693fd33a5d"
"tracked","SpeechMessageProducts.ChurchReport/wwwroot/lib/jquery-validation/src/localization/messages_ar.js","1399","2026-07-10T07:36:31.8260304Z","c207405a35d84c41be252bdcb200164ca4929641e6ad17cf3ff0fe4fc648cb11"
"tracked","SpeechMessageProducts.ChurchReport/wwwroot/lib/jquery-validation/src/localization/messages_bg.js","1643","2026-07-10T07:36:31.8260304Z","b615541c4d095811a93d92ccf2b5a739fee3d9d9db8f73cd5e40b66c02a621f3"
"tracked","SpeechMessageProducts.ChurchReport/wwwroot/lib/jquery-validation/src/localization/messages_bn_BD.js","1993","2026-07-10T07:36:31.8260304Z","ec1917035e81b275bf85d31036ddef9d3d10ba238a47caf6af7223a97b232e84"
"tracked","SpeechMessageProducts.ChurchReport/wwwroot/lib/jquery-validation/src/localization/messages_ca.js","1246","2026-07-10T07:36:31.8260304Z","f73de2078e6e545278ca43dc0a8c2373e3d8e7d2f5bf10c4a56d2448bcea66c4"
"tracked","SpeechMessageProducts.ChurchReport/wwwroot/lib/jquery-validation/src/localization/messages_cs.js","1149","2026-07-10T07:36:31.8270301Z","f9db2837117e691a14a15d184c4c2dbbf5f5a4d843c72fe499c69bc4e57e3fa3"
"tracked","SpeechMessageProducts.ChurchReport/wwwroot/lib/jquery-validation/src/localization/messages_da.js","854","2026-07-10T07:36:31.8270301Z","b2cf857e65ef1c30ab3e89d101d73141dfd7f4831bccaacb9a6bc4896179a4a4"
"tracked","SpeechMessageProducts.ChurchReport/wwwroot/lib/jquery-validation/src/localization/messages_de.js","1082","2026-07-10T07:36:31.8270301Z","ce6b400f859ca1331852c2522792d59ce7b62aa4bac18554eede3df426251105"
"tracked","SpeechMessageProducts.ChurchReport/wwwroot/lib/jquery-validation/src/localization/messages_el.js","1883","2026-07-10T07:36:31.8270301Z","60d044e0757c6cf419a89f1a5c231d7f8439b2b8eed30c719c370b1d31125225"
"tracked","SpeechMessageProducts.ChurchReport/wwwroot/lib/jquery-validation/src/localization/messages_es.js","1387","2026-07-10T07:36:31.8280319Z","0f5eb530d11a42ed21b45d79a51738ff1b3cc0eea7202fec58bb6b9b8e2032a0"
"tracked","SpeechMessageProducts.ChurchReport/wwwroot/lib/jquery-validation/src/localization/messages_es_AR.js","1439","2026-07-10T07:36:31.8280319Z","be37f5f1d4475dbcdef008f4ce701b7b464f82364ac84c93a07557a465ebd416"
"tracked","SpeechMessageProducts.ChurchReport/wwwroot/lib/jquery-validation/src/localization/messages_es_PE.js","1405","2026-07-10T07:36:31.8280319Z","266cd25ee393e5347728b07ed03b8a845439fd287e58467ec80cc39dec6259d0"
"tracked","SpeechMessageProducts.ChurchReport/wwwroot/lib/jquery-validation/src/localization/messages_et.js","1157","2026-07-10T07:36:31.8280319Z","3edf7ce5db31f52a723450ea6737d523f42b0bdf80c46b094183dadf06fadee7"
"tracked","SpeechMessageProducts.ChurchReport/wwwroot/lib/jquery-validation/src/localization/messages_eu.js","1217","2026-07-10T07:36:31.8290310Z","8629934415d7ae467f4ad2aafe38ed0b1c30b922d9c8637bbdcd79ebaf82a314"
"tracked","SpeechMessageProducts.ChurchReport/wwwroot/lib/jquery-validation/src/localization/messages_fa.js","1670","2026-07-10T07:36:31.8290310Z","28f39eb0d454ae1109c073874f3fbfe9f703aa05efae13c8cf297892ffeb103e"
"tracked","SpeechMessageProducts.ChurchReport/wwwroot/lib/jquery-validation/src/localization/messages_fi.js","1268","2026-07-10T07:36:31.8290310Z","e0daa3e952afd3d2d1dcbc6662b7bad3914c81a25d0f320d7ed3f3d33ae0d269"
"tracked","SpeechMessageProducts.ChurchReport/wwwroot/lib/jquery-validation/src/localization/messages_fr.js","3023","2026-07-10T07:36:31.8300301Z","805c4f1a38614f08c369f5bd270591dbeb785bf3a0878c24662f380f0706ae10"
"tracked","SpeechMessageProducts.ChurchReport/wwwroot/lib/jquery-validation/src/localization/messages_ge.js","2032","2026-07-10T07:36:31.8300301Z","7ece6fd6df381fdc6c9da6c695be9c548bd4e4acf03b7c8b0192eee6cecacf4a"
"tracked","SpeechMessageProducts.ChurchReport/wwwroot/lib/jquery-validation/src/localization/messages_gl.js","1436","2026-07-10T07:36:31.8300301Z","a5d896ed0eb86ce0811cc77a57593cfa5823c90ae076fe2d1385d62b7b2bec84"
"tracked","SpeechMessageProducts.ChurchReport/wwwroot/lib/jquery-validation/src/localization/messages_he.js","1218","2026-07-10T07:36:31.8300301Z","98a375249a5481cf1928a22f4d58e668ff3cd7ae0bf48cd6fcc8508c50f62ea1"
"tracked","SpeechMessageProducts.ChurchReport/wwwroot/lib/jquery-validation/src/localization/messages_hr.js","1057","2026-07-10T07:36:31.8310645Z","c645e4a2696b348f662e87f45ed475e86f8aa91b3ac52a3521eb5a131daa89c5"
"tracked","SpeechMessageProducts.ChurchReport/wwwroot/lib/jquery-validation/src/localization/messages_hu.js","1033","2026-07-10T07:36:31.8310645Z","f7d6a13df2a96af09b35c6ffe96693e609fa35f3438efd48fb70e48ef60c78a7"
"tracked","SpeechMessageProducts.ChurchReport/wwwroot/lib/jquery-validation/src/localization/messages_hy_AM.js","1472","2026-07-10T07:36:31.8310645Z","261bdbdb4092bf22e8759396888ff829da1a80af8bae673033d3809644d4e84f"
"tracked","SpeechMessageProducts.ChurchReport/wwwroot/lib/jquery-validation/src/localization/messages_id.js","1148","2026-07-10T07:36:31.8320653Z","69b7d331ad3f4290fb6c9e59dd7b4786dae2a02e88c36cea61de4b0e5b267eaf"
"tracked","SpeechMessageProducts.ChurchReport/wwwroot/lib/jquery-validation/src/localization/messages_is.js","977","2026-07-10T07:36:31.8320653Z","1c7b0dbd378687e612d9bd4c9f81694a19de0a3f70f8759e743a4a3339b48c58"
"tracked","SpeechMessageProducts.ChurchReport/wwwroot/lib/jquery-validation/src/localization/messages_it.js","1245","2026-07-10T07:36:31.8320653Z","cf0aaf35915abea39ec1fe1db965a4fb3508ed0d81db4b7fd70e227f900d9b50"
"tracked","SpeechMessageProducts.ChurchReport/wwwroot/lib/jquery-validation/src/localization/messages_ja.js","1386","2026-07-10T07:36:31.8320653Z","cc1abd981378458f1a7aa4535f5bc175b380c3e295013fa68ad5fc1819b77308"
"tracked","SpeechMessageProducts.ChurchReport/wwwroot/lib/jquery-validation/src/localization/messages_ka.js","2354","2026-07-10T07:36:31.8320653Z","e034c5774314763632e6c42679d1ba72ff986c0d6029ec7b8be1f337e6fab3e5"
"tracked","SpeechMessageProducts.ChurchReport/wwwroot/lib/jquery-validation/src/localization/messages_kk.js","1853","2026-07-10T07:36:31.8330641Z","94b1eda9876d544533794b1c6d949407a7d22fdc580f844161d84d56080eeda4"
"tracked","SpeechMessageProducts.ChurchReport/wwwroot/lib/jquery-validation/src/localization/messages_ko.js","1153","2026-07-10T07:36:31.8330641Z","dd0975b71d0670b05fafed3ddeeef1191d64628b581f0bf153b8f2faf1ddeed1"
"tracked","SpeechMessageProducts.ChurchReport/wwwroot/lib/jquery-validation/src/localization/messages_lt.js","1259","2026-07-10T07:36:31.8330641Z","fc05d343e747012d448968be7c5e8bdbbfd582c3435f283d821577566b0392ef"
"tracked","SpeechMessageProducts.ChurchReport/wwwroot/lib/jquery-validation/src/localization/messages_lv.js","1220","2026-07-10T07:36:31.8340636Z","9849cfb465c1d90bb66ebddc8542ca0bdbdff01a2a98c90b0b7ea58ed61b6fed"
"tracked","SpeechMessageProducts.ChurchReport/wwwroot/lib/jquery-validation/src/localization/messages_my.js","1179","2026-07-10T07:36:31.8340636Z","08247122a7cd5e62a7babb59ac1dd8bc9459e4a514473eab3575e07b2aecf4d5"
"tracked","SpeechMessageProducts.ChurchReport/wwwroot/lib/jquery-validation/src/localization/messages_nl.js","1676","2026-07-10T07:36:31.8340636Z","4280955c2cd0b84b8a0f01a311fc6a8a8d449b6021b84a8aa978cf0fdaaf019e"
"tracked","SpeechMessageProducts.ChurchReport/wwwroot/lib/jquery-validation/src/localization/messages_no.js","1000","2026-07-10T07:36:31.8340636Z","f896271b45ce4b5bf67d929d5f22869d4fa331ce4541269ca08fbee9b071bc1a"
"tracked","SpeechMessageProducts.ChurchReport/wwwroot/lib/jquery-validation/src/localization/messages_pl.js","1289","2026-07-10T07:36:31.8350642Z","6125f92be43db8f92cbc36c9efea01ac6dd9741e25e6b306a867f7df9062e958"
"tracked","SpeechMessageProducts.ChurchReport/wwwroot/lib/jquery-validation/src/localization/messages_pt_BR.js","1786","2026-07-10T07:36:31.8350642Z","cf8dfc5b3465b0a7d2fa2efb23c342ad4900ab19eb0fc1bec6ab26cb88dc6a32"
"tracked","SpeechMessageProducts.ChurchReport/wwwroot/lib/jquery-validation/src/localization/messages_pt_PT.js","1589","2026-07-10T07:36:31.8350642Z","8318b2717e2c9a68e9a4272e7f16f2d9de6e66302dc8aec919f2ac5754ba874a"
"tracked","SpeechMessageProducts.ChurchReport/wwwroot/lib/jquery-validation/src/localization/messages_ro.js","1348","2026-07-10T07:36:31.8350642Z","6f2693cb6ec4aa692bdc45dc7940762b689e8685117467c60c6019a16830d106"
"tracked","SpeechMessageProducts.ChurchReport/wwwroot/lib/jquery-validation/src/localization/messages_ru.js","1866","2026-07-10T07:36:31.8360645Z","175c377e6fc6c28de58b3506900bd57a78c900c6dcf68ede1b1b77fd6a545c56"
"tracked","SpeechMessageProducts.ChurchReport/wwwroot/lib/jquery-validation/src/localization/messages_si.js","1137","2026-07-10T07:36:31.8360645Z","acf86da4c86a7ca785d6809412ea40e9443f732ceb00c36b3914e40164d01d0f"
"tracked","SpeechMessageProducts.ChurchReport/wwwroot/lib/jquery-validation/src/localization/messages_sk.js","869","2026-07-10T07:36:31.8360645Z","f437bf40bf132c7730a6c898b7c3a5193060622769559db637b2a255305a6d95"
"tracked","SpeechMessageProducts.ChurchReport/wwwroot/lib/jquery-validation/src/localization/messages_sl.js","1161","2026-07-10T07:36:31.8370640Z","72b3ba76baebec7e69d82716c62ba403718173e0e48386df52f4520841f224a6"
"tracked","SpeechMessageProducts.ChurchReport/wwwroot/lib/jquery-validation/src/localization/messages_sr.js","1446","2026-07-10T07:36:31.8370640Z","6c832fb730864a8d0fa581c385628801ca75309029c61843cd8843cad426f6ed"
"tracked","SpeechMessageProducts.ChurchReport/wwwroot/lib/jquery-validation/src/localization/messages_sr_lat.js","1068","2026-07-10T07:36:31.8370640Z","308002c32203be72cbeeb4ebe19d99e8ff31d95b590a3fc2cced67d4851ce4dc"
"tracked","SpeechMessageProducts.ChurchReport/wwwroot/lib/jquery-validation/src/localization/messages_sv.js","1030","2026-07-10T07:36:31.8370640Z","e8e627fbdf497bc51c0bef8fa2fedb7c2f6329d09e9ce505b4534a7b9e84d8c4"
"tracked","SpeechMessageProducts.ChurchReport/wwwroot/lib/jquery-validation/src/localization/messages_th.js","1912","2026-07-10T07:36:31.8370640Z","55c62f8e2639378c98b14854aba571004ae2aad62deff97d56072ca858aa7d1c"
"tracked","SpeechMessageProducts.ChurchReport/wwwroot/lib/jquery-validation/src/localization/messages_tj.js","1765","2026-07-10T07:36:31.8380635Z","9be3373d7fa735d91f06cf9ce910ed7862424df41b3ef4e29ea81dd0d46624ee"
"tracked","SpeechMessageProducts.ChurchReport/wwwroot/lib/jquery-validation/src/localization/messages_tr.js","1412","2026-07-10T07:36:31.8380635Z","f4b4f152e63789a1d9505ab89152d76d56a9f68d39833ad24daf12a8df6ebc3c"
"tracked","SpeechMessageProducts.ChurchReport/wwwroot/lib/jquery-validation/src/localization/messages_uk.js","1821","2026-07-10T07:36:31.8380635Z","c37beaff64aa3d0d07957a0d2e079b17c806ce37c2041d3b0cc139da27cd7eb0"
"tracked","SpeechMessageProducts.ChurchReport/wwwroot/lib/jquery-validation/src/localization/messages_vi.js","997","2026-07-10T07:36:31.8380635Z","f5e6695f1e6b068a017f3dfb374791adcbfebc86e7d9f59082a1ca81ca691541"
"tracked","SpeechMessageProducts.ChurchReport/wwwroot/lib/jquery-validation/src/localization/messages_zh.js","1039","2026-07-10T07:36:31.8380635Z","8798400312cb09574cb188d519fa597129f94e8f331dcba71fedf5674fd357f0"
"tracked","SpeechMessageProducts.ChurchReport/wwwroot/lib/jquery-validation/src/localization/messages_zh_TW.js","1012","2026-07-10T07:36:31.8390644Z","3427b1d6812f0db6a803f36f253ae08431f3f77d8aabd4a0066f9da6dbe6f923"
"tracked","SpeechMessageProducts.ChurchReport/wwwroot/lib/jquery-validation/src/localization/methods_de.js","377","2026-07-10T07:36:31.8390644Z","edadcffe1c8d7246679d910dfad01dd6b7b0e50848dee439e656431284fb3868"
"tracked","SpeechMessageProducts.ChurchReport/wwwroot/lib/jquery-validation/src/localization/methods_es_CL.js","380","2026-07-10T07:36:31.8390644Z","3cbcb2bd3fc674c605e9d2f1d6594b384c292f722ea6a9b76c283ff6dd3c7451"
"tracked","SpeechMessageProducts.ChurchReport/wwwroot/lib/jquery-validation/src/localization/methods_fi.js","356","2026-07-10T07:36:31.8390644Z","aef3366d43890de378958067b3322c3b950a8268ce6d9acf8dac9f47c2b54b1f"
"tracked","SpeechMessageProducts.ChurchReport/wwwroot/lib/jquery-validation/src/localization/methods_nl.js","255","2026-07-10T07:36:31.8400657Z","ad98c6a9dffa1501fb84d7ac40b812c54bfcf973d547e2e96a7fc1dc8585bcb0"
"tracked","SpeechMessageProducts.ChurchReport/wwwroot/lib/jquery-validation/src/localization/methods_pt.js","246","2026-07-10T07:36:31.8400657Z","4fe2b4a8048db56793b3e471c745c0008046d316e5a5b601cbebca51f1f27f1f"
"tracked","SpeechMessageProducts.ChurchReport/wwwroot/lib/jquery-validation/validation.jquery.json","836","2026-07-10T07:36:31.8400657Z","ecb04278e69c30287606c23d368b585337fb497d2fbe216ee5a170d565e65bdf"
"tracked","SpeechMessageProducts.ChurchReport/wwwroot/lib/jquery-validation-unobtrusive/.bower.json","1166","2026-07-10T07:36:31.8057976Z","c1fb29ad68786bb93b55ca67d356a363c65e6fd8284ac0a897aeec9516900507"
"tracked","SpeechMessageProducts.ChurchReport/wwwroot/lib/jquery-validation-unobtrusive/bower.json","961","2026-07-10T07:36:31.8057976Z","094c2d2bd67a93d339bacad48db5c0edebb361a04e340899da260c8047921088"
"tracked","SpeechMessageProducts.ChurchReport/wwwroot/lib/jquery-validation-unobtrusive/jquery.validate.unobtrusive.js","19033","2026-07-10T07:36:31.8067991Z","291cb5e21f6998f2151c5335f6c10c9223aaccbdf96d7ac966dad1a4e4088624"
"tracked","SpeechMessageProducts.ChurchReport/wwwroot/lib/jquery-validation-unobtrusive/jquery.validate.unobtrusive.min.js","5411","2026-07-10T07:36:31.8067991Z","c024803818ed2e9648b596577dfc5b0debe6ec7aa13030b38544cbcab3ca9e3b"
"tracked","SpeechMessageProducts.ChurchReport/wwwroot/lib/jquery-validation-unobtrusive/LICENSE.txt","587","2026-07-10T07:36:31.8057976Z","68173f9ff9cef5eb2fab47bcd06e7b94460ba27bc4e5d28a520a28cda8957cb3"
"tracked","SpeechMessageProducts.ChurchReport/wwwroot/test-api.html","1455","2026-07-10T07:36:31.8775586Z","40c57debdb71d1879de9387cde034fcc201faca758f6302083c820c68b39f558"
"tracked","SpeechMessageProducts.ChurchReport/文件/Claude工具架構與使用教學手冊/Claude工具架構與使用教學手冊.docx","30902","2026-07-10T07:36:31.8785579Z","b7c6cbb067ff21baeceef0f4b004cab82d1060e6a0df6cd2ee1b328c9be255b3"
"tracked","SpeechMessageProducts.ChurchReport/文件/Git_Worktree_教學手冊/Git_Worktree_教學手冊.docx","42388","2026-07-10T07:36:31.8785579Z","f9ac3074ae74f8e5d5d3b53e2e38384316d0396465002d3a9f6049140681cc2b"
"tracked","SpeechMessageProducts.ChurchReport/文件/Line Mini App/BasicSetting-001.png","150363","2026-07-10T07:36:31.8800678Z","f8c04ed21361bdaf50c5d3c147293248b515d8e5a8cf4c84ec02694c27e751d5"
"tracked","SpeechMessageProducts.ChurchReport/文件/Line Mini App/BasicSetting-002.png","168955","2026-07-10T07:36:31.8820718Z","f4788ca2aea64629e92702082808f1c17d745ea71920f37f9ec0209226d4a6a1"
"tracked","SpeechMessageProducts.ChurchReport/文件/Line Mini App/Review request.png","124893","2026-07-10T07:36:31.8840784Z","468f3f518397bc03c162079c22915b6bb25a5f1ea7a08229a8f8c90fb8ceecc2"
"tracked","SpeechMessageProducts.ChurchReport/文件/Line Mini App/WebAppSetting-001.png","104581","2026-07-10T07:36:31.8854196Z","e6e052e72df94f22e28f434718151dd1e535a3e76da9a07c6fa3fa3d129e8e36"
"tracked","SpeechMessageProducts.ChurchReport/文件/Line Mini App/好牧人-LINE-Mini-App-Review環境除錯與送審教學.md","28336","2026-07-10T07:36:31.8854196Z","fd3d68077f655d7a91b93612a928a2e40be3e85a18da2b9d95a8a0891a09dc7c"
"tracked","SpeechMessageProducts.ChurchReport/文件/Line Mini App/好牧人-LINE-Mini-App-手把手實作教學.md","38432","2026-07-10T07:36:31.8865775Z","5e4d3ab8b05146df8dabffb6a0a3ef481d1029c758a012ff982e878f581cc5ec"
"tracked","SpeechMessageProducts.ChurchReport/文件/Line Mini App/好牧人-LINE-Mini-App-完整佈署安裝教學.md","62001","2026-07-10T07:36:31.8854196Z","955f2787f203e92201bceb6aeafa9eeb55bbd3bafead6ba01e37473f5478f65e"
"tracked","SpeechMessageProducts.ChurchReport/文件/Line Mini App/好牧人-LINE-Mini-App-通過Review手把手教學.md","31550","2026-07-10T07:36:31.8875761Z","a192bade88fecc741537d7a116d451d5be2be8221cb230c1e7d564dd20a38416"
"tracked","SpeechMessageProducts.ChurchReport/文件/Line Mini App/好牧人-LINE-Mini-App-導入佈署步驟.md","71301","2026-07-10T07:36:31.8865775Z","0a29e1554591e69ae5908645e7d80c6658701e2f2f5c148480b66ba331a581cf"
"tracked","SpeechMessageProducts.ChurchReport/文件/Line Mini App/尚未綁定.png","1911269","2026-07-10T07:36:31.8977910Z","687f9b62ddfb9d9c42deb3fdfab77155b4b5a1e19cbbda55289101705daf29cd"
"tracked","SpeechMessageProducts.ChurchReport/文件/Line Mini App/預備文件.md","79345","2026-07-10T07:36:31.8987898Z","eb0792a9da8cfa3ea2c3bb252e4cb935292078cb89c9a81122b9ce7b200683bb"
"tracked","SpeechMessageProducts.ChurchReport/文件/Mermaid 檔案/payment-flow-call-index.md","7581","2026-07-10T07:36:31.9002979Z","c58c17a8e76bfcccf6cadc2241552b339158d6751b6769b2d42ae391a7c1a11e"
"tracked","SpeechMessageProducts.ChurchReport/文件/Mermaid 檔案/payment-flow-clear.png","169026","2026-07-10T07:36:31.9089189Z","dea9505727b1bd60203888527530ac393855a1cd973e581740a1a0ce843412a8"
"tracked","SpeechMessageProducts.ChurchReport/文件/Mermaid 檔案/payment-flow-clear-v2.png","202821","2026-07-10T07:36:31.9013042Z","64b68442c8dff774a686096fb261e903a8466417f5bfc60546b94b0cd74c25a0"
"tracked","SpeechMessageProducts.ChurchReport/文件/Mermaid 檔案/payment-flow-clear-v3.png","215608","2026-07-10T07:36:31.9029130Z","003d7d22521b8cb07fcbd3e70b2a21288fab30bd5864bed18ad477c8710c6c1e"
"tracked","SpeechMessageProducts.ChurchReport/文件/Mermaid 檔案/payment-flow-clear-v4.mmd","2838","2026-07-10T07:36:31.9029130Z","84ec741e41339341d24942cee5fbc941b3c6438e3193e7cac14b25610265ae16"
"tracked","SpeechMessageProducts.ChurchReport/文件/Mermaid 檔案/payment-flow-clear-v4.png","302950","2026-07-10T07:36:31.9049129Z","bba0a022caded1cd0c6aba8047a33ba6832c127db0edc238f50f6118861b7068"
"tracked","SpeechMessageProducts.ChurchReport/文件/Mermaid 檔案/payment-flow-clear-v5.png","306109","2026-07-10T07:36:31.9059187Z","da34603371e2db6326ad2e3243e4bd487dd88e4327bb7983dd46f48bd67d4222"
"tracked","SpeechMessageProducts.ChurchReport/文件/Mermaid 檔案/payment-flow-clear-v6.png","305407","2026-07-10T07:36:31.9069122Z","45ee73f667a38ce33e9ac1fd62c6f889c0c3edf4299d17c6a6cfe99d0c0fd73e"
"tracked","SpeechMessageProducts.ChurchReport/文件/Mermaid 檔案/payment-flow-complete-v15-learning.mmd","5168","2026-07-10T07:36:31.9089189Z","1e9bdca753acce9b356b6fb5592567a85affa51db861a7624b2c59c8f4786be4"
"tracked","SpeechMessageProducts.ChurchReport/文件/Mermaid 檔案/payment-flow-complete-v15-learning.png","393917","2026-07-10T07:36:31.9114273Z","90217acc18388f79f0fc0e1c0d82acc1026dba9dd2a169e86f8e6a4c3e3a0744"
"tracked","SpeechMessageProducts.ChurchReport/文件/Mermaid 檔案/payment-flow-complete-v16-learning.mmd","5168","2026-07-10T07:36:31.9124341Z","1e9bdca753acce9b356b6fb5592567a85affa51db861a7624b2c59c8f4786be4"
"tracked","SpeechMessageProducts.ChurchReport/文件/Mermaid 檔案/payment-flow-complete-v17-learning.mmd","5168","2026-07-10T07:36:31.9124341Z","1e9bdca753acce9b356b6fb5592567a85affa51db861a7624b2c59c8f4786be4"
"tracked","SpeechMessageProducts.ChurchReport/文件/Mermaid 檔案/payment-flow-complete-v17-learning.png","418203","2026-07-10T07:36:31.9144269Z","30507d71a4c40683e01b7a297cdfab819761ce0ae7250f056e63096868a1a359"
"tracked","SpeechMessageProducts.ChurchReport/文件/Mermaid 檔案/payment-flow-complete-v7.mmd","3065","2026-07-10T07:36:31.9156725Z","a1db961376b1404d94667e1fa68aa0d91feacd41e296d54335793b89dbff53d8"
"tracked","SpeechMessageProducts.ChurchReport/文件/Mermaid 檔案/payment-flow-complete-v7.png","267230","2026-07-10T07:36:31.9166717Z","7efbdc9fd40c82364a353f6ff38e01c27789e7bb0e22578f58323605b5314cf3"
"tracked","SpeechMessageProducts.ChurchReport/文件/Mermaid 檔案/payment-flow-complete-v8.mmd","3201","2026-07-10T07:36:31.9176777Z","40144b8cf8e5ac05a3c601f71a57e43ed1acea6cc8222e462df9db071f7adcc6"
"tracked","SpeechMessageProducts.ChurchReport/文件/Mermaid 檔案/payment-flow-complete-v8.png","333488","2026-07-10T07:36:31.9186775Z","a08a2446259c3248add73a47746d3d1605c30fcfc3cdd3b384186a7c581e7814"
"tracked","SpeechMessageProducts.ChurchReport/文件/Mermaid 檔案/payment-flow-complete-v9.mmd","3251","2026-07-10T07:36:31.9201875Z","8ac3b68669fdffdb2c742bebfb233709067450dcce5da1ef215506a05c0aa50f"
"tracked","SpeechMessageProducts.ChurchReport/文件/Mermaid 檔案/payment-flow-complete-v9.png","343343","2026-07-10T07:36:31.9227940Z","9dcff021a73a93de2d3fbbefa309c6814fa632e27a4d627e87c5e3cec1249ed1"
"tracked","SpeechMessageProducts.ChurchReport/文件/Mermaid 檔案/payment-flow-deep-v10-end-to-end.mmd","3848","2026-07-10T07:36:31.9227940Z","e05ed80f09d9d1d860ea596a2a166d5ab3e7e2fdd305ba8632bad7d45f2cffb9"
"tracked","SpeechMessageProducts.ChurchReport/文件/Mermaid 檔案/payment-flow-deep-v10-end-to-end.png","212018","2026-07-10T07:36:31.9240132Z","c922fdaf08ee2a80e1d635b659bb4a787d00d2c3efb154b608fac521e9bb6707"
"tracked","SpeechMessageProducts.ChurchReport/文件/Mermaid 檔案/payment-flow-deep-v11-create-payment.mmd","4002","2026-07-10T07:36:31.9250660Z","15424ff5eb48ca3b006e04f1f06f3ac5c4016af8845f21b8f945f932f3618cca"
"tracked","SpeechMessageProducts.ChurchReport/文件/Mermaid 檔案/payment-flow-deep-v11-create-payment.png","193299","2026-07-10T07:36:31.9261666Z","f74b8fa58ca4748ae4e34ae77340d9e17898d93cf23a59d9b16ccc72cae5207b"
"tracked","SpeechMessageProducts.ChurchReport/文件/Mermaid 檔案/payment-flow-deep-v12-provider-core.mmd","3448","2026-07-10T07:36:31.9261666Z","8be6839be3f90870705e0330159bffc0ad7118789b6f2f31ea0aab9b40eb5eec"
"tracked","SpeechMessageProducts.ChurchReport/文件/Mermaid 檔案/payment-flow-deep-v12-provider-core.png","183697","2026-07-10T07:36:31.9271675Z","a6d10a323d38c8634af7c29ff088b1ec1265238414b36ca5af9824fad7a39d4d"
"tracked","SpeechMessageProducts.ChurchReport/文件/Mermaid 檔案/payment-flow-deep-v13-callback-return.mmd","3283","2026-07-10T07:36:31.9281678Z","26b5191b2702dd2a8a9222687b2cfa5616db586c610822a8c3650fe9faff70bd"
"tracked","SpeechMessageProducts.ChurchReport/文件/Mermaid 檔案/payment-flow-deep-v13-callback-return.png","155513","2026-07-10T07:36:31.9291664Z","fc11fb1f3e7147ac18c49cd8a383db8e71531df91c840d0eb177ea5666091d59"
"tracked","SpeechMessageProducts.ChurchReport/文件/Mermaid 檔案/payment-flow-deep-v14-post-payment.mmd","3609","2026-07-10T07:36:31.9291664Z","5b92fdc5a079b3b08626efd53e588fd31234d37d3e61bf0b4d8ef132771fad9d"
"tracked","SpeechMessageProducts.ChurchReport/文件/Mermaid 檔案/payment-flow-deep-v14-post-payment.png","182767","2026-07-10T07:36:31.9306776Z","a2c8237fb4c09d445749e58f5a366ce019e3614fc6c6e39be7b3dabe5ef7862d"
"tracked","SpeechMessageProducts.ChurchReport/文件/Mermaid 檔案/render-payment-flow-deep-common.ps1","13541","2026-07-10T07:36:31.9306776Z","df7e32ef98d1a135ee6b21fa1860a0bc94bd037aed6e217ecc93787104868aa7"
"tracked","SpeechMessageProducts.ChurchReport/文件/Mermaid 檔案/render-payment-flow-deep-v10.ps1","221","2026-07-10T07:36:31.9316803Z","4e0d7af4d0b259b5b56c154576a705ab75710f68c3697f84b7806053bad24982"
"tracked","SpeechMessageProducts.ChurchReport/文件/Mermaid 檔案/render-payment-flow-deep-v11.ps1","230","2026-07-10T07:36:31.9316803Z","63b14724ac2a1cf487c9c3e7b84365937961d161539f91ac3e45b996d7ce78c8"
"tracked","SpeechMessageProducts.ChurchReport/文件/Mermaid 檔案/render-payment-flow-deep-v12.ps1","227","2026-07-10T07:36:31.9316803Z","47e4ca01d1f8fff357f7a7405fce8cb76b5f60de9ff5bb4ea9c80e53a650f2a7"
"tracked","SpeechMessageProducts.ChurchReport/文件/Mermaid 檔案/render-payment-flow-deep-v13.ps1","237","2026-07-10T07:36:31.9316803Z","06124da10aca2e6ec2759a48277b6030bbd0ad8c3ab75b693a596742c99289e1"
"tracked","SpeechMessageProducts.ChurchReport/文件/Mermaid 檔案/render-payment-flow-deep-v14.ps1","227","2026-07-10T07:36:31.9326845Z","7737a1bd64daa8a3e89dbda406c9a0d5cac72bf62f041ff0667f65c89fd3c873"
"tracked","SpeechMessageProducts.ChurchReport/文件/Mermaid 檔案/render-payment-flow-v15.ps1","15280","2026-07-10T07:36:31.9326845Z","7c7e3a6a6a313ffcf1c99f69abf677b8cc81e71c6610d5505625654bfcc94f9a"
"tracked","SpeechMessageProducts.ChurchReport/文件/Mermaid 檔案/render-payment-flow-v16.ps1","15280","2026-07-10T07:36:31.9326845Z","7c7e3a6a6a313ffcf1c99f69abf677b8cc81e71c6610d5505625654bfcc94f9a"
"tracked","SpeechMessageProducts.ChurchReport/文件/Mermaid 檔案/render-payment-flow-v17.ps1","15627","2026-07-10T07:36:31.9326845Z","adabe0c070b5c9bfe415c2382b1f96be349e021c52014257288c235c67018fc9"
"tracked","SpeechMessageProducts.ChurchReport/文件/Mermaid 檔案/render-payment-flow-v4.ps1","16068","2026-07-10T07:36:31.9336838Z","bb39844614f53671ccb82f9c44154835adc481c31f39f0ea0b32a1ada18b7e72"
"tracked","SpeechMessageProducts.ChurchReport/文件/Mermaid 檔案/render-payment-flow-v5.ps1","16272","2026-07-10T07:36:31.9336838Z","45ed9ca66f7f710df5703034ff202d14839601c46c7bd3ab4dccbb02b52a3dd7"
"tracked","SpeechMessageProducts.ChurchReport/文件/Mermaid 檔案/render-payment-flow-v6.ps1","15944","2026-07-10T07:36:31.9336838Z","89f064044c2cae82d46ce09d07da0bce5f7126c0f1fceb53e9b66c6934a1307f"
"tracked","SpeechMessageProducts.ChurchReport/文件/Mermaid 檔案/render-payment-flow-v7.ps1","18938","2026-07-10T07:36:31.9346834Z","1736b6679a2ddad8880a1fa485a205087e5e231ffb903f76dda6979d81b4f5f8"
"tracked","SpeechMessageProducts.ChurchReport/文件/Mermaid 檔案/render-payment-flow-v8.ps1","17649","2026-07-10T07:36:31.9346834Z","d603fd47583f596b160346c61e05b1d23cb9658c8511e06670cf979a033dddda"
"tracked","SpeechMessageProducts.ChurchReport/文件/Mermaid 檔案/render-payment-flow-v9.ps1","17646","2026-07-10T07:36:31.9346834Z","2055f84483aca37ed9862e2854489a0e0c4aee4cd3947d6b96c5068b49681593"
"tracked","SpeechMessageProducts.ChurchReport/文件/Mermaid 檔案/usecase.md","1608","2026-07-10T07:36:31.9356850Z","741cda13603cf47e6f7c0378442b401d2a90f9a046ed15ecfc10c198dbb3859f"
"tracked","SpeechMessageProducts.ChurchReport/文件/Mermaid 檔案/usecase.mmd","1608","2026-07-10T07:36:31.9356850Z","741cda13603cf47e6f7c0378442b401d2a90f9a046ed15ecfc10c198dbb3859f"
"tracked","SpeechMessageProducts.ChurchReport/文件/Mermaid 檔案/完整金流呼叫流程.mmd","5084","2026-07-10T07:36:31.9356850Z","de294ec9d7fc388532c5709b66d7317c04dbc8e7bd19e230846a081e463b4ff6"
"tracked","SpeechMessageProducts.ChurchReport/文件/Mermaid 檔案/完整金流呼叫流程.png","412278","2026-07-10T07:36:31.9386840Z","61c0f5f05abdaeae4e22f3d82ff251997f451c5fe4766c5c6b6f98298326c86d"
"tracked","SpeechMessageProducts.ChurchReport/文件/Mermaid 檔案/完整金流呼叫流程_新版清晰版.md","5091","2026-07-10T07:36:31.9386840Z","c9daf3c6741f3766bfdd405f3a94311fa77ac817af5773108e933228afcea472"
"tracked","SpeechMessageProducts.ChurchReport/文件/Mermaid 檔案/完整金流呼叫流程_新版清晰版.mmd","5091","2026-07-10T07:36:31.9386840Z","c9daf3c6741f3766bfdd405f3a94311fa77ac817af5773108e933228afcea472"
"tracked","SpeechMessageProducts.ChurchReport/文件/Mermaid 檔案/完整金流呼叫流程_新版清晰版_png_繪製腳本.ps1","16512","2026-07-10T07:36:31.9401881Z","df91861553693fb9d79f9cc79fe236cd3558152b9ae52978efee47a7c52c7d66"
"tracked","SpeechMessageProducts.ChurchReport/文件/PromptTemplates/Theme切換工作項目.md","3719","2026-07-10T07:36:31.9401881Z","136ca695ef68acb2c2686b58b54286fff2d44e26762d12f55e8c6c9fe1d5e2e6"
"tracked","SpeechMessageProducts.ChurchReport/文件/PromptTemplates/Theme切換提示詞.md","5255","2026-07-10T07:36:31.9401881Z","bbde6dcaa8cbcdcd8d260a2646d92238e5d002e75a0cfe26b0981baff7024681"
"tracked","SpeechMessageProducts.ChurchReport/文件/PromptTemplates/你可以這樣下 Plan Review Prompt.txt","9641","2026-07-10T07:36:31.9411932Z","2dc2b8fa2ab3131d0fbda349c3e2eb78ff5e6f87c55c4d39725adcfe1f0550d8"
"tracked","SpeechMessageProducts.ChurchReport/文件/PromptTemplates/提示詞工程.md","1366","2026-07-10T07:36:31.9411932Z","688c17b6ad42c5add74399cbffe9e51134dbfeb3b2b942fff99c82a955d16a9d"
"tracked","SpeechMessageProducts.ChurchReport/文件/PromptTemplates/提示詞工程互動課程.md","35832","2026-07-10T07:36:31.9411932Z","cee5787b711dc85bd8bb7df201e5710d5bcbe404747d7570d3e782ecdfb0f6bf"
"tracked","SpeechMessageProducts.ChurchReport/文件/PromptTemplates/網頁美化提示詞.md","9277","2026-07-10T07:36:31.9411932Z","768773b79080f9c1d84a58cc31701c88c8d4e2853f43e07a73ebf2ae9938b055"
"tracked","SpeechMessageProducts.ChurchReport/文件/PromptTemplates/網頁美化提示詞.txt","0","2026-07-10T07:36:31.9421924Z","e3b0c44298fc1c149afbf4c8996fb92427ae41e4649b934ca495991b7852b855"
"tracked","SpeechMessageProducts.ChurchReport/文件/Session-Leakage-防護/Session-Leakage-防護實施報告.md","13828","2026-07-10T07:36:31.9421924Z","b5d8714b0747ce3787586689f1809699e1b5289a867328016b684e4abede7239"
"tracked","SpeechMessageProducts.ChurchReport/文件/Session-Leakage-防護/Session-安全快速參考.md","4234","2026-07-10T07:36:31.9421924Z","075262120bb46ec1aaedc62490ddec2186141b2dfc3cf5f9ceddadac754bb9d1"
"tracked","SpeechMessageProducts.ChurchReport/文件/Session-Leakage-防護/Session-安全測試計劃.md","9561","2026-07-10T07:36:31.9431928Z","6ab9e2031e853526e4d6078dfd3c5c56b3e148a1a2bf8012fb8197e933b8d49a"
"tracked","SpeechMessageProducts.ChurchReport/文件/升級Line.Messaging/README.md","1677","2026-07-10T07:36:31.9501925Z","ea48f703e1dbb92db632851b159364f3de22d8b50437258883efdfd04c49e6c3"
"tracked","SpeechMessageProducts.ChurchReport/文件/升級Line.Messaging/升級完成總結.md","11140","2026-07-10T07:36:31.9501925Z","a958483b7a5db9627bd38874d807759258d5cc9042ed9ae0bb9ffff2b6aa3c8e"
"tracked","SpeechMessageProducts.ChurchReport/文件/升級Line.Messaging/升級腳本.ps1","1486","2026-07-10T07:36:31.9512856Z","fa3d772a261333332c0eddf4f0de1ffb57dcf19234ac8c37a53ca2729a62afad"
"tracked","SpeechMessageProducts.ChurchReport/文件/升級Line.Messaging/執行指南.md","6330","2026-07-10T07:36:31.9512856Z","c6267a267e4b36a899cf31065f51bc31cdba36c6bcffcc1facfd5d40ae3a2142"
"tracked","SpeechMessageProducts.ChurchReport/文件/升級LineMessagingProcessor/README.md","2091","2026-07-10T07:36:31.9518545Z","56c91673d95e68c98079fc5e4fec34d2f6e1a70ab2c7a8dfc99738bc1dd9e169"
"tracked","SpeechMessageProducts.ChurchReport/文件/升級LineMessagingProcessor/升級完成總結.md","11371","2026-07-10T07:36:31.9518545Z","b748c42cefaef7dbc579434247403fcfd5436c230681389d026e130298c52700"
"tracked","SpeechMessageProducts.ChurchReport/文件/升級LineMessagingProcessor/升級腳本.ps1","1534","2026-07-10T07:36:31.9518545Z","d15754e63505cdd14a5e2f87539df124cfc19792e5e49b86511f9064b81b9e8b"
"tracked","SpeechMessageProducts.ChurchReport/文件/升級LineMessagingProcessor/執行指南.md","5889","2026-07-10T07:36:31.9518545Z","72af6ceb64562c55b5fb5b57c55e66846bad426f324bff6e832e3cc9ce99e8e1"
"tracked","SpeechMessageProducts.ChurchReport/文件/升級LineMessagingProcessor/實施報告.md","10867","2026-07-10T07:36:31.9518545Z","52249512eaac1fc7439097e2d1567326adf98aedf9c21df4d3a1f098640a9c26"
"tracked","SpeechMessageProducts.ChurchReport/文件/升級ToolUtility/ConnectionRefactoring_Plan.md","1489","2026-07-10T07:36:31.9518545Z","74a2c976f32ed9363d0b55287b234ad5ab4bc27075b2c9b2a44b433a42d84f1c"
"tracked","SpeechMessageProducts.ChurchReport/文件/升級ToolUtility/Controller更新指南-DI模式.md","7982","2026-07-10T07:36:31.9518545Z","dfc0f0c647562ce153da2b41a33291b72193ae0995877d31ec07f8c4865458f0"
"tracked","SpeechMessageProducts.ChurchReport/文件/升級ToolUtility/PR-02_高風險掃描報告.md","10063","2026-07-10T07:36:31.9541183Z","518375812ae41442f0a41f0c0be9e13155439ddda9da2fbd73b98a7367f7657d"
"tracked","SpeechMessageProducts.ChurchReport/文件/升級ToolUtility/PR-03_ICrmClient實作說明.md","5830","2026-07-10T07:36:31.9541183Z","a2cc22affd5d59ddf7d1ab6c63ff561574333a29ff25854d5808de6f45ce2997"
"tracked","SpeechMessageProducts.ChurchReport/文件/升級ToolUtility/PR-03_完成報告.md","7143","2026-07-10T07:36:31.9541183Z","8c8c020695c36e9960e69c3847126a3efd846d4aa2442ec02538dc61b2f3e9b2"
"tracked","SpeechMessageProducts.ChurchReport/文件/升級ToolUtility/PR-03_驗證報告.md","5222","2026-07-10T07:36:31.9551227Z","357283c7acb466522a36788310df456eed0b6f85dfd78cb9b03bd8728b3063f4"
"tracked","SpeechMessageProducts.ChurchReport/文件/升級ToolUtility/PR-04_執行狀態報告.md","9238","2026-07-10T07:36:31.9551227Z","68862d062c161c7c5b45dc72628d411c27bbec223711b6f99461e26178288cbf"
"tracked","SpeechMessageProducts.ChurchReport/文件/升級ToolUtility/PR-04_資源洩漏修正計畫.md","8308","2026-07-10T07:36:31.9551227Z","236a00e68b13251c948694d21702f926f8362e2c8e929deb2ee0a0bb7dc8fb71"
"tracked","SpeechMessageProducts.ChurchReport/文件/升級ToolUtility/PR4_CLASS_REBUILD.md","39249","2026-07-10T07:36:31.9561220Z","a8dc512633f993eb22b588d9cdaf31e77df60d7d8c4b71c61cdb5f9823544302"
"tracked","SpeechMessageProducts.ChurchReport/文件/升級ToolUtility/ToolUtilityClass.cs-原始檔案.md","355037","2026-07-10T07:36:31.9573040Z","ff8d005014b6412f0a1f09c709a18845241595502498c41d7a20163c9e4d2977"
"tracked","SpeechMessageProducts.ChurchReport/文件/升級ToolUtility/ToolUtilityClass重構實現-SingletonFactoryDI.md","6806","2026-07-10T07:36:31.9573040Z","7a279f58b1119a3c798ef82e7a1b27a4543d2ef2cdc3663f5355aa4c59d8b2f5"
"tracked","SpeechMessageProducts.ChurchReport/文件/升級ToolUtility/升級ToolUtility規劃.md","5595","2026-07-10T07:36:31.9573040Z","7b0d6cd32625e9f759d1d77fc20afb427addcbf5881fbae365bc95f6a4072d5f"
"tracked","SpeechMessageProducts.ChurchReport/文件/升級ToolUtility/升級計畫.md","6545","2026-07-10T07:36:31.9583136Z","f50004f2f74109abbaa39de952f1dd9943883fe165bf63e66953abf6a9ecc9b7"
"tracked","SpeechMessageProducts.ChurchReport/文件/升級ToolUtility/批量更新腳本-Factory模式.md","7298","2026-07-10T07:36:31.9583136Z","283a3175f778442a9a70ec6952b928cd16c26f9c3aef7f23e7e8e70fabc5eada"
"tracked","SpeechMessageProducts.ChurchReport/文件/升級ToolUtility/重構ToolUtilityClass.md","5196","2026-07-10T07:36:31.9593040Z","126b4a78ee2c5f2bfb9ad29fa210e8b5d19be8277ee2d3b71e464a30c9e48184"
"tracked","SpeechMessageProducts.ChurchReport/文件/升級ToolUtility/結論規劃.md","5266","2026-07-10T07:36:31.9583136Z","0306599baf8707925e60e10bd442c4b57a295fbe7fe7fba25adb071ee225e427"
"tracked","SpeechMessageProducts.ChurchReport/文件/升級ToolUtility/實現總結-Singleton-Factory-DI.md","8742","2026-07-10T07:36:31.9583136Z","282c621da2a846732922339cd5a89f15e551992e8c9109913189d213c4fe29b3"
"tracked","SpeechMessageProducts.ChurchReport/文件/升級ToolUtility/繼續完成報告-進度更新.md","5476","2026-07-10T07:36:31.9593040Z","e1bac2c1b8298226b1f6daac34e7ee723601b2541176c1047642fd7d5354158a"
"tracked","SpeechMessageProducts.ChurchReport/文件/升級Trace/DEBUG-GUIDE.md","5652","2026-07-10T07:36:31.9593040Z","03306d6a79ac139474409cb4d3fa2e1d2a7b1bd7b55cc617bc7b1b6c813d0590"
"tracked","SpeechMessageProducts.ChurchReport/文件/升級Trace/FINAL-SUMMARY.md","6978","2026-07-10T07:36:31.9593040Z","28465ce3fcf81014cb9c3afccce66a69d0d4a8bbad0477dc9b8e007f8e530c35"
"tracked","SpeechMessageProducts.ChurchReport/文件/升級Trace/QUICK-FIX.ps1","3647","2026-07-10T07:36:31.9603041Z","2a9aa348eda72becbde627cf684c600eac6696db56278f7b90dd1e8569693c99"
"tracked","SpeechMessageProducts.ChurchReport/文件/升級Trace/QUICK-REFERENCE.md","2499","2026-07-10T07:36:31.9603041Z","39693831cd4442c793fd50f89bcfa08cdda854e9789af82a1494ae3af6933383"
"tracked","SpeechMessageProducts.ChurchReport/文件/升級Trace/README.md","6087","2026-07-10T07:36:31.9603041Z","4614a29708fc12fb597df2eed9b27d7fb3f4489391f3118e9c1cb2f74b6e7f22"
"tracked","SpeechMessageProducts.ChurchReport/文件/升級Trace/Trace-升級-Net10-實施報告.md","7984","2026-07-10T07:36:31.9613631Z","9a5503e0de617e6d976f2ddfd322836fd256bf36d8b5825fe662fc64f9ea06fd"
"tracked","SpeechMessageProducts.ChurchReport/文件/升級Trace/UPGRADE-COMPLETED.md","9451","2026-07-10T07:36:31.9613631Z","5f8b14ca1df83d6f8d83c3d5bd7029b6fb5cecbeae0cbd5b12b252725eb2f935"
"tracked","SpeechMessageProducts.ChurchReport/文件/升級Trace/UPGRADE-QUICK-START.md","1877","2026-07-10T07:36:31.9613631Z","c5706dc664e8c7bbb23761f3e183695daf56e27d3c6850b58dc4ef7d4ca72661"
"tracked","SpeechMessageProducts.ChurchReport/文件/升級Trace/Upgrade-Trace-To-Net10.ps1","8068","2026-07-10T07:36:31.9623630Z","f47e5018e275db36a9576bc300bb3864cb2b363a79e6e3009b5cac9a443acf44"
"tracked","SpeechMessageProducts.ChurchReport/文件/升級Trace/升級完成總結.md","5205","2026-07-10T07:36:31.9623630Z","0a9f4a752f754824750369232ac47907c282f19f71da3cb211ae882c9dfb6489"
"tracked","SpeechMessageProducts.ChurchReport/文件/升級Trace/執行指南.md","6168","2026-07-10T07:36:31.9623630Z","16fd5c50706c5fe567e94fcc26a075353784746c64858158f8ebaf6d50fda42d"
"tracked","SpeechMessageProducts.ChurchReport/文件/功能改進/MaintainPersonInfomation-上傳失敗-修復報告.md","6418","2026-07-10T07:36:31.9471927Z","453c578dce0c9bb9b86ac094b7841bf0bf2d49077909aa86e5a14a170e085182"
"tracked","SpeechMessageProducts.ChurchReport/文件/功能改進/MaintainPersonInfomation-無資料-診斷指南.md","3698","2026-07-10T07:36:31.9481934Z","709add49a9f8be130b2affc84527e422a2497a83c059f76d66795da3cc2cc1b4"
"tracked","SpeechMessageProducts.ChurchReport/文件/功能改進/MaintainPersonInfomation-診斷指南.md","7416","2026-07-10T07:36:31.9481934Z","d556eef50ba570a500aa06ea9aeb0588ac1375cd9fe8fd58081d0092865f418e"
"tracked","SpeechMessageProducts.ChurchReport/文件/功能改進/MaintainPersonInfomation-欄位不存在錯誤-修復報告.md","6882","2026-07-10T07:36:31.9471927Z","d2bced10a5a5ef4e6fe7c238983925a79204f68e02f0a84190a2da65e05088b6"
"tracked","SpeechMessageProducts.ChurchReport/文件/功能改進/奉獻稽核-同名連絡人選擇後顯示清單.md","5574","2026-07-10T07:36:31.9481934Z","7aa51449c590325b951bf57639db839ff722823784ab4a7aa5c9efbb4ef0e5e4"
"tracked","SpeechMessageProducts.ChurchReport/文件/功能改進/奉獻稽核-收費單清單顯示調試指南.md","8323","2026-07-10T07:36:31.9481934Z","0c6bb2d649a1003aa395d5f7189755991cd986bba0acd73e36d16f77997ac0c3"
"tracked","SpeechMessageProducts.ChurchReport/文件/功能改進/奉獻稽核-點擊連絡人顯示清單-修復報告.md","8189","2026-07-10T07:36:31.9491925Z","1fdc93c2f62c2489a5ab92649c2cd21401c85ad1618eef2fa68237e5af0121b7"
"tracked","SpeechMessageProducts.ChurchReport/文件/功能說明/LINE_RichMenu_創意與程式調用完整說明.docx","47237","2026-07-10T07:36:31.9491925Z","81cedb6a9fd7429e85c22479bb906b8def1d8992b9b31283171c38d78825e54c"
"tracked","SpeechMessageProducts.ChurchReport/文件/功能說明/個人資訊大頭照上傳功能.md","6704","2026-07-10T07:36:31.9501925Z","0a8c50b142cd3f8e746d599a210ff91f2fd69b745dd57cb2995e048693b3e74a"
"tracked","SpeechMessageProducts.ChurchReport/文件/功能說明/個人資訊大頭照上傳功能-測試指南.md","7531","2026-07-10T07:36:31.9501925Z","2e2176381828a80fdfff5a08b88a45dc606400b89b42758babdc3de65b3d6f87"
"tracked","SpeechMessageProducts.ChurchReport/文件/重構文件/NewPerson_重構指南.md","7122","2026-07-10T07:36:32.2804224Z","a8a6742a12f5f4031cb9c09ef4d96a9ca7f3ba83712e5ef6aac94174ca5b4d8f"
"tracked","SpeechMessageProducts.ChurchReport/文件/重構文件/NewPerson_遷移清單.md","9685","2026-07-10T07:36:32.2789190Z","c953a178e36d8a417a10f7e0a70c2bf9756153731a99b386bf714bd555833300"
"tracked","SpeechMessageProducts.ChurchReport/文件/重構文件/payment-post-processing-architecture.png","56559","2026-07-10T07:36:32.2804224Z","baa2476b1e89958cba125e40fd76ac6fc3b668f8fa12ad2260ee4b9ab8008372"
"tracked","SpeechMessageProducts.ChurchReport/文件/重構文件/payment-post-processing-flow.png","46345","2026-07-10T07:36:32.2814292Z","61e567addd2430a3822f202ffcdcd69a87613f4a42da0342688d40f150e8cd87"
"tracked","SpeechMessageProducts.ChurchReport/文件/重構文件/payment-post-processing-refactor-report.docx","89917","2026-07-10T07:36:32.2824349Z","0ab4bb4b88c624165a87d8c136c8fde92215848def464225aff8e10b8b7818bf"
"tracked","SpeechMessageProducts.ChurchReport/文件/重構文件/payment-post-processing-refactor-report.md","13650","2026-07-10T07:36:32.2824349Z","18103c563f48e10d10e1dc01e83117dddefb9ab37128474feee48ca636471046"
"tracked","SpeechMessageProducts.ChurchReport/文件/重構文件/payment-post-processing-refactor-report-diagrams.json","4181","2026-07-10T07:36:32.2814292Z","9a3b01802fbe5ac69ed68761c6eb28f1a73237ce4fe1e559d29e548569ceab17"
"tracked","SpeechMessageProducts.ChurchReport/文件/重構文件/render-payment-post-processing-report.ps1","23689","2026-07-10T07:36:32.2824349Z","d41f9810f1ebdf8e230c6b2537cb063536adbacff443342c4eb33e6227f3ec68"
"tracked","SpeechMessageProducts.ChurchReport/文件/修正官網奉獻網頁/HomeController-南崁長老教會.md","339254","2026-07-10T07:36:31.9451931Z","a6e917979d26b2c044d28d5cb8743ffb694756b0c24628a376aa5545bc111039"
"tracked","SpeechMessageProducts.ChurchReport/文件/修正官網奉獻網頁/QpayManager-南崁長老教會線上.md","72407","2026-07-10T07:36:31.9451931Z","455a3aa7f1f17b12171d54f022d088ed355c804a7a336b5f775c77b9242bb8a5"
"tracked","SpeechMessageProducts.ChurchReport/文件/修正記錄/HTTP500錯誤修正_QPayReturnUrl.md","5485","2026-07-10T07:36:31.9461928Z","599c1b4ff78a7feac2fa0d1851a04ff824bac43289a63c82d4d78310b64f8ac6"
"tracked","SpeechMessageProducts.ChurchReport/文件/修正記錄/NullReferenceException修復_m_PaymentService未初始化.md","7194","2026-07-10T07:36:31.9461928Z","d8f7af2e91ef7194f6a6ff93c6e7a8c58d05d746895144b8085527411d693fe9"
"tracked","SpeechMessageProducts.ChurchReport/文件/修正記錄/QPayReturnUrl_疑難排解指南.md","4277","2026-07-10T07:36:31.9461928Z","31ed412c3309a4f561c22f40f3a870dcaf9c547806d445daee36f7a259270df4"
"tracked","SpeechMessageProducts.ChurchReport/文件/修正記錄/永豐金流HTTP500完整修復報告.md","14130","2026-07-10T07:36:31.9471927Z","6967fca4123a9d1b394595d3fbfc519a30f77f9efe54f2b9e3dc38bcb97783de"
"tracked","SpeechMessageProducts.ChurchReport/文件/修改說明/課程點名批次上傳功能實作.md","14231","2026-07-10T07:36:31.9441949Z","81d83e8e1fd12d6297429bb91ff1ef5a9b58ab197966a39085a56ae2864508a6"
"tracked","SpeechMessageProducts.ChurchReport/文件/修改說明/課程繳費批次上傳功能實作.md","13534","2026-07-10T07:36:31.9431928Z","0caa51e1efbe754ec746c07b1fa46c03b06ff0901b20836e6800ca82eb388b61"
"tracked","SpeechMessageProducts.ChurchReport/文件/修改說明/課程繳費與點名批次上傳功能-總結.md","13957","2026-07-10T07:36:31.9441949Z","0948ffb7a94816c9d1a2ef967694352db0fe6a7140572af7e64fba542724f04b"
"tracked","SpeechMessageProducts.ChurchReport/文件/效能優化計畫/2026-06-17_全程式效能剖析子系統_設計spec.md","15108","2026-07-10T07:36:31.9633617Z","bc20e1e6678a297a3fa73d3523a3c434b7aa193a5922e001c0f8343a48c407ca"
"tracked","SpeechMessageProducts.ChurchReport/文件/效能優化計畫/2026-06-17_全程式效能剖析子系統_實作計畫.md","41872","2026-07-10T07:36:31.9633617Z","cf0abf0092f3158f59c9a9b54163402fa648166efc4d4445518717fd67ec1bdc"
"tracked","SpeechMessageProducts.ChurchReport/文件/效能優化計畫/2026-06-18_Trace-No-Perf_vs_Trace-Perf_效能瓶頸及改善計畫.md","36351","2026-07-10T07:36:31.9643618Z","8e6ab796c2019b38a2e89ffb7c37c5dcfd454a6dde62c2223fd3fc16075a1a2c"
"tracked","SpeechMessageProducts.ChurchReport/文件/效能優化計畫/2026-06-18_Trace-Perf效能瓶頸改善實做計畫書.md","57803","2026-07-10T07:36:31.9643618Z","224478d876c789e9d9caeea93294687464a0548d2d906b4cb4877544835bcee2"
"tracked","SpeechMessageProducts.ChurchReport/文件/效能優化計畫/2026-06-19_效能剖析子系統_補強實作計畫.md","21755","2026-07-10T07:36:31.9653625Z","871579a29da1acf6803d36a4817e377105531b7cb078ab8f7a943ce2e4b46264"
"tracked","SpeechMessageProducts.ChurchReport/文件/效能優化計畫/2026-06-19_效能剖析子系統_實作稽核報告.md","20459","2026-07-10T07:36:31.9653625Z","65841655f683b907cd20dfb5e8a0decb24d150e3f33889bf3be261fe561d297d"
"tracked","SpeechMessageProducts.ChurchReport/文件/效能優化計畫/EntityOptimizedQueryService使用指南.md","14844","2026-07-10T07:36:31.9653625Z","2235d84872bc9e0e41f9e4e6db0207bc2403abc622fbec541e5a8e0a3709801a"
"tracked","SpeechMessageProducts.ChurchReport/文件/效能優化計畫/Phase3.2-快取優化實作完成報告.md","6802","2026-07-10T07:36:31.9653625Z","80c91c9faf58027a34b7efc6f5e40007e67e0b93b3a809bd9f301736d41ce42d"
"tracked","SpeechMessageProducts.ChurchReport/文件/效能優化計畫/Phase3.3-FetchXML查詢優化報告.md","14451","2026-07-10T07:36:31.9663614Z","5ca4893cbefe4edefd83f18b6255d64df8a8396395af71424f8eb22c03aba9e1"
"tracked","SpeechMessageProducts.ChurchReport/文件/效能優化計畫/README.md","7993","2026-07-10T07:36:31.9663614Z","327b856a06c7bb4f49d6f57a3585bac3f80c5ec13865ca524014aead8d52ac29"
"tracked","SpeechMessageProducts.ChurchReport/文件/效能優化計畫/技術實施指南-記憶體優化.md","25289","2026-07-10T07:36:31.9663614Z","2c17eaf21f95d89af7bace4188bd1eff9364973f1060925cd34fe2785c8ee7b0"
"tracked","SpeechMessageProducts.ChurchReport/文件/效能優化計畫/架構圖.md","28008","2026-07-10T07:36:31.9693623Z","32d93b858c717bea7372c20ed51985d58dd5f93da76c779e0b63b132138c51ff"
"tracked","SpeechMessageProducts.ChurchReport/文件/效能優化計畫/效能優化TODO清單.md","12366","2026-07-10T07:36:31.9673621Z","547ba35463fc7a94ed9476674d08e0ba37856dc6f069d222b974dd5605f6f13e"
"tracked","SpeechMessageProducts.ChurchReport/文件/效能優化計畫/效能優化施行步驟.md","32002","2026-07-10T07:36:31.9683626Z","89916308879945a544ba010268ec141b164703a1453a2139a723fd50d8c60282"
"tracked","SpeechMessageProducts.ChurchReport/文件/效能優化計畫/效能優化計畫-執行摘要.md","10816","2026-07-10T07:36:31.9683626Z","7df4dcbd126ab8bbd5053fac13988047613776268bb09359371eb86e137ec4b9"
"tracked","SpeechMessageProducts.ChurchReport/文件/效能優化計畫/效能優化計畫-深度批判報告.md","35218","2026-07-10T07:36:31.9683626Z","deffe365736e0ffdd4a2c1732b22acc4c6caf25bac46e238cfeb920d83a0bf58"
"tracked","SpeechMessageProducts.ChurchReport/文件/效能優化計畫/設計模式實施指南.md","33384","2026-07-10T07:36:31.9693623Z","4232d73388d8b2da0a2278bd69b568cd4e632a4f10e24f897837cf2f4a8d2670"
"tracked","SpeechMessageProducts.ChurchReport/文件/效能優化計畫/提示詞範例，提升ASP.NET CORE 的效率、速度.md","9432","2026-07-10T07:36:31.9673621Z","c23afcf643e1d0c8d6cb58a12ccc93cb9991c494d18fc6210f08c203e52e61ca"
"tracked","SpeechMessageProducts.ChurchReport/文件/記憶體優化/Check-EventSubscriptions.ps1","10489","2026-07-10T07:36:32.2573384Z","ff1fb3b32bb4b9cec706f0527f1ba0c6ac2f939bd8b3e748eae1686ea64d7d7e"
"tracked","SpeechMessageProducts.ChurchReport/文件/記憶體優化/Check-MemoryLeaks.ps1","13255","2026-07-10T07:36:32.2583386Z","f731013f2e2e10e9544e920cd968ac8b9360ba4ddd10b91a94b35a85b9c39b39"
"tracked","SpeechMessageProducts.ChurchReport/文件/記憶體優化/Event-Subscription-Report-20251127-114619.csv","117128","2026-07-10T07:36:32.2583386Z","6037958129eef29936b092198de33e6875dbfddfe877ea20e7ae7adc503f2828"
"tracked","SpeechMessageProducts.ChurchReport/文件/記憶體優化/Event-Subscription-Report-20251127-114619.txt","103678","2026-07-10T07:36:32.2593394Z","ae8b318e26d88b3bad3a718c1bb049d56427a823ba655d166c583a4263125123"
"tracked","SpeechMessageProducts.ChurchReport/文件/記憶體優化/HomeController-修復完成總結.md","7763","2026-07-10T07:36:32.2593394Z","59c9911142658566694a5bcf0a970de90512d0dfdd0d14d1cec5aea3449a1784"
"tracked","SpeechMessageProducts.ChurchReport/文件/記憶體優化/HomeController-記憶體洩漏修復.md","8705","2026-07-10T07:36:32.2593394Z","bd4f676e322fc92627825e50a3540ecbd72fbf64d7986a622428399bf28d3f53"
"tracked","SpeechMessageProducts.ChurchReport/文件/記憶體優化/HttpClient-修復-快速參考.md","2016","2026-07-10T07:36:32.2602917Z","feb91f81bed6c634cc0c30f1384bf810ddedc5ba9b4781567dac80552c3b8dc3"
"tracked","SpeechMessageProducts.ChurchReport/文件/記憶體優化/HttpClient-修復報告.md","5975","2026-07-10T07:36:32.2602917Z","9ebafb94fe2df2a9b9ce340b076e40b12d6de63fea6b853a1afdcc06b5386ec6"
"tracked","SpeechMessageProducts.ChurchReport/文件/記憶體優化/Monitor-Memory.ps1","12859","2026-07-10T07:36:32.2602917Z","579fae4dff672da58735cdeb63ed5e8fab12a125c216f9be45136adbab18bb6a"
"tracked","SpeechMessageProducts.ChurchReport/文件/記憶體優化/Phase1-HttpClient-完成總結.md","5900","2026-07-10T07:36:32.2615313Z","016ce0b576d62e235479b9787ce05de54dbe2919515f15c389c3758717dd10c2"
"tracked","SpeechMessageProducts.ChurchReport/文件/記憶體優化/Phase2-Event-Timer-檢查報告.md","7801","2026-07-10T07:36:32.2615313Z","893e79dd9f6fff7e9f0108967fd9ddd35deaa3cbcf42c2795952cb4beceb4bb1"
"tracked","SpeechMessageProducts.ChurchReport/文件/記憶體優化/Phase2-快速執行卡.md","1213","2026-07-10T07:36:32.2615313Z","85aa2241216ef22d17e6ffcad12734b6fcfa73bb0893b4c60b7f2d3a425cb4fa"
"tracked","SpeechMessageProducts.ChurchReport/文件/記憶體優化/Phase2-執行指南.md","9925","2026-07-10T07:36:32.2615313Z","ba23657839c3e2cd7fbc4a987bc84a2351a0cc20dafc202949957046ad013596"
"tracked","SpeechMessageProducts.ChurchReport/文件/記憶體優化/Program.cs-TextWriterTraceListener-修復報告.md","15272","2026-07-10T07:36:32.2625369Z","68ec90bd169933073e3d58f8e6e05902235c67d23ad1a9ea32e9d30fe826562c"
"tracked","SpeechMessageProducts.ChurchReport/文件/記憶體優化/README.md","8130","2026-07-10T07:36:32.2625369Z","dd04ec90245050f6522509aa442e0142481f17cd723c6c0b7b2579bf74a9b79b"
"tracked","SpeechMessageProducts.ChurchReport/文件/記憶體優化/生產級零記憶體洩漏-完成總結.md","8095","2026-07-10T07:36:32.2635358Z","7e615112059e0e25af65b735fe948d7cfb1e8126f9eafc1c21e05ba8f77721be"
"tracked","SpeechMessageProducts.ChurchReport/文件/記憶體優化/生產級零記憶體洩漏-完整修復方案.md","25870","2026-07-10T07:36:32.2635358Z","4a7e9bcfd035ed7652f3c4ae1c8aab3a295ade7ecb2134453580046b9cfe9af6"
"tracked","SpeechMessageProducts.ChurchReport/文件/記憶體優化/完成總結.md","12728","2026-07-10T07:36:32.2625369Z","f38e8edf3877e54af84755d2e1f39a17508ec2903fa48e4d6a8715a9b7e15977"
"tracked","SpeechMessageProducts.ChurchReport/文件/記憶體優化/記憶體洩漏完整檢查報告.md","12194","2026-07-10T07:36:32.2645365Z","2aed29042094015237562d1373ba5e75528fc5c21a534c50aafaca34672a982d"
"tracked","SpeechMessageProducts.ChurchReport/文件/記憶體優化/記憶體洩漏審計與修復實施步驟.md","16928","2026-07-10T07:36:32.2645365Z","36eb22693754dbc32820be2174b77ff50b1c53b4042105a2b2fa1574cdb32382"
"tracked","SpeechMessageProducts.ChurchReport/文件/記憶體優化/記憶體洩漏檢查計畫.md","10070","2026-07-10T07:36:32.2645365Z","2658b654bdba181977e650545daf1e0259f1ec1cf5d5955d6254571c3b2fd59e"
"tracked","SpeechMessageProducts.ChurchReport/文件/記憶體優化/階段性成果報告.md","6878","2026-07-10T07:36:32.2655357Z","57d298a530b2c047a459d1a9c760172bd060e568b8f4b1e739b978b3262a6c17"
"tracked","SpeechMessageProducts.ChurchReport/文件/記憶體優化/總體進度追蹤.md","8630","2026-07-10T07:36:32.2635358Z","2087c8cf1b6e237fd02d6542ece6a9475fa9f8c4761d6ea98dad5bd98129356d"
"tracked","SpeechMessageProducts.ChurchReport/文件/提示詞範例/提示詞範例，提升ASP.NET CORE 的效率、速度.md","8282","2026-07-10T07:36:31.9633617Z","2768c8e0dcb9cdd51e6c4b0603a7a43f4f7c7f352fe585c7f1deebabfd1b3a0a"
"tracked","SpeechMessageProducts.ChurchReport/文件/提示詞範例/檔案行數超過 1,000 行.md","596","2026-07-10T07:36:31.9633617Z","8641d13bdbead17af9e962160c313611cf78668eb04ea54a478b1b592b7bebe0"
"tracked","SpeechMessageProducts.ChurchReport/文件/診斷文件/「會話串連」(Session Bleeding)或 「資訊洩露」(Information Leakage).md","16070","2026-07-10T07:36:32.2700407Z","b60bcb18f008193f228dd48d7a4206b03c0f93f2574a9f691f18562f0b0aebcd"
"tracked","SpeechMessageProducts.ChurchReport/文件/診斷文件/2026-01-13_Complete_Session_Bleeding_Implementation.md","14357","2026-07-10T07:36:32.2655357Z","a5f15d1a965873b2f50e9435c27a9aaa283b18342c4747020c34a47d61bb8405"
"tracked","SpeechMessageProducts.ChurchReport/文件/診斷文件/2026-01-13_Final_Audit_Summary.md","7769","2026-07-10T07:36:32.2655357Z","cb2e21919bc360699e73a8ec4eb2f6738a688c29bb0459b1560f61682a94f794"
"tracked","SpeechMessageProducts.ChurchReport/文件/診斷文件/2026-01-13_Git_Branch_Comparison_Report.md","10360","2026-07-10T07:36:32.2655357Z","b3c2642e545f1c99b4e106c79a3d93300338cdc3d5727c9516696450147489f4"
"tracked","SpeechMessageProducts.ChurchReport/文件/診斷文件/2026-01-13_Session_Bleeding_Complete_Implementation_Report.md","14638","2026-07-10T07:36:32.2665368Z","924b4764f383d9a0fbbdd33a6b12081afe3884f387e62ee93442475283149b34"
"tracked","SpeechMessageProducts.ChurchReport/文件/診斷文件/2026-01-13_Session_Bleeding_Deep_Audit_Report.md","15687","2026-07-10T07:36:32.2665368Z","77873c4d46be78ae0f262983d91f96b55d69f5ec0a5d77deff413772c89c78ef"
"tracked","SpeechMessageProducts.ChurchReport/文件/診斷文件/2026-06-17_會友資訊照片加速_Session洩漏稽核報告.md","7370","2026-07-10T07:36:32.2665368Z","94da9776f46372310c1a96c967a9623252d15bcab2685980313235db904fcfdb"
"tracked","SpeechMessageProducts.ChurchReport/文件/診斷文件/2026-06-19_SessionLeak_AB回歸測試清單.md","5624","2026-07-10T07:36:32.2675363Z","e7fd44c57ca5bd1429645223cc41c913b06377ecec089b2f1be4a37ef77b5f54"
"tracked","SpeechMessageProducts.ChurchReport/文件/診斷文件/2026-07-06_系統安全稽核報告_SessionLeakage與授權.md","36080","2026-07-10T07:36:32.2675363Z","550f730f9b18d7a9d90684f0e93275435ddc30819ed37d370b91e869e9f0270d"
"tracked","SpeechMessageProducts.ChurchReport/文件/診斷文件/Session_Bleeding_Fix_TODO.md","17087","2026-07-10T07:36:32.2675363Z","140cc66d7d3a8d8a344a9f6374fe82d6c20ad3c0994e31f2708475641a862792"
"tracked","SpeechMessageProducts.ChurchReport/文件/診斷文件/Session_Bleeding_Implementation_Checklist.md","6222","2026-07-10T07:36:32.2685359Z","a550530a0660cc63460c48fed75bee1678559cf9035242bd11fad7cc22c0d275"
"tracked","SpeechMessageProducts.ChurchReport/文件/診斷文件/Session_Bleeding_Master_Summary.md","14441","2026-07-10T07:36:32.2685359Z","c445409519315c772062856712ecc5860e75089642c08356fe82a028daae3495"
"tracked","SpeechMessageProducts.ChurchReport/文件/診斷文件/Session_Bleeding_Prevention_Checklist.md","4146","2026-07-10T07:36:32.2685359Z","b687d83ea49bb02f80a21df44c27e6a10524a68e3c766b9ba1745d272183408e"
"tracked","SpeechMessageProducts.ChurchReport/文件/診斷文件/Session_Bleeding_Quick_Start.md","9175","2026-07-10T07:36:32.2685359Z","b6e1107f11728b9be43abe7cd4cd8dc4e70dd4b1afc45271d27fe914c5394551"
"tracked","SpeechMessageProducts.ChurchReport/文件/診斷文件/Session_Bleeding_Visual_Guide.md","23072","2026-07-10T07:36:32.2685359Z","2a5852a28d79eb2f029c185d401b3ec9ac87226d15169b0cb2b396c19222b10c"
"tracked","SpeechMessageProducts.ChurchReport/文件/照片相關/DisplayPhoto.html","1862","2026-07-10T07:36:32.2561598Z","8bac3835392e8ff51686c519479137672f5b66b9e0e434e7b95010448e15eb39"
"tracked","SpeechMessageProducts.ChurchReport/文件/照片相關/好牧人-LINE大頭貼同步與顯示修復報告.md","11030","2026-07-10T07:36:32.2573384Z","785e41bc3de46a9e11b8e5b210f5da8f4c66530480522fd68995434088575ad7"
"tracked","SpeechMessageProducts.ChurchReport/文件/照片相關/會友細節頁-捲動與照片修復報告.md","7869","2026-07-10T07:36:32.2573384Z","9a1ae520c2388ca52ac4adbdfcbbcdf4599626518b102b662d867c80cdf2c056"
"tracked","SpeechMessageProducts.ChurchReport/文件/歷程記錄/【台新銀行-金流服務申請單】財團法人中華基督教行道會聖谷教會_一般交易測試資訊.md","4130","2026-07-10T07:36:32.0021681Z","905727e81791e9c6a97e1057aa46c60abbde953f8eb82a83a44f33175e821151"
"tracked","SpeechMessageProducts.ChurchReport/文件/歷程記錄/404診斷報告-當前.md","5136","2026-07-10T07:36:31.9693623Z","bf25830e2f7d2a876985b26db77411f1add74d7c3a276ff03b6d5bbe2b4e19f6"
"tracked","SpeechMessageProducts.ChurchReport/文件/歷程記錄/404錯誤修復報告.md","7197","2026-07-10T07:36:31.9703624Z","8506adc1b1e61f63415f8ac7f73861b48266b3b83a1f9836e857c6a9cb3ff89d"
"tracked","SpeechMessageProducts.ChurchReport/文件/歷程記錄/AuthenticationController重構文檔.md","9571","2026-07-10T07:36:31.9703624Z","a5b7c9701bcf43fc8afa93485049028ae7ff38ed8d667f4f8fafb2ed1dfd1ce4"
"tracked","SpeechMessageProducts.ChurchReport/文件/歷程記錄/Console.log註解完成總結.md","7044","2026-07-10T07:36:31.9703624Z","55f0de97e263da9f1db9e6b959ff71fb3a0bb442ff61c3ab9ebe8ee1404d6c47"
"tracked","SpeechMessageProducts.ChurchReport/文件/歷程記錄/ContactId修復完成總結.md","5998","2026-07-10T07:36:31.9703624Z","156bfe43337c0e7b8c8d3763a5388192e0f5cade890b1259083b8b54c44358c1"
"tracked","SpeechMessageProducts.ChurchReport/文件/歷程記錄/Controller分割文件索引.md","8771","2026-07-10T07:36:31.9723836Z","a621df1e79038601a3a4dcd4d4e481725e2e84840430dc24e30cab3d5e36005b"
"tracked","SpeechMessageProducts.ChurchReport/文件/歷程記錄/Controller分割快速參考卡.md","10032","2026-07-10T07:36:31.9713839Z","b7123bf71b0c3d27283b83ad7d7b827f817e5dc93306ec569a69599d66d05fed"
"tracked","SpeechMessageProducts.ChurchReport/文件/歷程記錄/Controller分割架構圖.md","30521","2026-07-10T07:36:31.9723836Z","51969c09bb371487ca36a0148d9445357579ba3c08f4e565097b3d24c695c626"
"tracked","SpeechMessageProducts.ChurchReport/文件/歷程記錄/Controller分割專案總覽.md","9730","2026-07-10T07:36:31.9713839Z","47a034b0a43edb9356defbb00c586019ae1436274d838e4adc450d40e6795965"
"tracked","SpeechMessageProducts.ChurchReport/文件/歷程記錄/Controller分割設計評估報告.md","15651","2026-07-10T07:36:31.9728322Z","8c95f2c52ae53d11a799c6f52df39ccb6b30ae018c05b151fa2359a5a9ce377d"
"tracked","SpeechMessageProducts.ChurchReport/文件/歷程記錄/Controller分割實作範例.md","24233","2026-07-10T07:36:31.9713839Z","0824098e269a3ec726828214b97f53dfd0d786e460439860400039342deb60dc"
"tracked","SpeechMessageProducts.ChurchReport/文件/歷程記錄/Controller分割遷移進度.md","3184","2026-07-10T07:36:31.9728322Z","76dcdd0161589574af7410598eb1df8db6f07a7891616fb2c6be56caa5340146"
"tracked","SpeechMessageProducts.ChurchReport/文件/歷程記錄/ConvertPayPageResponseToCreOrder_功能說明.md","8515","2026-07-10T07:36:31.9728322Z","72a06db6df6d22b5604276787b8e0464421323f4bf21cd43bed26a85a3107387"
"tracked","SpeechMessageProducts.ChurchReport/文件/歷程記錄/CopilotPrompt.txt","5729","2026-07-10T07:36:31.9728322Z","5b8fbf8a5d881713e2de3bcac3cca2fddacab41dd430f30e9bb839917eb2a0f4"
"tracked","SpeechMessageProducts.ChurchReport/文件/歷程記錄/DediationLineLoginView-404快速修復指南.md","6732","2026-07-10T07:36:31.9739883Z","aa98f770109e04944393228cc5727c63b1f22c2ee3859f889458ce7e1c46bfd2"
"tracked","SpeechMessageProducts.ChurchReport/文件/歷程記錄/DediationLineLoginView-404錯誤診斷報告.md","11128","2026-07-10T07:36:31.9739883Z","3f91540c0fdddf048398804aeb38e150ee6f352987183ff21f83ddc34853300a"
"tracked","SpeechMessageProducts.ChurchReport/文件/歷程記錄/DediationLineLoginView向後相容路由報告.md","7366","2026-07-10T07:36:31.9739883Z","d5f2f2c807c5fd1760aa33554b64457b3de1969495c82375028c45e1b0fc89dc"
"tracked","SpeechMessageProducts.ChurchReport/文件/歷程記錄/DediationLineLoginView持續失敗診斷報告.md","7852","2026-07-10T07:36:31.9750561Z","014a62b8e1ee573d2702b063e1b85ef549d1bb112d2570796be7d96d541876a6"
"tracked","SpeechMessageProducts.ChurchReport/文件/歷程記錄/DediationLineLoginView頁面未顯示快速參考.md","4945","2026-07-10T07:36:31.9761330Z","65d07c9a019c487a8597b8dd1cf1855d35ddda0912dda180ae405de22341a2fa"
"tracked","SpeechMessageProducts.ChurchReport/文件/歷程記錄/DediationLineLoginView頁面未顯示緊急診斷.md","14686","2026-07-10T07:36:31.9761330Z","d2f74c8236706ddb3362c607a9793784fcd4ff39f271cb200f4013c4583625dd"
"tracked","SpeechMessageProducts.ChurchReport/文件/歷程記錄/DediationLineLoginView問題已解決.md","6114","2026-07-10T07:36:31.9739883Z","089f3128ccfd6fdbb85217dbfa4039a1dc48159c1da4cbc04065bb8d03a9419b"
"tracked","SpeechMessageProducts.ChurchReport/文件/歷程記錄/DediationLineLoginView最終修復總結.md","8244","2026-07-10T07:36:31.9750561Z","a5c2d8302ea4ca73913b6470ccf1db090438974215b1b0ae8cbddea6901ae1e6"
"tracked","SpeechMessageProducts.ChurchReport/文件/歷程記錄/DediationLineLoginView測試清單.md","1336","2026-07-10T07:36:31.9750561Z","3bad1665896dff480e228d0cd2befc4019065a8143c234686a250b942232fab2"
"tracked","SpeechMessageProducts.ChurchReport/文件/歷程記錄/DediationLineLoginView登入失敗修復報告.md","15379","2026-07-10T07:36:31.9750561Z","676474e9aef05c61d0c20a4042eb912cf46d99b6d944588e89b848ed87e6eed6"
"tracked","SpeechMessageProducts.ChurchReport/文件/歷程記錄/DediationLineLoginView登入失敗測試清單.md","5250","2026-07-10T07:36:31.9761330Z","c70e69810b3bad93d76a663a4ddd5ce1fb424df11d1d8ebfcf8129c28af27e24"
"tracked","SpeechMessageProducts.ChurchReport/文件/歷程記錄/DiscipleLessonsDateTime欄位修正說明.md","10269","2026-07-10T07:36:31.9761330Z","067264d99fb12b230d485ddb046b345ebbbaf057ac24a2d71c563118c4e3af80"
"tracked","SpeechMessageProducts.ChurchReport/文件/歷程記錄/EquipmentController重構文檔.md","6006","2026-07-10T07:36:31.9768985Z","1a1c7aee6685b48e5de8fcd4a8c284b35478971e0ccdb529b48ce664069da0e0"
"tracked","SpeechMessageProducts.ChurchReport/文件/歷程記錄/EquipmentStorLessonsView日期解析除錯修復報告.md","13263","2026-07-10T07:36:31.9782821Z","c07d1ec2a25c257bb42e36cf49ac36ea0b1f922a07289c76369374425d09fa4f"
"tracked","SpeechMessageProducts.ChurchReport/文件/歷程記錄/EquipmentStorLessonsView全面除错诊断报告.md","10366","2026-07-10T07:36:31.9782821Z","e22a293455cc5f771293e5e03c6d11ff138f8dca4ebf5b068e91fe1b8c3ca0ff"
"tracked","SpeechMessageProducts.ChurchReport/文件/歷程記錄/EquipmentStorLessonsView完整修復報告.md","10271","2026-07-10T07:36:31.9782821Z","b7777bc0da20d77c8bd385533b9e418591003e4a2e8f47909dd99f694abbc5c1"
"tracked","SpeechMessageProducts.ChurchReport/文件/歷程記錄/EquipmentStorLessonsView快速调试工具.js","9417","2026-07-10T07:36:31.9782821Z","0fad48246f9d01881f8f32f8b59256fb1f6ad7a9ee4a08dc898e819d38757184"
"tracked","SpeechMessageProducts.ChurchReport/文件/歷程記錄/EquipmentStorLessonsView修复文档索引.md","6909","2026-07-10T07:36:31.9772561Z","629f4783ffe7a434c5a19b8c108252db78319678b289dab89942e50e844d1ce5"
"tracked","SpeechMessageProducts.ChurchReport/文件/歷程記錄/EquipmentStorLessonsView修復快速參考.md","1998","2026-07-10T07:36:31.9772561Z","554109624b3fe00f04c45d28436423dc8a3d3d813eec8bbaf42cc39dd04d263b"
"tracked","SpeechMessageProducts.ChurchReport/文件/歷程記錄/EquipmentStorLessonsView修復說明.md","5778","2026-07-10T07:36:31.9772561Z","802b3835de200f88266d44a5a7bd7048f0c98871440f81db11e8ad6fd3c0f089"
"tracked","SpeechMessageProducts.ChurchReport/文件/歷程記錄/EquipmentStorLessonsView除错完成总结.md","8484","2026-07-10T07:36:31.9792815Z","e4ed69befa849208a6b1ccd81c44fe53bd2c6a9f1caab4d7e8e2e15fff165602"
"tracked","SpeechMessageProducts.ChurchReport/文件/歷程記錄/EquipmentStorLessonsView除错完整指南.md","9992","2026-07-10T07:36:31.9792815Z","7bb8ee66c7b52667ecf8696d1a7e9c2bd6e9e9bd996dda836ed3f33ff38c8511"
"tracked","SpeechMessageProducts.ChurchReport/文件/歷程記錄/EquipmentStorLessonsView除错快速参考卡.md","4640","2026-07-10T07:36:31.9792815Z","f684ae2f78280038c343964a664d20702e06af76e1dd85de9aa89fba72ef469c"
"tracked","SpeechMessageProducts.ChurchReport/文件/歷程記錄/IntegrateView_重構說明.md","2627","2026-07-10T07:36:31.9802810Z","15a58098174ae5e423ac2cddf21ad502c97ffe81753d1969cb042380333eb87e"
"tracked","SpeechMessageProducts.ChurchReport/文件/歷程記錄/IntegrateView_重構說明_詳細版.md","6061","2026-07-10T07:36:31.9802810Z","165f8112dab1ab530eb09854df10345640f5a99467ba220b6dfd82051a69553f"
"tracked","SpeechMessageProducts.ChurchReport/文件/歷程記錄/IntegrateView_部署指南.md","3561","2026-07-10T07:36:31.9792815Z","b5e28b653cbaa0722b3718b2d00c80142a44196501db9b1b9f240553ca426e2c"
"tracked","SpeechMessageProducts.ChurchReport/文件/歷程記錄/IntegrateView日期更新除錯指南.md","9433","2026-07-10T07:36:31.9802810Z","53b58d9c0a891b2f4f5396a49e0d7bc7663a4ba376e4ce2a8a14a0b752c2ff80"
"tracked","SpeechMessageProducts.ChurchReport/文件/歷程記錄/LineIdLoginView測試清單.md","5132","2026-07-10T07:36:31.9802810Z","116b4aea0240f27809ff54ce073131aa8bafec0e6b31f604feb4f4accf1ffa65"
"tracked","SpeechMessageProducts.ChurchReport/文件/歷程記錄/LineIdLoginView登入重導向問題修復報告.md","13637","2026-07-10T07:36:31.9811641Z","857844fff433bb9c368bfb1c2bad1b54dac35e8ae6f8b63d2f8287958710ed0f"
"tracked","SpeechMessageProducts.ChurchReport/文件/歷程記錄/LoadEquipmentStorLessons空結果診斷指南.md","11864","2026-07-10T07:36:31.9811641Z","2546406ab8b9ab9393adb84be14664c48a9c3d35d8ba4bb990c44f1e1471a338"
"tracked","SpeechMessageProducts.ChurchReport/文件/歷程記錄/LoadEquipmentStorLessons參數修正報告.md","11141","2026-07-10T07:36:31.9811641Z","103655cf8723209c67b92e61485985721af44b01ce85f7e5169559ebcb90d73e"
"tracked","SpeechMessageProducts.ChurchReport/文件/歷程記錄/Member-ContactId添加指南.md","11189","2026-07-10T07:36:31.9821859Z","c7c99b29a607ee4bfda377da37e05e237cef786bec77420fa7c76662c1a54063"
"tracked","SpeechMessageProducts.ChurchReport/文件/歷程記錄/memory-leak-scan-20251127-112702.txt","384","2026-07-10T07:36:32.0018551Z","35aec348a0ec40149a3636fda4d4e558c94795e2d69680c0471a2a1819474218"
"tracked","SpeechMessageProducts.ChurchReport/文件/歷程記錄/memory-leak-scan-20251127-113954.txt","383","2026-07-10T07:36:32.0021681Z","8db5cbb0daa0022af076dc22a0f288bf8d990387ef376cc6f58f1b2dd2de0d3b"
"tracked","SpeechMessageProducts.ChurchReport/文件/歷程記錄/MultiGroupView修復報告.md","9743","2026-07-10T07:36:31.9821859Z","3dd91b50e4d06973056bcf8a89974e3f5b8da5a3e944f155b026c78020d9ee6e"
"tracked","SpeechMessageProducts.ChurchReport/文件/歷程記錄/MyPayControllerBACK.md","30229","2026-07-10T07:36:31.9821859Z","1f81fe72bef78835927a0bfaa98935f1922423f824849ee321fc06254f6eeec3"
"tracked","SpeechMessageProducts.ChurchReport/文件/歷程記錄/MyPayController快速參考.md","7299","2026-07-10T07:36:31.9831853Z","72e2ce500aadf73509c22c9f1159d3e1a30c5f6746e66405aa990d71fe2220d1"
"tracked","SpeechMessageProducts.ChurchReport/文件/歷程記錄/MyPayController架構圖.md","18656","2026-07-10T07:36:31.9831853Z","ad785c8b15f7a4b1533a9fdbdf0589e828aa1d34989306c3891b7c2f6bb3af09"
"tracked","SpeechMessageProducts.ChurchReport/文件/歷程記錄/MyPayController重構說明.md","9089","2026-07-10T07:36:31.9841877Z","a08a9a5931b9083ca62ffbe8362209174e7e0a3bf8c5252049dda58da3c81e6b"
"tracked","SpeechMessageProducts.ChurchReport/文件/歷程記錄/MyPayController測試檢查清單.md","8994","2026-07-10T07:36:31.9831853Z","5417c3615906b522a7edcd1a93bd97da9dc1ae154834cb604c7c54b9b2cf5a48"
"tracked","SpeechMessageProducts.ChurchReport/文件/歷程記錄/MyPayController總覽.md","8450","2026-07-10T07:36:31.9841877Z","512f7d964d4891519970b5892ba5af7dfa8379d16fd442533e671c404a54f3da"
"tracked","SpeechMessageProducts.ChurchReport/文件/歷程記錄/MyPayController變更日誌.md","6841","2026-07-10T07:36:31.9841877Z","6fa9e6bd4743bd8f202a4636e9f516a9006bb186794c4fbfcbef1e0710595742"
"tracked","SpeechMessageProducts.ChurchReport/文件/歷程記錄/OptionSetMetadataService使用說明.md","9436","2026-07-10T07:36:31.9841877Z","f55ae66697d544f4381f88d58c5ca505d68b6b548bf2c8e7911b274b25195b4e"
"tracked","SpeechMessageProducts.ChurchReport/文件/歷程記錄/PartialView找不到問題修復報告.md","9115","2026-07-10T07:36:31.9851853Z","cf70b7fc0b499bbd23864bd9a1725ce7dadc35b59b2bf009e85acfb2f95f47c0"
"tracked","SpeechMessageProducts.ChurchReport/文件/歷程記錄/Phase1除錯完成報告.md","6795","2026-07-10T07:36:31.9851853Z","fffb86c4211b6b68cfccdb5c8b00616c5637e5c879de0202d6653824add7cfc4"
"tracked","SpeechMessageProducts.ChurchReport/文件/歷程記錄/Program.cs版本衝突快速參考卡.md","3271","2026-07-10T07:36:31.9851853Z","2c2a62dc006c0f5dd17695f9b9e9b19d187c40d5619f23e1a591e8a6c0ac19c1"
"tracked","SpeechMessageProducts.ChurchReport/文件/歷程記錄/Program.cs版本衝突修復報告.md","4491","2026-07-10T07:36:31.9851853Z","2751a0787f4c3aca659a1479347697cd774ccc38e8844508060c437d1e6799bd"
"tracked","SpeechMessageProducts.ChurchReport/文件/歷程記錄/QPayProcessor 重構文件.md","8020","2026-07-10T07:36:31.9864041Z","5d52ad198b7935119c678ac40baef203302d038480b992519389fad8291f5be9"
"tracked","SpeechMessageProducts.ChurchReport/文件/歷程記錄/QPayView_README.md","3879","2026-07-10T07:36:31.9864041Z","9a9bb91d133207b243ea5b824360881e7d0491c4fbcfb7ebc785fdd23a9b4ad6"
"tracked","SpeechMessageProducts.ChurchReport/文件/歷程記錄/QPayView奉獻類別動態化重構說明.md","11347","2026-07-10T07:36:31.9864041Z","82da0d915f0d7c526d0fae98e8cfabbae1bd1e6cf66bd4f98305958464c4573c"
"tracked","SpeechMessageProducts.ChurchReport/文件/歷程記錄/README.md","20","2026-07-10T07:36:31.9864041Z","831f60fbe86bee9cc4fb02395e45a58a78f92bf551f3ac5d375305005bb62acf"
"tracked","SpeechMessageProducts.ChurchReport/文件/歷程記錄/SetupUserLineIdRedirect完整診斷總結.md","13422","2026-07-10T07:36:31.9874034Z","f99be44fb532a5a5b481f86594b6442dfd6fe77e5503e30bad9a704644960ec8"
"tracked","SpeechMessageProducts.ChurchReport/文件/歷程記錄/SetupUserLineIdRedirect調用診斷報告.md","12441","2026-07-10T07:36:31.9874034Z","8d6a049267a3f790c8f46cfaf7cc060f747474ea88414503b4d371ba5a36f503"
"tracked","SpeechMessageProducts.ChurchReport/文件/歷程記錄/SetupUserLineIdRedirect總結.md","5248","2026-07-10T07:36:31.9874034Z","9a31539f4ead716201968d98874b684195213f6f5a5909b9d74422f0ac2e20dd"
"tracked","SpeechMessageProducts.ChurchReport/文件/歷程記錄/SetupUserLineId測試工具.html","16243","2026-07-10T07:36:31.9884032Z","f4dbc676452f405c180ed5ba09724188d44b4ea1b4330a49bed02616564370bc"
"tracked","SpeechMessageProducts.ChurchReport/文件/歷程記錄/StageName欄位來源修正說明.md","8555","2026-07-10T07:36:31.9884032Z","12c0cf2497d1afe98588eed9af7c418e20b7998e7d5bf0729fbb4155f1d62803"
"tracked","SpeechMessageProducts.ChurchReport/文件/歷程記錄/System.MethodAccessException完整修復總結.md","6124","2026-07-10T07:36:31.9884032Z","6f0e2c0625a766aa09ecece355f9eca345dde9386219566b1ace707a7b9034f3"
"tracked","SpeechMessageProducts.ChurchReport/文件/歷程記錄/TSPG.pdf","1597652","2026-07-10T07:36:31.9968019Z","d8e778b64f2ac0687af23c173a1167fa84a80d4bfbb138be39f9780195c430eb"
"tracked","SpeechMessageProducts.ChurchReport/文件/歷程記錄/TSPG_Implementation_Guide.md","9117","2026-07-10T07:36:31.9978027Z","1fb6b2b2d53274f8c839a18df54c7ff63c7578eca4d1a1b7f3e79f993dba07b6"
"tracked","SpeechMessageProducts.ChurchReport/文件/歷程記錄/TSPG_Implementation_Summary.md","6733","2026-07-10T07:36:31.9978027Z","e614241928725d19b130b784f91111b38bb11de94f9e85ccc470ff6b80c5a97d"
"tracked","SpeechMessageProducts.ChurchReport/文件/歷程記錄/TSPG_PaymentNotify_Implementation.md","6596","2026-07-10T07:36:31.9978027Z","e3a6e90dbe6fe78afa8f5ecad748b94cb0fc6a6732bfe1909ec0bd4942e5b8de"
"tracked","SpeechMessageProducts.ChurchReport/文件/歷程記錄/TSPG_PostBackUrl_Implementation_Summary.md","9882","2026-07-10T07:36:31.9988028Z","4f0d11e237c7d80975ff9da7cc57c09f812322a1d0a1432c5fd573a67c6829ad"
"tracked","SpeechMessageProducts.ChurchReport/文件/歷程記錄/TSPG_Quick_Reference.md","3582","2026-07-10T07:36:31.9988028Z","fd91eea5a0bb04a19d0f3ff94640661fc585cd1833c5d900f28a739d1bb7e28a"
"tracked","SpeechMessageProducts.ChurchReport/文件/歷程記錄/TSPG_Test_Scenarios.md","9275","2026-07-10T07:36:31.9988028Z","ea44ef5222b1e7863704bcfb691dfced68a638a14bb0a1835e20b44a18aa2ede"
"tracked","SpeechMessageProducts.ChurchReport/文件/歷程記錄/TSPG_重構完成報告.md","3735","2026-07-10T07:36:31.9988028Z","77d6a770c2e467ee1eb3593c395d3d4b684eff148f9c17b0245134089d8f95ba"
"tracked","SpeechMessageProducts.ChurchReport/文件/歷程記錄/TSPGController_Refactoring_Summary.md","9877","2026-07-10T07:36:31.9978027Z","b7f82ce9dc8621117f049d68c0e3021eb62e6b2e6118885609fc0065e7be33ca"
"tracked","SpeechMessageProducts.ChurchReport/文件/歷程記錄/UpdateLineUserId未呼叫問題診斷.md","15886","2026-07-10T07:36:32.0003056Z","52ada50d98466734723fb02d4eee007bee6a52e8a493ee52ac86f58c7f47415f"
"tracked","SpeechMessageProducts.ChurchReport/文件/歷程記錄/UpdateLineUserId快速參考.md","5856","2026-07-10T07:36:31.9988028Z","9085588506c24db938ec9fcf24b313ab1cab7f78e01ac17769939a50e98e245a"
"tracked","SpeechMessageProducts.ChurchReport/文件/歷程記錄/UpdateLineUserId診斷測試指南.md","8430","2026-07-10T07:36:32.0003056Z","508aee351c310db89efdabe75c7066dc698c3700403e2b3bf1b976bbc160c8f8"
"tracked","SpeechMessageProducts.ChurchReport/文件/歷程記錄/View找不到問題修復報告.md","8302","2026-07-10T07:36:32.0003056Z","4b95f9936131acca4949d2575ca32cbd15468df3847eb317a151ac40861ceb1e"
"tracked","SpeechMessageProducts.ChurchReport/文件/歷程記錄/View路由更新狀態.md","7895","2026-07-10T07:36:32.0013093Z","70cb2f9c274e898232164feb5f1711a773336d21605192ae25ab60e320f90553"
"tracked","SpeechMessageProducts.ChurchReport/文件/歷程記錄/View路由更新指南.md","9722","2026-07-10T07:36:32.0003056Z","ef50e5d7ef517c0c7f91e61ecc864bab42df7ad50b5c9b43f1df60dc29384d72"
"tracked","SpeechMessageProducts.ChurchReport/文件/歷程記錄/View路由更新執行計畫.md","7575","2026-07-10T07:36:32.0003056Z","33d854fc844d85b95d11921fe75acefff42837958799825ed8358a5d2b7d5051"
"tracked","SpeechMessageProducts.ChurchReport/文件/歷程記錄/View路由更新進度-第二批.md","5455","2026-07-10T07:36:32.0013093Z","e8888dcbd6f0dd62976a71c64129e8d2e5ad57849b76267b1a05583c88c9c66d"
"tracked","SpeechMessageProducts.ChurchReport/文件/歷程記錄/Visual-Studio-快速修復.md","6170","2026-07-10T07:36:32.0018551Z","7f2c0e30073a130959cec91cb595a4c0b396aeb9bbb25196dabdbd30721db9db"
"tracked","SpeechMessageProducts.ChurchReport/文件/歷程記錄/一鍵修復404.bat","6526","2026-07-10T07:36:32.0021681Z","b48051b9b49b5f11ceac9510dbb6a705fd554243ec6b1d636c9bf257ef8b9491"
"tracked","SpeechMessageProducts.ChurchReport/文件/歷程記錄/主日日期計算重構規劃.md","17941","2026-07-10T07:36:32.0032269Z","dd87b4a85bec3e4caf70287d26e704ee78b5f803447d8ebd4f1175441da8e442"
"tracked","SpeechMessageProducts.ChurchReport/文件/歷程記錄/台新查詢規格書.txt","7549","2026-07-10T07:36:32.0042260Z","c24bde0a6e353c80e533d67b0e7d3ffc01d8965ecafb448e066ba3cb494217c7"
"tracked","SpeechMessageProducts.ChurchReport/文件/歷程記錄/台新規格.txt","30148","2026-07-10T07:36:32.0042260Z","59480d2169f70533f85e0703646c4928ef4e8bf44b45e7a4aa3c3aef6cbee050"
"tracked","SpeechMessageProducts.ChurchReport/文件/歷程記錄/多小組由下往上點擊問題最終修復報告.md","10514","2026-07-10T07:36:32.2018815Z","fe2de0ac024cbff2372395e89d5e61ea6135707f1f88ce055b556031b619f869"
"tracked","SpeechMessageProducts.ChurchReport/文件/歷程記錄/多小組由下往上點擊顯示錯誤聯絡人問題修復報告.md","13328","2026-07-10T07:36:32.2029172Z","10e22b947e47b49e1d9923687c2ed4e7f3e177e7442ed942fbc118b769cc35b3"
"tracked","SpeechMessageProducts.ChurchReport/文件/歷程記錄/多小組顯示相同聯絡人問題修復報告.md","11930","2026-07-10T07:36:32.2029172Z","fbcfcaff467167f7e6478f009aeffc912cb17f6a4c329712c060f21030a7bbd8"
"tracked","SpeechMessageProducts.ChurchReport/文件/歷程記錄/快速修復404.bat","1877","2026-07-10T07:36:32.2039167Z","98b5dc68aaf942e3f81f8f11f4d7b8bac6ebdce6a59b3bab6d94c4579b69a2f2"
"tracked","SpeechMessageProducts.ChurchReport/文件/歷程記錄/快速修復腳本.md","3606","2026-07-10T07:36:32.2039167Z","70d6cbfb274306698df38594af589e4d2721ec5f9345e925e4725cc82220fd2d"
"tracked","SpeechMessageProducts.ChurchReport/文件/歷程記錄/批次路由更新記錄.md","8097","2026-07-10T07:36:32.2039167Z","2a2c9c6920b9ee891b61f56d85e891f7118473f2b584c4023c4af7e1f518c47b"
"tracked","SpeechMessageProducts.ChurchReport/文件/歷程記錄/系統類別圖.md","21294","2026-07-10T07:36:32.2170379Z","5d499361711f276c72ce85e8b82db717c606490fe04290def87e0c99e61e495d"
"tracked","SpeechMessageProducts.ChurchReport/文件/歷程記錄/奉獻類別動態化重構-完整總結.md","14412","2026-07-10T07:36:32.2029172Z","eff089c55b45e6965ee3b4198c52a89a24f14e534d7469cf5380d7db714f24e4"
"tracked","SpeechMessageProducts.ChurchReport/文件/歷程記錄/林寬仁錯誤出現在瑀倢小組診斷報告.md","14513","2026-07-10T07:36:32.2065070Z","d8bba34ebba323c2c46d4013fd32c4915a493c39dcc4e08a5efeb9c4e24a2b8f"
"tracked","SpeechMessageProducts.ChurchReport/文件/歷程記錄/信仰狀態動態化重構-完整總結.md","11921","2026-07-10T07:36:32.0032269Z","8df556cbb19ea2910bf79f56b169f78efc4e2aa34c7d7c2f168b8ec150ce7101"
"tracked","SpeechMessageProducts.ChurchReport/文件/歷程記錄/重構QPayProcessor.md","8308","2026-07-10T07:36:32.2506023Z","9c7946a04a6b27d0e40a6ff32329aa9d089dcfd52e39baeaf9037b9716222f15"
"tracked","SpeechMessageProducts.ChurchReport/文件/歷程記錄/頁面風格.md","341","2026-07-10T07:36:32.2516511Z","567396bd4b93b2c3a7f8b01cc8f7a884a6e9d65c18f11873836b1b992e6437a9"
"tracked","SpeechMessageProducts.ChurchReport/文件/歷程記錄/修復DediationLineLoginView-404.bat","2579","2026-07-10T07:36:32.0032269Z","3f7f82062f1736d1861d78e0307ca6a7f3e9154083256d72601d9dd5675717b1"
"tracked","SpeechMessageProducts.ChurchReport/文件/歷程記錄/根目錄404錯誤診斷.md","5931","2026-07-10T07:36:32.2075312Z","77691f1a2d98e35a8fe9d8dd9de4c7663798698e106f306b12574e608a0f0063"
"tracked","SpeechMessageProducts.ChurchReport/文件/歷程記錄/除錯完成報告.md","6324","2026-07-10T07:36:32.2506023Z","92383037b8c4bfeb1ce53cf86be10bef2955c2b8d0dd9cc438bfe6edb4f1f836"
"tracked","SpeechMessageProducts.ChurchReport/文件/歷程記錄/除錯進度總結.md","5038","2026-07-10T07:36:32.2516511Z","e628c201579508e951cf61d008ce74aeee3b98e4bb9d15932841d014f5116351"
"tracked","SpeechMessageProducts.ChurchReport/文件/歷程記錄/高鋸金流規格.txt","454736","2026-07-10T07:36:32.2546560Z","1352a28ef9bc855c6e3ebc4ac3b111b04f94343d5129630ff564bde405c23163"
"tracked","SpeechMessageProducts.ChurchReport/文件/歷程記錄/常用的Prompt.md","20216","2026-07-10T07:36:32.2029172Z","d1be62d59a70530cdd6ae04919eaad4905c924f071832e689d873472044067f8"
"tracked","SpeechMessageProducts.ChurchReport/文件/歷程記錄/報告 20251015-1155.diagsession","37367149","2026-07-10T07:36:32.2013160Z","bf93f299a1f18f5914d21c7d947797e5d20e36bb4cdc194f829231ef816a0b83"
"tracked","SpeechMessageProducts.ChurchReport/文件/歷程記錄/測試DediationLineLoginView.bat","4055","2026-07-10T07:36:32.2075312Z","14b5303eb10a61bbe94e4d0d178978ad669eedaac75eb798c0bceaa509b8656a"
"tracked","SpeechMessageProducts.ChurchReport/文件/歷程記錄/測試EquipmentStorLessonsView.bat","2180","2026-07-10T07:36:32.2085299Z","86e1e81e84280de5b62c27b16a9a40571160b21e2b59b16a3ca84c82e89a30b2"
"tracked","SpeechMessageProducts.ChurchReport/文件/歷程記錄/測試UrlAction.html","489","2026-07-10T07:36:32.2085299Z","e73d47707789de54d09a0b5d5f92f6b1efc6bc7dc1f598b251da708cf53989e1"
"tracked","SpeechMessageProducts.ChurchReport/文件/歷程記錄/登入流程彩色圖.md","3422","2026-07-10T07:36:32.2160375Z","946cd42febfa9a0285c58f62b15ddb88a681448acef9c63128c7c7aa129cc40a"
"tracked","SpeechMessageProducts.ChurchReport/文件/歷程記錄/登入流程圖.png","1043368","2026-07-10T07:36:32.2150457Z","35302974b86ed2b89c6176e5d5154da19a92491c36846b61761349c64e397c3a"
"tracked","SpeechMessageProducts.ChurchReport/文件/歷程記錄/登入類別圖.md","8876","2026-07-10T07:36:32.2160375Z","5518281a121f7acba79bac49d9b850014fcd9bd984989b7fb2294f36d20f962a"
"tracked","SpeechMessageProducts.ChurchReport/文件/歷程記錄/診斷DediationLineLoginView-404.bat","2383","2026-07-10T07:36:32.2203731Z","1b5c4058e10c99c02ba0cbad7187dc6a7a5e9df882415c09d211bc2ffda73917"
"tracked","SpeechMessageProducts.ChurchReport/文件/歷程記錄/診斷DediationLineLoginView頁面未顯示.ps1","13541","2026-07-10T07:36:32.2203731Z","e6ffda0004e52259a3b9bd097a754baff881a6f51e632e1cb4ed8018ecd72dd2"
"tracked","SpeechMessageProducts.ChurchReport/文件/歷程記錄/診斷林寬仁小組問題.ps1","10595","2026-07-10T07:36:32.2203731Z","155d2158a680f0b20e64161801f851c852ccdafac27d07b31e9f1f9e8e5e6879"
"tracked","SpeechMessageProducts.ChurchReport/文件/歷程記錄/診斷聯絡人小組歸屬問題.ps1","8742","2026-07-10T07:36:32.2203731Z","a63dd10a5ae7dbdbf4b821aa173d1a447cf6577a39a45f27e885b5458505a43d"
"tracked","SpeechMessageProducts.ChurchReport/文件/歷程記錄/匯出流程圖.bat","1801","2026-07-10T07:36:32.0032269Z","508057cb5f6523a21b838da1afab4d849b3f8af42eaddbbe3c172120ea3c69b3"
"tracked","SpeechMessageProducts.ChurchReport/文件/歷程記錄/裝備狀態計算功能修復指南.md","7966","2026-07-10T07:36:32.2186153Z","d10d3dbd7712d30c0e6f95d5741114d99fefdee19c8688b7664464bc16403a44"
"tracked","SpeechMessageProducts.ChurchReport/文件/歷程記錄/裝備狀態計算功能實作報告.md","7087","2026-07-10T07:36:32.2186153Z","692d962453369e11b9c4376b9e720de2d0672bfe85dda31209a8cc859963eb51"
"tracked","SpeechMessageProducts.ChurchReport/文件/歷程記錄/裝備狀態預設展開全部樹狀結構修改報告.md","13007","2026-07-10T07:36:32.2186153Z","83279a14e2c437c2e53e8d40330b6cb7d2cf703925a86c8a4a8b92c6d23fd59e"
"tracked","SpeechMessageProducts.ChurchReport/文件/歷程記錄/裝備狀態聯絡人錯誤歸屬問題完整修復總結.md","6671","2026-07-10T07:36:32.2180392Z","01d102ce7921dc360ab165fde872eb0d2c83c0953a6f10df2b1d3d722ffd3e0c"
"tracked","SpeechMessageProducts.ChurchReport/文件/歷程記錄/裝備狀態聯絡人錯誤歸屬問題診斷與修復指南.md","23180","2026-07-10T07:36:32.2186153Z","e361584e286517a0cfa0dddd5d9a8a5ebe6959c7bb11a4c4d80b5aa428d1f925"
"tracked","SpeechMessageProducts.ChurchReport/文件/歷程記錄/裝備狀態聯絡人歸屬問題快速參考卡.md","2745","2026-07-10T07:36:32.2180392Z","39bfd0a43fd63d2ddd9cefc89092ec54a8f1e48511869218c4d2da85b2eba3f0"
"tracked","SpeechMessageProducts.ChurchReport/文件/歷程記錄/裝備狀態顯示規則修改說明.md","4045","2026-07-10T07:36:32.2186153Z","186f043bb5845ac7cd46067ebdf5cc168ff4b2890c37b059c9ab45742c5f1eea"
"tracked","SpeechMessageProducts.ChurchReport/文件/歷程記錄/路由更新總結.md","7721","2026-07-10T07:36:32.2500988Z","98c02208d2e59d5d306e8080a897eb91152a8a2a533ba5cc15ec39dce41072bf"
"tracked","SpeechMessageProducts.ChurchReport/文件/歷程記錄/路由配置說明.md","7557","2026-07-10T07:36:32.2506023Z","20898726caa95c479a90ce97b9d4a87788215e4ae7ac3055cd8419532dc0d7b0"
"tracked","SpeechMessageProducts.ChurchReport/文件/歷程記錄/緊急修復ContactId.ps1","11843","2026-07-10T07:36:32.2170379Z","e54c89445d002fa1e9378e082f3d0982b98c6a46fb700c1273fa5044d12d205f"
"tracked","SpeechMessageProducts.ChurchReport/文件/歷程記錄/緊急修復DediationLineLoginView.bat","5211","2026-07-10T07:36:32.2170379Z","b236f27596a314d36d4811c904a86360b5813d77f1555ba5768451b99bacb1e2"
"tracked","SpeechMessageProducts.ChurchReport/文件/歷程記錄/編譯錯誤修復清單.md","4739","2026-07-10T07:36:32.2170379Z","295b5fdba643a42c1aa630c3e890c60334de36cb7833169cd043a08895f00ce0"
"tracked","SpeechMessageProducts.ChurchReport/文件/歷程記錄/整個系統的流程圖.md","18652","2026-07-10T07:36:32.2049165Z","91be83c00140fa7e93bd484bd7ec97fd47d1dc31a9419d373b2591fd7a273e7d"
"tracked","SpeechMessageProducts.ChurchReport/文件/歷程記錄/整個系統的流程圖.png","250180","2026-07-10T07:36:32.2065070Z","0c38f778f890d1771470b9c6491caabb78f74f2fa36643c8958a03dfa4a56f4d"
"tracked","SpeechMessageProducts.ChurchReport/文件/歷程記錄/整個系統彩色Class Diagram.md","24892","2026-07-10T07:36:32.2049165Z","853bb2668ecbeda5208690f4a331e2293ffae7268d73f454f156203eb863f88b"
"tracked","SpeechMessageProducts.ChurchReport/文件/歷程記錄/檢測IntegrateView修復.bat","2443","2026-07-10T07:36:32.2075312Z","fb9fa0884679212698bc20531ee58634ee4aeffb6b4c0a0be1d481c3264127f3"
"tracked","SpeechMessageProducts.ChurchReport/文件/歷程記錄/豐收款API開發規格書_V2.2.pdf","4086919","2026-07-10T07:36:32.2490992Z","bcc20fbb76e8676cc50e7fb5ca1069ce20c3d027fc0c9442f43ec1a717b9befd"
"tracked","SpeechMessageProducts.ChurchReport/文件/歷程記錄/驗證ContactId修復.ps1","4907","2026-07-10T07:36:32.2526581Z","b35f56d5e498d1f73c95bcae47486470bd97da2203a6a370b9c09bca8e080369"
"tracked","SpeechMessageProducts.ChurchReport/文件/歷程記錄/驗證Program.cs修復.bat","2133","2026-07-10T07:36:32.2526581Z","bfd28b20bc7611c5a513f114d1bc01d099451fbdc6551bf329d25523ece981f6"
"tracked","SpeechMessageProducts.ChurchReport/文件/歷程記錄/驗證Program.cs修復.ps1","5331","2026-07-10T07:36:32.2526581Z","68546c8c79405c12210b47f112fd1bb26ff00b0547945d1e9a35b8f2bd5edea7"
"tracked","SpeechMessageProducts.ChurchReport/文件/豐收款API開發規格書/spec_v24.txt","123206","2026-07-10T07:36:32.2700407Z","cc776c64e2e2600042213ddba9d446afd9dcbf4d313a9eb3b48e70f688e29b97"
"tracked","SpeechMessageProducts.ChurchReport/文件/豐收款API開發規格書/測試用信用卡卡號.md","237","2026-07-10T07:36:32.2710493Z","83fd16b04309e4fc83d46ee5ac5b741bb7884e982ada2b647e7925e04c7a4607"
"tracked","SpeechMessageProducts.ChurchReport/文件/豐收款API開發規格書/豐收款API開發規格書_V2.4.pdf","4089889","2026-07-10T07:36:32.2789190Z","6a8cd6d4aaf4707731c7b33f62bfb42629ef7bf97092993ebbaee304a682b91f"
"tracked","SpeechMessageProducts.sln","52847","2026-07-10T07:36:32.2834338Z","c57e6787512c53dde3c77046e8a058cde1edfbf132c1bfef4c912f914d6d0cb2"
"tracked","tools/generate_vs2026_git_guide.py","8549","2026-07-10T07:36:32.3853511Z","f538867c8b7e76c2dc5546a0497c90f7ef3956fc18ab4217683e7bae7527e37b"
"tracked","tools/generate_vs2026_ide_steps_doc.py","6820","2026-07-10T07:36:32.3863514Z","4ca6f8b996ff877352bdbd5a8f29e3575ec6418785987a2bebb2b5d5f9cd884c"
"tracked","tools/merge_vs2026_client_version_docs.py","12241","2026-07-10T07:36:32.3863514Z","16082bde64f28d2272eea2c0716a38dbe84d358935c212df72a74918be1a3b4a"
"tracked","ToolUtility.Tests/AttachmentOperations/AttachmentServiceTests.cs","2883","2026-07-10T07:36:32.2844345Z","7fe76d27b2414bf8e7aab97a6b8b65f59bcdcf0d15b0875bf20d4df27a371e2f"
"tracked","ToolUtility.Tests/AttributeOperations/AttributeServiceCompositeTests.cs","3344","2026-07-10T07:36:32.2844345Z","0319da02e1ced872dea664e6ca620ef1b41805ec6469a1fa293fc3d41485589d"
"tracked","ToolUtility.Tests/AttributeOperations/BoolAttributeServiceTests.cs","3509","2026-07-10T07:36:32.2844345Z","4f7f78b79f01819610885e34d6e31b47826ad63b889275587ba1487ff741cf0e"
"tracked","ToolUtility.Tests/AttributeOperations/DateTimeAttributeServiceTests.cs","3663","2026-07-10T07:36:32.2852491Z","32d7268961a4c7a8bf801a0513a94fbc3cb5b58f9b95539fd6ee4efbed99e262"
"tracked","ToolUtility.Tests/AttributeOperations/IntAttributeServiceTests.cs","3411","2026-07-10T07:36:32.2852491Z","6e18511e7ac23efc1e13bab263e2b9c162f9dfd7ffee9d02686e5955b1c7d3d4"
"tracked","ToolUtility.Tests/AttributeOperations/LookupAttributeServiceTests.cs","3991","2026-07-10T07:36:32.2852491Z","b82593fcbeb02966d4cce6edeb559d09b7719bf669bea8d0045a7df871e0fa80"
"tracked","ToolUtility.Tests/AttributeOperations/MoneyAttributeServiceTests.cs","3585","2026-07-10T07:36:32.2864397Z","97ad63178f8c8b4c707e678151800d163296f126634928c3b37a3e0c4b4ca143"
"tracked","ToolUtility.Tests/AttributeOperations/StringAttributeServiceTests.cs","3446","2026-07-10T07:36:32.2864397Z","b2b2a9783a5926b9624d8f46e1c47d28161f1bbd1a5808998a648d1ab98ce40f"
"tracked","ToolUtility.Tests/ContactOperations/ContactServiceTests.cs","3408","2026-07-10T07:36:32.2864397Z","af2fe017db35315d2225b2265a7f8436065e90f21e8fe0903540c73c5e18b539"
"tracked","ToolUtility.Tests/Core/ToolUtilityClassIntegrationTests.cs","3152","2026-07-10T07:36:32.2864397Z","2b378ad67a37e179e691f78535fea566acff550ade4daebeaf8382ecd04089d0"
"tracked","ToolUtility.Tests/Core/ToolUtilityFacadeIntegrationTests.cs","5319","2026-07-10T07:36:32.2874399Z","18d317132cd53c47b3d42d15e0abf5e4b770df36dd3ab1de344a439e7e701e78"
"tracked","ToolUtility.Tests/EntityOperations/EntityCrudServiceTests.cs","3324","2026-07-10T07:36:32.2874399Z","b0cdb2d9cdc26a192308ad317c140507ae453846f2b6507911ec3592cf838bb7"
"tracked","ToolUtility.Tests/EntityOperations/EntityQueryServiceTests.cs","3221","2026-07-10T07:36:32.2874399Z","045272011b31952104cbc8342cd9e97a8ffa6b1f6d4fa9534bb1c2ef29be5a36"
"tracked","ToolUtility.Tests/LineMessaging/LineMessageServiceTests.cs","2205","2026-07-10T07:36:32.2884404Z","05069db9608fef12efa227e2e4db92d7510f5e9d4643aac755a7a961ca8f66cb"
"tracked","ToolUtility.Tests/ListOperations/ListServiceTests.cs","3109","2026-07-10T07:36:32.2884404Z","30fc2401cc58df50a03547562f7ee0a51c9686c835c5b55ca72d300c84fe9a55"
"tracked","ToolUtility.Tests/README.md","4091","2026-07-10T07:36:32.2884404Z","68db44fb3f5e40ae52555421c446338683c6893596985dbbcbbc59f9d62b6e48"
"tracked","ToolUtility.Tests/TestHelpers/MockCrmClientFactory.cs","3663","2026-07-10T07:36:32.2884404Z","f71cf3be99c2b89a3fdcf8ed2899b1a3f0c5e4ee8e2cf7c7ecd98a4d31d03a2d"
"tracked","ToolUtility.Tests/TestHelpers/MockLoggerFactory.cs","2827","2026-07-10T07:36:32.2884404Z","4b55dad996fb1001012dc1a59dd64aaa1853512b2b03d8c4a2534aaee092183d"
"tracked","ToolUtility.Tests/TestHelpers/TestEntityFactory.cs","4425","2026-07-10T07:36:32.2884404Z","0b16fc3ce3edfe70c2a63f0ad4a4c2446db4710ddddc1988f97c7c01536d6e6a"
"tracked","ToolUtility.Tests/ToolUtility.Tests.csproj","1801","2026-07-10T07:36:32.2899460Z","7976d3570e164a55faecf15c8ada9875fded3abddec15d8a38b90ddda5a9a38a"
"tracked","ToolUtility.Tests/Utilities/StringUtilityTests.cs","7450","2026-07-10T07:36:32.2899460Z","705671edce3d51dfef232e38dddcfbccd663416ca22513c0cb91d3c21c55ee50"
"tracked","ToolUtility.Tests/Utilities/TraceUtilityTests.cs","3065","2026-07-10T07:36:32.2899460Z","86ec0f8205672a6f10143fae99c795f27218a80f647ad435de4bdaf7efa7784b"
"tracked","ToolUtility/ActivityOperations/ActivityService.cs","10448","2026-07-10T07:36:32.2909539Z","adcdebf6f364fbac6e58335e4c51a213cebdc47a9f4c4706a9707b3c5b0eb866"
"tracked","ToolUtility/ActivityOperations/IActivityService.cs","4213","2026-07-10T07:36:32.2909539Z","225f528d0d15d317f9914e07459806be126714198871f75ff1ecf59e0c3f28c7"
"tracked","ToolUtility/Adapters/DataverseServiceClientAdapter.cs","9744","2026-07-10T07:36:32.2909539Z","e14dd359f41e5a52d9d059f3281d95ed4aca4dd266ce494d6369c3cb4777205a"
"tracked","ToolUtility/Adapters/LegacyOrganizationServiceAdapter.cs","11597","2026-07-10T07:36:32.2919514Z","7abd2f50ee5ae1fa050527bcba61657295ebe3fb464d2a68e76128f2cffe032f"
"tracked","ToolUtility/app.config.old","3044","2026-07-10T07:36:32.3211714Z","e90d1c9bba6c6393756fa992dd9dc0bed6115a321bf60efd474c19503ef9756a"
"tracked","ToolUtility/AppointmentOperations/AppointmentService.cs","8174","2026-07-10T07:36:32.2919514Z","35ddf88d0156ace412eac103aada1c103e484a730bbd708805955eb11fa524ac"
"tracked","ToolUtility/AppointmentOperations/IAppointmentService.cs","1907","2026-07-10T07:36:32.2919514Z","14f3c621fab64d9c188ab8f9b888e2cf1c61fc1f1764b471ebfd6434a6fe304d"
"tracked","ToolUtility/AttachmentOperations/AttachmentService.cs","5250","2026-07-10T07:36:32.2929521Z","dbd5ea3eb90314df2bf9481ce0ce092aaad30e0dcd0567022aaaf47eefabd437"
"tracked","ToolUtility/AttachmentOperations/IAttachmentService.cs","1841","2026-07-10T07:36:32.2929521Z","6f6cbd14f2637961c0371e5bc6159daa3f190660f4d87d4f1ba5116525c69899"
"tracked","ToolUtility/AttributeOperations/AttributeServiceComposite.cs","7116","2026-07-10T07:36:32.2936064Z","b0389e0ab89b95fcf62307dee4990d08108c9f72a1ecd640e3b364f27ca4efe1"
"tracked","ToolUtility/AttributeOperations/BoolAttributeService.cs","5845","2026-07-10T07:36:32.2936064Z","2b7a66272e7025e0bf90b9a88ecd1249bfbc1d0c873e64747931a60d2b098a72"
"tracked","ToolUtility/AttributeOperations/DateTimeAttributeService.cs","5338","2026-07-10T07:36:32.2947485Z","69fe667ba6a202a3e7913175b7b001d1865a035d97b3c2ab6330357580c5d7d7"
"tracked","ToolUtility/AttributeOperations/DoubleAttributeService.cs","5394","2026-07-10T07:36:32.2947485Z","7d0a4692c23d4d972484642a38e77b8f892a7247289915daa10db8eb3f18b55a"
"tracked","ToolUtility/AttributeOperations/EntityAttributeUtilityService.cs","5026","2026-07-10T07:36:32.2947485Z","5fc5d0e122ae81126d61d5ffd2ee029233d222cf93cd496ca571ad044a7c6ca8"
"tracked","ToolUtility/AttributeOperations/FloatAttributeService.cs","5273","2026-07-10T07:36:32.2957479Z","dc1e7de2b87c3cecfb3c480eced715671866eb853fd106f6a860d03d93603883"
"tracked","ToolUtility/AttributeOperations/IAttributeService.cs","3812","2026-07-10T07:36:32.2957479Z","c08e4db42dba54350e08e8bec5219d4fcee369f6fe1394ff7f7e1d707a097f46"
"tracked","ToolUtility/AttributeOperations/IntAttributeService.cs","4674","2026-07-10T07:36:32.2957479Z","cbdc1814ef24c6f8470eae234b61dc8a38e2d1de256c80394db7e856434c880f"
"tracked","ToolUtility/AttributeOperations/LookupAttributeService.cs","6828","2026-07-10T07:36:32.2967475Z","fc6df0b1a1795bd50e87470807b758831a51d8078b5a90c66427e978c6caf131"
"tracked","ToolUtility/AttributeOperations/MoneyAttributeService.cs","5391","2026-07-10T07:36:32.2967475Z","6d81ea622418f31210fc0b29b27fc052ab233b960dc54c9562d8793b4ab4d4d4"
"tracked","ToolUtility/AttributeOperations/OptionSetAttributeService.cs","5350","2026-07-10T07:36:32.2967475Z","75d8ee4219fdfc0ff02b3eb8f8fce1ec57ce28bb9f49119bc1523e18c9897f30"
"tracked","ToolUtility/AttributeOperations/StringAttributeService.cs","4468","2026-07-10T07:36:32.2967475Z","6537c151a42236e0f9d7d9d120a349759f98f3e29ce42449eb4e4a2ee63d674a"
"tracked","ToolUtility/Caching/CrmCacheService.cs","7988","2026-07-10T07:36:32.2977482Z","36040ed4d008116715eb5ba5376e0a0f4d79a5c9ead53c434f91014e1782868f"
"tracked","ToolUtility/Caching/ICrmCacheService.cs","4948","2026-07-10T07:36:32.2987480Z","922997c7b659da22c326016b1f1064aa029b856ed35c1f750ad1ce4bd448427d"
"tracked","ToolUtility/CollectionOperations/CollectionQueryService.cs","19969","2026-07-10T07:36:32.2987480Z","229c839a8daa72f32e012f44bde6dfb5e8c676fd3e2f41db0421f19f59f74d05"
"tracked","ToolUtility/CollectionOperations/ICollectionQueryService.cs","5996","2026-07-10T07:36:32.2987480Z","c6418f7dfc988300fd7639875a616acb042e44d0b3007f2c7fc794c53f999ea4"
"tracked","ToolUtility/ConnectionOperations/CrmConnectionPool.cs","18931","2026-07-10T07:36:32.3002524Z","04f50e18d6f4eeb6e7979d6ffac3a21fedc08b94ebd8b69dda561a349421cadf"
"tracked","ToolUtility/ConnectionOperations/CrmConnectionService.cs","22576","2026-07-10T07:36:32.3002524Z","7b3a7cc0d328013750668320ad67604696a0d23512d02162a9193e74aefe53f8"
"tracked","ToolUtility/ConnectionOperations/ICrmConnectionPool.cs","4571","2026-07-10T07:36:32.3002524Z","9e65715cf00ee21a96b1ddee3135ddf770956e098b20ebcbbd5d93c2f40c2e65"
"tracked","ToolUtility/ConnectionOperations/ICrmConnectionService.cs","3423","2026-07-10T07:36:32.3002524Z","5bcc50fa20647e332b8fd474477993fee9349935e186649c45442253b7eabccd"
"tracked","ToolUtility/Constants/CrmEntityColumns.cs","14706","2026-07-10T07:36:32.3012583Z","e859e4b0df8a09e36248c5968289d927e9b4549421a22e3525d0c43f07b37ea1"
"tracked","ToolUtility/ContactOperations/ContactService.cs","21660","2026-07-10T07:36:32.3018659Z","27a5007021296bbf0d40959d17d55fbbe89df8f3bce7acb6262878ffe73a9432"
"tracked","ToolUtility/ContactOperations/IContactService.cs","3535","2026-07-10T07:36:32.3018659Z","f25b9fff9552fa9c8058b50bb9afc9778173e29274a543c60f6ab0bc6e3145df"
"tracked","ToolUtility/Core/IToolUtilityCore.cs","3564","2026-07-10T07:36:32.3018659Z","fc17bbaf0e21d0936748303100e359abf36656c55e403833fab6912b25dfb066"
"tracked","ToolUtility/Core/ToolUtilityFacade.cs","50278","2026-07-10T07:36:32.3029245Z","630d2b7cbcd90f52d3bd088b37e70f1616f7bbd9c76a7b9ff7e4caedbfdf22be"
"tracked","ToolUtility/Core/ToolUtilityFacade.Metadata.cs","5592","2026-07-10T07:36:32.3029245Z","2013f9cdb4c98c085be632d30630468e805a13f648526587527210f2a0fcd5e3"
"tracked","ToolUtility/DependencyInjection/IToolUtilityProvider.cs","1880","2026-07-10T07:36:32.3029245Z","042812bd53fb839ee5252a67891efef1befc7133d063cf9782d840a9cf108c8c"
"tracked","ToolUtility/DependencyInjection/ServiceCollectionExtensions.cs","2222","2026-07-10T07:36:32.3039258Z","5bf44d99513dd4df0b3764d3f5d64bf067835a347cfd08862bc8d3f34a1e6d6f"
"tracked","ToolUtility/DependencyInjection/ToolUtilityProvider.cs","1937","2026-07-10T07:36:32.3039258Z","564f09e0fc4fc0737cdd9f5a36e6945d3db1af9d0708a49fc65757d748a19674"
"tracked","ToolUtility/Diagnostics/LoggerInvoker.cs","7128","2026-07-10T07:36:32.3039258Z","25cd9f4a62d501781c37eac4f95795777b9c46cf7e1e040218e6ce6080a6ac54"
"tracked","ToolUtility/Diagnostics/TraceLogger.cs","10094","2026-07-10T07:36:32.3039258Z","76be9f2c096a07e802bf07372eb8d15408cab7cd4fe6e7e6f4c16e0b3d8d4208"
"tracked","ToolUtility/EntityOperations/EntityAttributeHandler.cs","12037","2026-07-10T07:36:32.3049241Z","4f3360fdb45e6b5385f12ffb089c57a48fd71fbac089bc6d633812be14ecda4b"
"tracked","ToolUtility/EntityOperations/EntityCrudService.cs","2797","2026-07-10T07:36:32.3049241Z","d8a96525980d745b88e349049e5872447c207ecdf4d48c6e6fa784e98ca4a197"
"tracked","ToolUtility/EntityOperations/EntityOptimizedQueryService.cs","17185","2026-07-10T07:36:32.3049241Z","7c6b6a1ed4143dd0624a5ea651b2137ce7bf0e853dc693ce8edae7c87281f768"
"tracked","ToolUtility/EntityOperations/EntityQueryService.cs","8832","2026-07-10T07:36:32.3059240Z","04316e24e1802848fa214876388a07c39286ddae3b33fc64cd72f9d51c77dea9"
"tracked","ToolUtility/EntityOperations/EntityRepository.cs","9044","2026-07-10T07:36:32.3059240Z","f0fd5ed6e34b56ee92fb09da3e0b8928db1cb2dc46f50e974e061f361dfeecc5"
"tracked","ToolUtility/EntityOperations/IEntityCrudService.cs","1694","2026-07-10T07:36:32.3059240Z","32e8b6f7144f8146723add4b09a63df151302f3518c9eeb68c31945772758a5a"
"tracked","ToolUtility/EntityOperations/IEntityQueryService.cs","2192","2026-07-10T07:36:32.3069239Z","1f7d1b07884233ab3362311927e35a78724370f8b6c21043de729ab216f674ba"
"tracked","ToolUtility/Extensions/CrmAsyncExtensions.cs","15314","2026-07-10T07:36:32.3069239Z","e172f833c25b71b8ca4efa5133beda6e186d3e4550df15c3016f916322b0e6b3"
"tracked","ToolUtility/Extensions/OrganizationServiceExtensions.cs","2130","2026-07-10T07:36:32.3069239Z","bf448073b7ad9594922238fecb0fab503ab598987762231f10427e863fc33c3f"
"tracked","ToolUtility/Factories/CrmClientFactory.cs","6904","2026-07-10T07:36:32.3079239Z","de101b6232e0ec6290602c84f0face092f7ff479afc9d437c1913d4c90a96bda"
"tracked","ToolUtility/Factory/ToolUtilityFactory.cs","4880","2026-07-10T07:36:32.3079239Z","060dfb15f01daa0310c99b220ea615bdd144cab14b05d7582f5c224f20bf7eb7"
"tracked","ToolUtility/FeeOperations/FeeService.cs","6699","2026-07-10T07:36:32.3089240Z","128e08be9e0695c83a757783a6aaa8320870926ebb311bb56711f862fd11f710"
"tracked","ToolUtility/FeeOperations/IFeeService.cs","2144","2026-07-10T07:36:32.3089240Z","6b08ec1a459056483e48555111fa41055c368edaa0512319a533af8e479c232a"
"tracked","ToolUtility/Interfaces/ICrmClient.cs","5419","2026-07-10T07:36:32.3089240Z","d9585c23a2e0e8738366b78ac0a2d70296cc038b12220a6aa6ee7d91ec0abc19"
"tracked","ToolUtility/Interfaces/IEntityAttributeUtilityService.cs","2194","2026-07-10T07:36:32.3089240Z","35ba8543de57946bc122c0953e7b719f70bc6424d8b9e2e4e5b82ce473798205"
"tracked","ToolUtility/Interfaces/IFetchXmlQueryService.cs","3078","2026-07-10T07:36:32.3089240Z","eb1e9ce349d44ca4dae7227dd29322a17c29878eb84e884e9d33ffc474f32d6a"
"tracked","ToolUtility/Interfaces/IOwnerManagementService.cs","2082","2026-07-10T07:36:32.3104281Z","8c3dc5cd79028b58e904e95ae76c6a329875703e6966ef090cbd832b9c7a0431"
"tracked","ToolUtility/Interfaces/IPresentRecordQueryService.cs","3463","2026-07-10T07:36:32.3104281Z","7244e4a8c32cf169da0c98bdeb945bd4ee93196cab947025e61196de29b26486"
"tracked","ToolUtility/Interfaces/IRelationshipQueryService.cs","3256","2026-07-10T07:36:32.3104281Z","5dd7420af6bafae9b2207bf5522d637ff8f93c2220676adbf63758af982de0d5"
"tracked","ToolUtility/LessonsOperations/ILessonsService.cs","1859","2026-07-10T07:36:32.3104281Z","3f83680554f5004e9ae8abca075b6a120ba5173e4b4e443410f28933a6d176f1"
"tracked","ToolUtility/LessonsOperations/LessonsService.cs","7625","2026-07-10T07:36:32.3114340Z","64b9b41ab0411af9b85b1d094c27274afc7e9a63de8016e83caba44540e00a27"
"tracked","ToolUtility/LineMessaging/ILineMessageService.cs","1590","2026-07-10T07:36:32.3114340Z","222ac718d99ade2cbdfad7ada23fdb592d69d9980604ed0fd96e4642c4f273cb"
"tracked","ToolUtility/LineMessaging/LineMessageService.cs","2331","2026-07-10T07:36:32.3114340Z","66958ba7d958d6737263b0c629382ae7c2811ac4e20d8b76f759cebc337f54e1"
"tracked","ToolUtility/ListOperations/IListService.cs","5936","2026-07-10T07:36:32.3124333Z","384e4aeeb0ec2227b3e01738040befa4e531f3dbfc22dd985ac3e2c59bf911bf"
"tracked","ToolUtility/ListOperations/ListService.cs","29023","2026-07-10T07:36:32.3124333Z","5a6609382452bdcbfbd342c4bb605b2b9f3b92c2f64ddf08f72a120892c8f5c8"
"tracked","ToolUtility/ListOperations/MarketingListService.cs","16233","2026-07-10T07:36:32.3124333Z","d9e2965e166a270e6b5853d7d2a2612853f48696f35e074b9d42d63c42798a38"
"tracked","ToolUtility/MeetingStatisticsOperations/IMeetingStatisticsService.cs","2953","2026-07-10T07:36:32.3134358Z","cc79a11641631cc8da5e7a8dfabaf5b3513169b5756203d87eb703bc4732f50a"
"tracked","ToolUtility/MeetingStatisticsOperations/MeetingStatisticsService.cs","10438","2026-07-10T07:36:32.3134358Z","37d2eb9cfd5e8c556efda915ee13f0a04c20f8e8174d62926a5bfbf2d763c4b6"
"tracked","ToolUtility/OwnerOperations/OwnerManagementService.cs","4796","2026-07-10T07:36:32.3134358Z","fa91c178f243502b4a1830c773e09aa1329542830886e33ab6345f1ff4c56539"
"tracked","ToolUtility/PushUtility.cs","26109","2026-07-10T07:36:32.3144347Z","bf219b2566c31c9b94c4b1415f188f4908347cf879b8b88b60d23aea5b8b02b6"
"tracked","ToolUtility/QueryOperations/ComplexQueryService.cs","26992","2026-07-10T07:36:32.3144347Z","f36d69dce32f8f7c1b6e414cf9aaaf13d15855ba1465279ea92ec5ac52b6bb67"
"tracked","ToolUtility/QueryOperations/FetchXmlQueryService.cs","24724","2026-07-10T07:36:32.3144347Z","f22b48e3d39c3fa309a0349f2fa922e071126a0dee039600ad5f2100ae5b7c33"
"tracked","ToolUtility/QueryOperations/IComplexQueryService.cs","5421","2026-07-10T07:36:32.3156609Z","c8c632da03a27d9d2e168aa122ab1291c5c8bddb2013c0120aca37bf84b7c69e"
"tracked","ToolUtility/QueryOperations/PresentRecordQueryService.cs","16342","2026-07-10T07:36:32.3156609Z","e76ada6c88bf5f01f86c141299e0a35b43bcdcde6e1e9c718e5085d995b4430a"
"tracked","ToolUtility/QueryOperations/QueryService.cs","10516","2026-07-10T07:36:32.3156609Z","c9eb6778972dbc67bffa5464a617d64ce5e328cde047f59ebd10af105cbb2f54"
"tracked","ToolUtility/QueryOperations/RelationshipQueryService.cs","15146","2026-07-10T07:36:32.3156609Z","e568d6632889b3606183cf05b528d8b97c7014456aa1c352682bc7b0912197a1"
"tracked","ToolUtility/ToolUtility.csproj","3142","2026-07-10T07:36:32.3166605Z","2b9739a874ec0e837a128249c3748aa65bdb0f7e8c077b9c92c4388ec00493bd"
"tracked","ToolUtility/ToolUtilityClass.cs","4128","2026-07-10T07:36:32.3166605Z","ad5f6f8c216c92cc0baa3b0c7384e2d9aaf70df97a273b2b2679ff5029588164"
"tracked","ToolUtility/ToolUtilityPartials/ToolUtilityClass.ActivityAttachment.cs","4752","2026-07-10T07:36:32.3166605Z","a6bfc5d5be14f0c9c53003a7d3924b7c7234b471669ad4b3a9d8a4d090420eac"
"tracked","ToolUtility/ToolUtilityPartials/ToolUtilityClass.Attribute.cs","10003","2026-07-10T07:36:32.3166605Z","e8ccda119f2ee2349cd1b4f334f86dae85ba7b381764d894463e0d8b7a96e976"
"tracked","ToolUtility/ToolUtilityPartials/ToolUtilityClass.Contact.cs","5156","2026-07-10T07:36:32.3176602Z","a296a7b08a39a87b2182d88d14621e919f8c672c2b15a5a89babe5d60a79b691"
"tracked","ToolUtility/ToolUtilityPartials/ToolUtilityClass.Core.cs","10602","2026-07-10T07:36:32.3176602Z","3f677a6c6d334a03b5e64ea98c05968e750d192046e0e4d88f32bf4319d5f608"
"tracked","ToolUtility/ToolUtilityPartials/ToolUtilityClass.Entity.cs","7975","2026-07-10T07:36:32.3176602Z","89faeaf28ba1e9f445fa78d8c70414e04e537a1855478f260546c2d720ba304a"
"tracked","ToolUtility/ToolUtilityPartials/ToolUtilityClass.Line.cs","5539","2026-07-10T07:36:32.3186610Z","0247faf988171e3036a6946b31118fee972f17d6236d28bf2a8470867702c9cf"
"tracked","ToolUtility/ToolUtilityPartials/ToolUtilityClass.List.cs","8152","2026-07-10T07:36:32.3186610Z","7706de2e8dd79984216f35962a9b1ce53f00e27288068a5675cdca5fcc0a2f62"
"tracked","ToolUtility/ToolUtilityPartials/ToolUtilityClass.Metadata.cs","3180","2026-07-10T07:36:32.3186610Z","cfff306ee8cce8325b4d8b211c0724a6e29a29770dd0823c4c95b5a1ca91eeb8"
"tracked","ToolUtility/ToolUtilityPartials/ToolUtilityClass.Query1.cs","7103","2026-07-10T07:36:32.3186610Z","1f79eac9fd2253ef25450661a21ca5389a4c0426281b5ad6c0f930408b6b72b3"
"tracked","ToolUtility/ToolUtilityPartials/ToolUtilityClass.Query2.cs","9593","2026-07-10T07:36:32.3186610Z","776499ec71aac62042d10dff43d687058c036775d420398f20c1533de3a89c25"
"tracked","ToolUtility/ToolUtilityPartials/ToolUtilityClass.Utility.cs","3183","2026-07-10T07:36:32.3186610Z","37f2ee4fd0f8e1773a3fef7f8d8981fbdb1424b2987799b995a137e3216f18f1"
"tracked","ToolUtility/ToolUtilityStaticGlobal.cs","12814","2026-07-10T07:36:32.3201662Z","63606932a07ffcfd40039c810dc7f1812a1902922672ba17d9e21d021a2c7085"
"tracked","ToolUtility/Utilities/StringUtility.cs","4432","2026-07-10T07:36:32.3211714Z","119a95ca36bc7cdaf235fe992f7af2b48aea8e61dab895d563455637dbb1310f"
"tracked","ToolUtility/Utilities/TraceUtility.cs","4745","2026-07-10T07:36:32.3211714Z","97e3c7ebfdc5c35934a0a96a0ed178d7b6fe51bd80ce972193d323b01717960f"
"tracked","ToolUtility/文件/CreateOnPremiseClient快速參考.md","3952","2026-07-10T07:36:32.3221719Z","60ef24d9e6505f21d4fc06f78cbda1d2f1f2bf72b6f13d73b326603850c623bb"
"tracked","ToolUtility/文件/CreateOnPremiseClient使用指南.md","12644","2026-07-10T07:36:32.3221719Z","5815ca6bcefe72dfcf6418a7738f57450deac9a7247efa44c9dbb642dff0b206"
"tracked","ToolUtility/文件/CreateOnPremiseClient重構報告.md","10329","2026-07-10T07:36:32.3221719Z","b20ae3d0ad8b5b867d45b0ad492ecf794fd526e680a58df67e5b3f9be7c435ce"
"tracked","ToolUtility/文件/On-Premise連線問題修正報告.md","9896","2026-07-10T07:36:32.3221719Z","cc79cdd3a297609bb1c2eccd45f13172ca3a68ff7257c768ea13135438b18a09"
"tracked","ToolUtility/文件/ToolUtilityClass.cs_原始檔案.md","355037","2026-07-10T07:36:32.3231717Z","ff8d005014b6412f0a1f09c709a18845241595502498c41d7a20163c9e4d2977"
"tracked","ToolUtility/文件/ToolUtilityClass_Developing委派工作最終總結.md","5255","2026-07-10T07:36:32.3241712Z","0f607f15fdfa89619201d981fe39e4bfb1077ba422c5577f47e09cbe5b9b8f35"
"tracked","ToolUtility/文件/ToolUtilityClass_Developing委派完成報告.md","4415","2026-07-10T07:36:32.3231717Z","f4936c576b5c80a00f39613c6862d448b024ef0ed5983dca172e9f627241e99d"
"tracked","ToolUtility/文件/ToolUtilityClass_Developing委派完成驗證報告.md","7202","2026-07-10T07:36:32.3241712Z","0c1238e56f613855ef13fd3e1e5ef9f1280bc6f0cdf9375b25c32767177ee633"
"tracked","ToolUtility/文件/ToolUtilityClass_Developing重構總結.md","12221","2026-07-10T07:36:32.3241712Z","24dc59e9a925506e7f0ee6ff1a1a5c2d7bb78c6ad0be623d3d6ea0c5a4420f81"
"tracked","ToolUtility/文件/ToolUtilityClass_Dispose_Fix_Report.md","6224","2026-07-10T07:36:32.3241712Z","d656f657efaa4df212c298263bf37e3f412aab4e1cbbc59de8d37e68028390ba"
"tracked","ToolUtility/文件/ToolUtilityClass_Dispose_Quick_Reference.md","2968","2026-07-10T07:36:32.3252344Z","2160358100a82677d7cf727a5f3fc1f4ab38af1f9278f0d1a1a533c402762d79"
"tracked","ToolUtility/文件/改用：Microsoft.PowerPlatform.Dataverse.Client.md","11756","2026-07-10T07:36:32.3252344Z","9f7f8ddf66b1590c0e741928f2e67ae6f8c2a60b7fa0af24a2b9e6ed91166e8b"
"tracked","ToolUtility/文件/重構報告-ToolUtilityClass.md","7961","2026-07-10T07:36:32.3262861Z","aefb54cf9e451d6acb62b52b8c94ecc2b02641df0c1fa6b418610c6df7994189"
"tracked","ToolUtility/文件/極簡化對比報告.md","7582","2026-07-10T07:36:32.3252344Z","9b8b46cbc86371610c358e3db8632daa36ba0b4a495fdc85f08f66fb123bb4d4"
"tracked","ToolUtility/文件/遷移至Microsoft.PowerPlatform.Dataverse.Client指南.md","8706","2026-07-10T07:36:32.3262861Z","a692c37fe5dcc66da3e3e174d9048dda446f781e0108498f2ceec37794121885"
"tracked","ToolUtility/文件/遷移完成摘要.md","5701","2026-07-10T07:36:32.3252344Z","a582c46e2911fb0751853993eadb98ae9ea0ff001bd5be9b0d41846c9c1db762"
"tracked","Trace/AssemblyInfo.cs","4063","2026-07-10T07:36:32.3269213Z","6b667ce76b20623f37167c2d6d913424c69c856b0232d186dc80551b0a3f0d59"
"tracked","Trace/BSUStackTrace.cs","12104","2026-07-10T07:36:32.3269213Z","d58ad6901304b0d1debf7dcdbf6e3579d4d98f24c7a42d42df4577fc6753e682"
"tracked","Trace/BSUTextWriterTraceListener.cs","7612","2026-07-10T07:36:32.3269213Z","e02b5aec2ae6901a5583d8a0382f77716a3c7dc4c0b0a98f2503c104512db189"
"tracked","Trace/packages.config","144","2026-07-10T07:36:32.3289934Z","a8a48fc980770ff1ac99c7b0947ebfb2fadc72d1864b3b2c6778ee189fec4ee9"
"tracked","Trace/SpeechMessageCrmKey.snk","596","2026-07-10T07:36:32.3269213Z","2b338399fefba7f82b072fd606c2dbb8af1d1f3e776f466fab585f278c3f176d"
"tracked","Trace/Trace.csproj","3813","2026-07-10T07:36:32.3279949Z","6c79338da71dca742857a6ed11d0f5ea66f0f93dd0c0104017c2988056cc5fe7"
"tracked","Trace/Trace.csproj.new","0","2026-07-10T07:36:32.3279949Z","e3b0c44298fc1c149afbf4c8996fb92427ae41e4649b934ca495991b7852b855"
"tracked","Trace/Trace.xml","12252","2026-07-10T07:36:32.3279949Z","1595de5294f495a2cdfc3e8e40709f303ffe6f4ac506777012d97b83e0edf0c8"
"tracked","Trace/Trace_Fixed.csproj","3429","2026-07-10T07:36:32.3289934Z","f90f18f2a63fba9fac10bfdfa2c814caa8e7315402f8a4e04cea2ac673457dbc"
"tracked","Trace/Trace_Net10.csproj","3532","2026-07-10T07:36:32.3289934Z","da6b34b0f2fb02466a34737b77bab50358f9a6ac2f4351ae4b0460ef2951e822"
"untracked",".ccg/dual-model-runs/20260710-161959-project-modular-architecture-analysis-analyzer/ccg-health-20260710-161959.json","1648","2026-07-10T08:19:59.6250866Z","b632dd111b6d53dbb072d4062ac97720e944feae5b831aa1d5e378859a975da7"
"untracked",".ccg/dual-model-runs/20260710-161959-project-modular-architecture-analysis-analyzer/claude-analyzer-attempt-1.prompt.md","9520","2026-07-10T08:20:04.1391155Z","ed050d9211314e4b090274a8c262eb1635a55f853f051d50a1ea521c036919b8"
"untracked",".ccg/dual-model-runs/20260710-161959-project-modular-architecture-analysis-analyzer/claude-analyzer-attempt-1.stderr.md","290","2026-07-10T08:24:23.2855516Z","7e46427c3df04ca5319a84208ae5617e8e0b8a44509a065a7b6b53c1647a9039"
"untracked",".ccg/dual-model-runs/20260710-161959-project-modular-architecture-analysis-analyzer/claude-analyzer-attempt-1.stdout.md","29722","2026-07-10T08:24:23.2855516Z","df1b4b56e86cc3f06f8664392981672eca75dcab42f2524cbe7ea1d50040348c"
"untracked",".ccg/dual-model-runs/20260710-161959-project-modular-architecture-analysis-analyzer/gemini-analyzer-attempt-1.prompt.md","9520","2026-07-10T08:19:59.6508860Z","465096030561ddbb50ec69bc2224e716619d4b7a159af178b8da50670dace1a2"
"untracked",".ccg/dual-model-runs/20260710-161959-project-modular-architecture-analysis-analyzer/gemini-analyzer-attempt-1.stderr.md","2540","2026-07-10T08:20:04.0787105Z","8e6d6932422668e1ccbd8da5eed987ccf514d4a10e5a94359d5468cccfa6510f"
"untracked",".ccg/dual-model-runs/20260710-161959-project-modular-architecture-analysis-analyzer/gemini-analyzer-attempt-1.stdout.md","0","2026-07-10T08:20:04.0787105Z","e3b0c44298fc1c149afbf4c8996fb92427ae41e4649b934ca495991b7852b855"
"untracked",".ccg/dual-model-runs/20260710-161959-project-modular-architecture-analysis-analyzer/health-attempt-1.json","1857","2026-07-10T08:19:59.6453575Z","6086d5f61a3edd59f861d943a4e6349abbe9e6afb22cf8bb31f148e4e54e911c"
"untracked",".ccg/dual-model-runs/20260710-161959-project-modular-architecture-analysis-analyzer/summary.json","6705","2026-07-10T08:24:23.3415829Z","5012de9902c17a4fa71718e0930077e8c6799ba2818e10fbe7c94d8fc4e7d050"
"untracked",".ccg/dual-model-runs/20260710-161959-project-modular-architecture-analysis-analyzer/summary.md","743","2026-07-10T08:24:23.3450900Z","2cd7442e3ab3b42e10d943cc402586c1f0f28870e745a0a12c6dceb1d54b3fb7"
"untracked",".ccg/dual-model-runs/20260710-170510-project-module-boundary-document-review-reviewer/ccg-health-20260710-170510.json","1648","2026-07-10T09:05:10.4652543Z","0c85e392fd9e257c5a2dac1bb7c296fbf39d9c803c4bceb13a5d9168bae7c961"
"untracked",".ccg/dual-model-runs/20260710-170510-project-module-boundary-document-review-reviewer/claude-reviewer-attempt-1.prompt.md","3249","2026-07-10T09:05:16.3170175Z","1840fd3305781205fb6b9c249feca361cc0ee6ac535f628f24da1972f9b89f58"
"untracked",".ccg/dual-model-runs/20260710-170510-project-module-boundary-document-review-reviewer/claude-reviewer-attempt-1.stderr.md","290","2026-07-10T09:14:06.8676910Z","673cf8d56ba18d46d8342a81cd86860a842d2cae762c255fad4c774f4b2ecf7b"
"untracked",".ccg/dual-model-runs/20260710-170510-project-module-boundary-document-review-reviewer/claude-reviewer-attempt-1.stdout.md","2392","2026-07-10T09:14:06.8671868Z","db4dfdf8aaa19fa702cbac9553fbcfa1a7b05d6957b219db30d3c19c9eaa3573"
"untracked",".ccg/dual-model-runs/20260710-170510-project-module-boundary-document-review-reviewer/gemini-reviewer-attempt-1.prompt.md","3249","2026-07-10T09:05:10.4915251Z","4673ce3074a4b66fff906cbf8f22b0bd41f965905e59dd4305d44b87b44d6313"
"untracked",".ccg/dual-model-runs/20260710-170510-project-module-boundary-document-review-reviewer/gemini-reviewer-attempt-1.stderr.md","2193","2026-07-10T09:05:16.2801059Z","1e27fd970cc7a58a339fd09e5d84e75397a19248b835c299709a1a8bb876c42a"
"untracked",".ccg/dual-model-runs/20260710-170510-project-module-boundary-document-review-reviewer/gemini-reviewer-attempt-1.stdout.md","0","2026-07-10T09:05:16.2791024Z","e3b0c44298fc1c149afbf4c8996fb92427ae41e4649b934ca495991b7852b855"
"untracked",".ccg/dual-model-runs/20260710-170510-project-module-boundary-document-review-reviewer/health-attempt-1.json","1859","2026-07-10T09:05:10.4862981Z","99a0d14b223255e65bf3a0ace18b8cc1fd3364de8db5eca3a3ff3cd3ed71d3ca"
"untracked",".ccg/dual-model-runs/20260710-170510-project-module-boundary-document-review-reviewer/summary.json","6724","2026-07-10T09:14:06.8975498Z","6b703bba0a703cd45caee3b33f4b252d803576833be407910091b6a5aac23ed8"
"untracked",".ccg/dual-model-runs/20260710-170510-project-module-boundary-document-review-reviewer/summary.md","749","2026-07-10T09:14:06.9005598Z","534b193063ac620796009e61d384ddbc005843e2aabaddeff933f8ba9c316b0b"
"untracked",".ccg/dual-model-runs/20260710-172007-isolation-zone-diagnostic-workflow-analyzer/ccg-health-20260710-172008.json","1648","2026-07-10T09:20:08.0946746Z","9da18ae6929fb05a545cac3ea82e893a42ddf3ddce3d4d12a18dda253acd5034"
"untracked",".ccg/dual-model-runs/20260710-172007-isolation-zone-diagnostic-workflow-analyzer/claude-analyzer-attempt-1.prompt.md","3748","2026-07-10T09:20:12.9486636Z","17b3dfea9a15247ddb6de9b56adf0bfc1a7404beb23336bb0c4ba45c1677f426"
"untracked",".ccg/dual-model-runs/20260710-172007-isolation-zone-diagnostic-workflow-analyzer/claude-analyzer-attempt-1.stderr.md","288","2026-07-10T09:24:17.9613734Z","64231f426a15770105395bf09495c6497ebbe5cdf8a514d0fb13be66e2c90fe6"
"untracked",".ccg/dual-model-runs/20260710-172007-isolation-zone-diagnostic-workflow-analyzer/claude-analyzer-attempt-1.stdout.md","11280","2026-07-10T09:24:17.9603685Z","f269d7be461ca90c348d5f1a1bda8821b22e6be48bd4a10c2e25194ec5f09b40"
"untracked",".ccg/dual-model-runs/20260710-172007-isolation-zone-diagnostic-workflow-analyzer/gemini-analyzer-attempt-1.prompt.md","3748","2026-07-10T09:20:08.1223161Z","c4907872726f2e576922e8002130942cc91cdd1d62401e9418003278a6fb114c"
"untracked",".ccg/dual-model-runs/20260710-172007-isolation-zone-diagnostic-workflow-analyzer/gemini-analyzer-attempt-1.stderr.md","2179","2026-07-10T09:20:12.8979857Z","9888d7a6dd47f362a122ff0a8ef63d4f4aa644214216d7b92770a8509c1aa25d"
"untracked",".ccg/dual-model-runs/20260710-172007-isolation-zone-diagnostic-workflow-analyzer/gemini-analyzer-attempt-1.stdout.md","0","2026-07-10T09:20:12.8979857Z","e3b0c44298fc1c149afbf4c8996fb92427ae41e4649b934ca495991b7852b855"
"untracked",".ccg/dual-model-runs/20260710-172007-isolation-zone-diagnostic-workflow-analyzer/health-attempt-1.json","1854","2026-07-10T09:20:08.1173006Z","75cb7593ed198f9d8018895952a4f25521c6140bc073b5936d532a1054db3c46"
"untracked",".ccg/dual-model-runs/20260710-172007-isolation-zone-diagnostic-workflow-analyzer/summary.json","6674","2026-07-10T09:24:17.9920693Z","74c1869aeaf94d6448972ecd1c0c77c221699cb5b9acc75e0e9c798052167d5c"
"untracked",".ccg/dual-model-runs/20260710-172007-isolation-zone-diagnostic-workflow-analyzer/summary.md","734","2026-07-10T09:24:17.9965765Z","022595e1fe170da5c5c20c099ec1732deb124edecc1128e16e5c332430696c55"
"untracked",".ccg/dual-model-runs/20260710-184735-f01a-issue-review-r1-reviewer/ccg-health-20260710-184737.json","1648","2026-07-10T10:47:37.1134669Z","1c1b0deb435fd3e3b0d0f2fd60420295b70a44e0fedfb83ddb274f0a56110f00"
"untracked",".ccg/dual-model-runs/20260710-184735-f01a-issue-review-r1-reviewer/claude-reviewer-attempt-1.prompt.md","4021","2026-07-10T10:47:43.9157867Z","391be1be6d50351a1be36000296b3d65d11f552cdc7284c5ae61ea2f5cdaa353"
"untracked",".ccg/dual-model-runs/20260710-184735-f01a-issue-review-r1-reviewer/claude-reviewer-attempt-1.stderr.md","290","2026-07-10T10:54:41.8573462Z","f3f8638cd48397c89c3c4f70ee70966ccf0993b0af6bd6c80c8a660b79d14e5e"
"untracked",".ccg/dual-model-runs/20260710-184735-f01a-issue-review-r1-reviewer/claude-reviewer-attempt-1.stdout.md","7677","2026-07-10T10:54:41.8573462Z","eb6142789e989f26897ba6f76191e720f03cfb88dc6f22770c11050934b80f6e"
"untracked",".ccg/dual-model-runs/20260710-184735-f01a-issue-review-r1-reviewer/gemini-reviewer-attempt-1.prompt.md","4021","2026-07-10T10:47:37.1558011Z","040162222ad36f2f24dced74961f12c14d324299f5110049cf851175cfddf526"
"untracked",".ccg/dual-model-runs/20260710-184735-f01a-issue-review-r1-reviewer/gemini-reviewer-attempt-1.stderr.md","2193","2026-07-10T10:47:43.8334316Z","a95ebd36dac29e62913b2baa196329d9aef6718f2e9a4f2314ca7c493181dea2"
"untracked",".ccg/dual-model-runs/20260710-184735-f01a-issue-review-r1-reviewer/gemini-reviewer-attempt-1.stdout.md","0","2026-07-10T10:47:43.8324325Z","e3b0c44298fc1c149afbf4c8996fb92427ae41e4649b934ca495991b7852b855"
"untracked",".ccg/dual-model-runs/20260710-184735-f01a-issue-review-r1-reviewer/health-attempt-1.json","1840","2026-07-10T10:47:37.1452019Z","5b20c79acbb2c7c65f44658465feb2ef813548e27bbe2dd2caf98d321de85361"
"untracked",".ccg/dual-model-runs/20260710-184735-f01a-issue-review-r1-reviewer/summary.json","6534","2026-07-10T10:54:41.9470914Z","3a268393c11075366cdab4932e6d044680dfa3252a01d85721b30c42f22c1ef6"
"untracked",".ccg/dual-model-runs/20260710-184735-f01a-issue-review-r1-reviewer/summary.md","692","2026-07-10T10:54:41.9520658Z","3901169bcd0ca4fe6139ade038bd7785739b6e183a624fb00aac965138a3886a"
"untracked",".ccg/dual-model-runs/20260710-184826-f01b-issue-review-r1-reviewer/ccg-health-20260710-184827.json","1648","2026-07-10T10:48:27.1243814Z","0b912b247c4ef6f020398ae2c8339fb3209219867f668c87156d5a4b5c8f8978"
"untracked",".ccg/dual-model-runs/20260710-184826-f01b-issue-review-r1-reviewer/claude-reviewer-attempt-1.prompt.md","3906","2026-07-10T10:48:32.5959773Z","ee411a112b9220564045f80b71ea15de1dbb145b84ee9e2fc65b159868df5a5b"
"untracked",".ccg/dual-model-runs/20260710-184826-f01b-issue-review-r1-reviewer/claude-reviewer-attempt-1.stderr.md","290","2026-07-10T10:57:30.0497257Z","2e238b823ebb47483f202c530d1f4fdb00baba60dbb397d587e1e70634209d0d"
"untracked",".ccg/dual-model-runs/20260710-184826-f01b-issue-review-r1-reviewer/claude-reviewer-attempt-1.stdout.md","10982","2026-07-10T10:57:30.0497257Z","e0dffc6eba5f114a6f90468d6318af93e09bb83f734ffe823674da1e10e60a7f"
"untracked",".ccg/dual-model-runs/20260710-184826-f01b-issue-review-r1-reviewer/gemini-reviewer-attempt-1.prompt.md","3906","2026-07-10T10:48:27.1599086Z","eb7dc54015e2159dece32dedc4778ec0b6e16ac65d9a3a9393d4f8e27aebe273"
"untracked",".ccg/dual-model-runs/20260710-184826-f01b-issue-review-r1-reviewer/gemini-reviewer-attempt-1.stderr.md","2273","2026-07-10T10:48:32.5359220Z","539b47ff6a4cd3dbbc2547e71699529ec6fbadbc004b8257b5875db19f21f606"
"untracked",".ccg/dual-model-runs/20260710-184826-f01b-issue-review-r1-reviewer/gemini-reviewer-attempt-1.stdout.md","0","2026-07-10T10:48:32.5359220Z","e3b0c44298fc1c149afbf4c8996fb92427ae41e4649b934ca495991b7852b855"
"untracked",".ccg/dual-model-runs/20260710-184826-f01b-issue-review-r1-reviewer/health-attempt-1.json","1840","2026-07-10T10:48:27.1459827Z","947196385a237a1e52085b677052dc0a6dddd4107b15a7489ad263faeb3e1829"
"untracked",".ccg/dual-model-runs/20260710-184826-f01b-issue-review-r1-reviewer/summary.json","6512","2026-07-10T10:57:30.1075738Z","0e353e7ffa5be13c634973709af86b557cd8fccb8bf8911ec5d27f9770bf58fd"
"untracked",".ccg/dual-model-runs/20260710-184826-f01b-issue-review-r1-reviewer/summary.md","692","2026-07-10T10:57:30.1126068Z","29b4500747c7e2cfeb92cb299f34dfab83f6cdd176a1862d728da8c0dbd6f0a5"
"untracked",".ccg/dual-model-runs/20260710-185711-f01a-issue-review-r2-reviewer/ccg-health-20260710-185712.json","1648","2026-07-10T10:57:12.2865785Z","12efd186d3fe7c4453abe18a4b3510f0232281d62c672f8fbff150fdd7f82b4c"
"untracked",".ccg/dual-model-runs/20260710-185711-f01a-issue-review-r2-reviewer/claude-reviewer-attempt-1.prompt.md","3073","2026-07-10T10:57:17.9294258Z","f5840c6da0ed3bb9b4dbac5d78e7f3ae1653b0cb8210d1abccc286a6abaeccd3"
"untracked",".ccg/dual-model-runs/20260710-185711-f01a-issue-review-r2-reviewer/claude-reviewer-attempt-1.stderr.md","290","2026-07-10T10:59:22.2471566Z","3ca9e305efde03ad56582d13a6f5aca254f99e3be5fd0c890841d29d123a0b6b"
"untracked",".ccg/dual-model-runs/20260710-185711-f01a-issue-review-r2-reviewer/claude-reviewer-attempt-1.stdout.md","5319","2026-07-10T10:59:22.2471566Z","ec396543f9945ea97152499a637c6bd76c31a140a36c67313c5bf760aa20155f"
"untracked",".ccg/dual-model-runs/20260710-185711-f01a-issue-review-r2-reviewer/gemini-reviewer-attempt-1.prompt.md","3073","2026-07-10T10:57:12.3293157Z","8e70e48e82969780dec4c5d4eb74283fa72c9ca317f36fc200f0f2a851795f3c"
"untracked",".ccg/dual-model-runs/20260710-185711-f01a-issue-review-r2-reviewer/gemini-reviewer-attempt-1.stderr.md","2193","2026-07-10T10:57:17.8676315Z","cc3d82b4e1f45771702f6b99f08c77616893fe9dc42d0f5efd3735a639e900e7"
"untracked",".ccg/dual-model-runs/20260710-185711-f01a-issue-review-r2-reviewer/gemini-reviewer-attempt-1.stdout.md","0","2026-07-10T10:57:17.8676315Z","e3b0c44298fc1c149afbf4c8996fb92427ae41e4649b934ca495991b7852b855"
"untracked",".ccg/dual-model-runs/20260710-185711-f01a-issue-review-r2-reviewer/health-attempt-1.json","1840","2026-07-10T10:57:12.3200620Z","0e9e3a8a73d409365c0283b0e9667eaa295754024ba9e817621e07c3c784e0c2"
"untracked",".ccg/dual-model-runs/20260710-185711-f01a-issue-review-r2-reviewer/summary.json","6534","2026-07-10T10:59:22.3231092Z","b995494ab361bdeced69b9f4b0bac402e9482a074e827e49167e4d76b2e0088b"
"untracked",".ccg/dual-model-runs/20260710-185711-f01a-issue-review-r2-reviewer/summary.md","692","2026-07-10T10:59:22.3231092Z","f89e0a1610ded9437077127b1dd310d473b7c9504d00d1a0091f37cdc685cc68"
"untracked",".ccg/dual-model-runs/20260710-190824-f01b-issue-review-r2-reviewer/ccg-health-20260710-190825.json","1648","2026-07-10T11:08:25.5294829Z","1b7023c6721c9a944754835a80709df8afbabda97e29fb3426263df949ac4583"
"untracked",".ccg/dual-model-runs/20260710-190824-f01b-issue-review-r2-reviewer/claude-reviewer-attempt-1.prompt.md","4777","2026-07-10T11:08:31.0262202Z","77b3fd75ad4555708e50d45692d4134371e30319eca21a268006fb70d6a0ca26"
"untracked",".ccg/dual-model-runs/20260710-190824-f01b-issue-review-r2-reviewer/claude-reviewer-attempt-1.stderr.md","290","2026-07-10T11:12:41.4710903Z","7627ed91089db3f833e8fa00a972691320226a14a226ff4fe98712be9d50c873"
"untracked",".ccg/dual-model-runs/20260710-190824-f01b-issue-review-r2-reviewer/claude-reviewer-attempt-1.stdout.md","9006","2026-07-10T11:12:41.4710903Z","f0a737765c4a26690f082c50cf61dd02a2850e68a286c31037151be1731c8252"
"untracked",".ccg/dual-model-runs/20260710-190824-f01b-issue-review-r2-reviewer/gemini-reviewer-attempt-1.prompt.md","4777","2026-07-10T11:08:25.5702263Z","78aaff23995fec5898a74524bfb28b5e50e99746e95b4a25b8ed77fa7d2ba4c4"
"untracked",".ccg/dual-model-runs/20260710-190824-f01b-issue-review-r2-reviewer/gemini-reviewer-attempt-1.stderr.md","2287","2026-07-10T11:08:30.9517319Z","60fd75a337ef437ac580873149ae515c7576321d06153d16cfcfbb963e70cfec"
"untracked",".ccg/dual-model-runs/20260710-190824-f01b-issue-review-r2-reviewer/gemini-reviewer-attempt-1.stdout.md","0","2026-07-10T11:08:30.9517319Z","e3b0c44298fc1c149afbf4c8996fb92427ae41e4649b934ca495991b7852b855"
"untracked",".ccg/dual-model-runs/20260710-190824-f01b-issue-review-r2-reviewer/health-attempt-1.json","1840","2026-07-10T11:08:25.5618838Z","08dc042d766859de97b1066cb867c083d5f5bc8005ef2cbe4464c5fe2d968562"
"untracked",".ccg/dual-model-runs/20260710-190824-f01b-issue-review-r2-reviewer/summary.json","6512","2026-07-10T11:12:41.5290829Z","456a2a2693418012ffec43ed90777cafa0590c8cf923ae8211c229352590e7f3"
"untracked",".ccg/dual-model-runs/20260710-190824-f01b-issue-review-r2-reviewer/summary.md","692","2026-07-10T11:12:41.5323510Z","e258a34cead91fe2dc0de90be7ba9576b59715e28ec6796c1be2ee6cf6afa554"
"untracked",".ccg/dual-model-runs/20260710-191726-f01b-issue-review-r3-reviewer/ccg-health-20260710-191727.json","1645","2026-07-10T11:17:27.0978853Z","c3d8c9122c3a589a96d472e0958a8e958a7f828a1484576e62d6a44704f87057"
"untracked",".ccg/dual-model-runs/20260710-191726-f01b-issue-review-r3-reviewer/claude-reviewer-attempt-1.prompt.md","4240","2026-07-10T11:17:33.3324425Z","7c5e68efc8d5fc96190748bd44ab7b0ff24db083cd043e263a45de8eeb5eb10a"
"untracked",".ccg/dual-model-runs/20260710-191726-f01b-issue-review-r3-reviewer/claude-reviewer-attempt-1.stderr.md","290","2026-07-10T11:23:53.5201650Z","9df604e9c678b8367026f0357b72d8691d9f499a2e34dbfc7b5bd9550a2d6ccd"
"untracked",".ccg/dual-model-runs/20260710-191726-f01b-issue-review-r3-reviewer/claude-reviewer-attempt-1.stdout.md","9085","2026-07-10T11:23:53.5197948Z","99ec7574e9a780f498f5c98608bd42eef8a6a1ce5fabceb8c5dfc34a1f22a1e2"
"untracked",".ccg/dual-model-runs/20260710-191726-f01b-issue-review-r3-reviewer/gemini-reviewer-attempt-1.prompt.md","4240","2026-07-10T11:17:27.1405368Z","06ebe52a44e8702effad4490bf5c50f14cc9043ca58108ad4c5c3873e7312433"
"untracked",".ccg/dual-model-runs/20260710-191726-f01b-issue-review-r3-reviewer/gemini-reviewer-attempt-1.stderr.md","2193","2026-07-10T11:17:33.2538524Z","2b17a23668c7328c8d88f755a9e641afc7a33bc423c55cbb39b58b542dde54bf"
"untracked",".ccg/dual-model-runs/20260710-191726-f01b-issue-review-r3-reviewer/gemini-reviewer-attempt-1.stdout.md","0","2026-07-10T11:17:33.2538524Z","e3b0c44298fc1c149afbf4c8996fb92427ae41e4649b934ca495991b7852b855"
"untracked",".ccg/dual-model-runs/20260710-191726-f01b-issue-review-r3-reviewer/health-attempt-1.json","1837","2026-07-10T11:17:27.1302558Z","e5786ec649fe87cb29df03dbca316c9e0a63ec3161023fcc51874907ad09801f"
"untracked",".ccg/dual-model-runs/20260710-191726-f01b-issue-review-r3-reviewer/summary.json","6532","2026-07-10T11:23:53.5826551Z","810567e202ebbebe2722739d4e0307837077dee2cd2456fd1b95b505916b61ab"
"untracked",".ccg/dual-model-runs/20260710-191726-f01b-issue-review-r3-reviewer/summary.md","692","2026-07-10T11:23:53.5891373Z","40fc8b2c46193c2699a032af1d37c580b450cdfb926347429a1336bff792dc1d"
"untracked",".ccg/dual-model-runs/20260710-194722-f01d-issue-review-r1-reviewer/ccg-health-20260710-194722.json","1648","2026-07-10T11:47:22.9664642Z","f9f67fb6c53134b86b16b5c903f1bbf650252120dc4ecb4027a506a9f5610b8a"
"untracked",".ccg/dual-model-runs/20260710-194722-f01d-issue-review-r1-reviewer/claude-reviewer-attempt-1.prompt.md","5102","2026-07-10T11:47:28.6241194Z","c897f7180ef08d5bd48105e086b2bb9a7ccdfb8da2060184755616ef781815b6"
"untracked",".ccg/dual-model-runs/20260710-194722-f01d-issue-review-r1-reviewer/claude-reviewer-attempt-1.stderr.md","290","2026-07-10T11:53:15.2903994Z","12eb6dcaa9b6316ea1439248273d430470f11658cba3ca8fd902d3ffce0c853b"
"untracked",".ccg/dual-model-runs/20260710-194722-f01d-issue-review-r1-reviewer/claude-reviewer-attempt-1.stdout.md","9929","2026-07-10T11:53:15.2903994Z","2205080350a8cfd11d6bf04175e11a812eb7c38aff23485f218ca74eff410ef6"
"untracked",".ccg/dual-model-runs/20260710-194722-f01d-issue-review-r1-reviewer/gemini-reviewer-attempt-1.prompt.md","5102","2026-07-10T11:47:23.0020522Z","c5bfd6ec337aba2fcf47283547774310b80cdb5d605363fa61f8aa2dafcd7e6d"
"untracked",".ccg/dual-model-runs/20260710-194722-f01d-issue-review-r1-reviewer/gemini-reviewer-attempt-1.stderr.md","2287","2026-07-10T11:47:28.5625446Z","f56fc54bf02df45bc21e20edf4285d2892f21d5c1fb7dca8764af5b13ed8396a"
"untracked",".ccg/dual-model-runs/20260710-194722-f01d-issue-review-r1-reviewer/gemini-reviewer-attempt-1.stdout.md","0","2026-07-10T11:47:28.5615450Z","e3b0c44298fc1c149afbf4c8996fb92427ae41e4649b934ca495991b7852b855"
"untracked",".ccg/dual-model-runs/20260710-194722-f01d-issue-review-r1-reviewer/health-attempt-1.json","1840","2026-07-10T11:47:22.9984754Z","0f9c0d365e22e8358342d47de03894e6442b2a807899c7ae7f6ec9c58624c4bf"
"untracked",".ccg/dual-model-runs/20260710-194722-f01d-issue-review-r1-reviewer/summary.json","6512","2026-07-10T11:53:15.3507697Z","642e2ee383836c776ac806ff76c3f5e55af6cde74b23ac65322987faca92cd7b"
"untracked",".ccg/dual-model-runs/20260710-194722-f01d-issue-review-r1-reviewer/summary.md","692","2026-07-10T11:53:15.3570027Z","e00d801bdeac5b4e442f37351c4571a372907c10aebe036a77b84fbc30860247"
"untracked",".ccg/dual-model-runs/20260710-195321-f01c-issue-review-r1-reviewer/ccg-health-20260710-195321.json","1645","2026-07-10T11:53:21.8027051Z","2d56ede82ac76dc5b78b088d3a88e50ed5660f8effbdccf616f9956b4ff39f16"
"untracked",".ccg/dual-model-runs/20260710-195321-f01c-issue-review-r1-reviewer/claude-reviewer-attempt-1.prompt.md","5088","2026-07-10T11:53:27.5138424Z","d67b41b2d91623aca3e471e61cfb45364c316b3f9bfae943487a1aa8a0494598"
"untracked",".ccg/dual-model-runs/20260710-195321-f01c-issue-review-r1-reviewer/claude-reviewer-attempt-1.stderr.md","290","2026-07-10T12:00:40.4190787Z","61479ae4d10ec1ff86d2f072ee17a2c61ca312fcb5698b56977b961d494ba480"
"untracked",".ccg/dual-model-runs/20260710-195321-f01c-issue-review-r1-reviewer/claude-reviewer-attempt-1.stdout.md","10230","2026-07-10T12:00:40.4190787Z","0a0f8961bf8e692f61b715b2e9a0d375af6245c9e32c6e05a13d65c48994f297"
"untracked",".ccg/dual-model-runs/20260710-195321-f01c-issue-review-r1-reviewer/gemini-reviewer-attempt-1.prompt.md","5088","2026-07-10T11:53:21.8436337Z","009fba0d71e90be60977f536e3ff8de018a55b946f09bbda2675fe6832221ba3"
"untracked",".ccg/dual-model-runs/20260710-195321-f01c-issue-review-r1-reviewer/gemini-reviewer-attempt-1.stderr.md","2193","2026-07-10T11:53:27.4266275Z","be82b5fa3d6df28fec115b8bcfd7d3094ac0a916d9d5dc888ee55352a7255f6f"
"untracked",".ccg/dual-model-runs/20260710-195321-f01c-issue-review-r1-reviewer/gemini-reviewer-attempt-1.stdout.md","0","2026-07-10T11:53:27.4266275Z","e3b0c44298fc1c149afbf4c8996fb92427ae41e4649b934ca495991b7852b855"
"untracked",".ccg/dual-model-runs/20260710-195321-f01c-issue-review-r1-reviewer/health-attempt-1.json","1837","2026-07-10T11:53:21.8351703Z","639404839982c155de7b56bf9acbe22d6d8700ec600c9d332d05611f708f5346"
"untracked",".ccg/dual-model-runs/20260710-195321-f01c-issue-review-r1-reviewer/summary.json","6532","2026-07-10T12:00:40.4786249Z","bac894e4604b68ac4e579bb73a6e66a75d4d5c5de3578e6575c534e533c04f67"
"untracked",".ccg/dual-model-runs/20260710-195321-f01c-issue-review-r1-reviewer/summary.md","692","2026-07-10T12:00:40.4786249Z","1e9ff167b03c1884aab380cff188a855ae3bbee34baa3b34bf22997c39ac3b19"
"untracked",".ccg/dual-model-runs/20260710-203921-f02-issue-review-r1-reviewer/ccg-health-20260710-203921.json","1648","2026-07-10T12:39:21.9115222Z","251ae91382bc3676f6afae659cb0a8d565d1f0bfb7af31901e2ec88172b316d5"
"untracked",".ccg/dual-model-runs/20260710-203921-f02-issue-review-r1-reviewer/claude-reviewer-attempt-1.prompt.md","6511","2026-07-10T12:39:31.9939900Z","d99b175bac8ad0b5f75638a5f7fac543836bf190df14008478773360ce0d1b7a"
"untracked",".ccg/dual-model-runs/20260710-203921-f02-issue-review-r1-reviewer/claude-reviewer-attempt-1.stderr.md","290","2026-07-10T12:46:13.6415298Z","c590ceb12fad5040346c86c015a39fbae74b3c724dcc9c859519c495731a10cb"
"untracked",".ccg/dual-model-runs/20260710-203921-f02-issue-review-r1-reviewer/claude-reviewer-attempt-1.stdout.md","12523","2026-07-10T12:46:13.6415298Z","ffff042576bfe3b66fb3b3614ce8da7a5e0cddb78933b97d82f462bb8005e524"
"untracked",".ccg/dual-model-runs/20260710-203921-f02-issue-review-r1-reviewer/gemini-reviewer-attempt-1.prompt.md","6511","2026-07-10T12:39:21.9515262Z","cd0f6ec20ac9fc671b4ce56104c9b84410a66303a16a04c6574e2cf18734309a"
"untracked",".ccg/dual-model-runs/20260710-203921-f02-issue-review-r1-reviewer/gemini-reviewer-attempt-1.stderr.md","2193","2026-07-10T12:39:31.9349895Z","7c6cc2b03721b49f798117ac72c2db3c58eb8ce2b92e86a7702f13da1e3f955a"
"untracked",".ccg/dual-model-runs/20260710-203921-f02-issue-review-r1-reviewer/gemini-reviewer-attempt-1.stdout.md","0","2026-07-10T12:39:31.9349895Z","e3b0c44298fc1c149afbf4c8996fb92427ae41e4649b934ca495991b7852b855"
"untracked",".ccg/dual-model-runs/20260710-203921-f02-issue-review-r1-reviewer/health-attempt-1.json","1839","2026-07-10T12:39:21.9435219Z","bd4e7212721b51b1986fe0e468ea3f7c45986155a9b3189483b73bc28472d4b5"
"untracked",".ccg/dual-model-runs/20260710-203921-f02-issue-review-r1-reviewer/summary.json","6524","2026-07-10T12:46:13.6984611Z","67a1fa8e2071bc8d09d2dece81a6e27094ea9f0eb4195bb85b5dc3d01925bf78"
"untracked",".ccg/dual-model-runs/20260710-203921-f02-issue-review-r1-reviewer/summary.md","689","2026-07-10T12:46:13.7056494Z","0aa3ef08dcf61b804e5a9358350ae45e9474d3a0c5147700d372b226204dc9c6"
"untracked",".ccg/dual-model-runs/20260710-204420-f03a-issue-review-r1-reviewer/ccg-health-20260710-204420.json","1648","2026-07-10T12:44:20.9163001Z","d60ee47e59b1590fdfa35090375c2067e359c45e6ed88108682afb53619135b0"
"untracked",".ccg/dual-model-runs/20260710-204420-f03a-issue-review-r1-reviewer/claude-reviewer-attempt-1.prompt.md","4263","2026-07-10T12:44:26.1723685Z","e826e13acba9497ec60b98f830a2475ea88bb9923bdded193e83418fbefeb3da"
"untracked",".ccg/dual-model-runs/20260710-204420-f03a-issue-review-r1-reviewer/claude-reviewer-attempt-1.stderr.md","533","2026-07-10T12:44:28.7495938Z","fa36229c28fe82ca391244de90f6d078ae798d258f2287b408ff9541c2713b34"
"untracked",".ccg/dual-model-runs/20260710-204420-f03a-issue-review-r1-reviewer/claude-reviewer-attempt-1.stdout.md","0","2026-07-10T12:44:28.7492876Z","e3b0c44298fc1c149afbf4c8996fb92427ae41e4649b934ca495991b7852b855"
"untracked",".ccg/dual-model-runs/20260710-204420-f03a-issue-review-r1-reviewer/gemini-reviewer-attempt-1.prompt.md","4263","2026-07-10T12:44:20.9545542Z","561569a26a1e28717548726355a06b995f6157bfd77639381dcf91b301e1b700"
"untracked",".ccg/dual-model-runs/20260710-204420-f03a-issue-review-r1-reviewer/gemini-reviewer-attempt-1.stderr.md","2179","2026-07-10T12:44:26.0940431Z","c564793ad7c853578298c2d8931752b97e60c1aa33e573b90928870c0c3cf618"
"untracked",".ccg/dual-model-runs/20260710-204420-f03a-issue-review-r1-reviewer/gemini-reviewer-attempt-1.stdout.md","0","2026-07-10T12:44:26.0930732Z","e3b0c44298fc1c149afbf4c8996fb92427ae41e4649b934ca495991b7852b855"
"untracked",".ccg/dual-model-runs/20260710-204420-f03a-issue-review-r1-reviewer/health-attempt-1.json","1840","2026-07-10T12:44:20.9385179Z","4d88fcabb97dbd5cd455454ed8e0483f4d34de9cfed7e7d96bfac8faa82657df"
"untracked",".ccg/dual-model-runs/20260710-204420-f03a-issue-review-r1-reviewer/summary.json","6627","2026-07-10T12:44:32.4790625Z","c26a458d529ca85ce7cfd750dc7f47e1dbd08859a488dfd26df2ad3e4e4e69ce"
"untracked",".ccg/dual-model-runs/20260710-204420-f03a-issue-review-r1-reviewer/summary.md","695","2026-07-10T12:44:32.4863824Z","ed9c147689f07c4603313a98a44fd1000a313706e71578171945c2d5efb9748a"
"untracked",".ccg/dual-model-runs/20260710-205026-f02-issue-review-r2-reviewer/ccg-health-20260710-205027.json","1648","2026-07-10T12:50:27.4164791Z","7545f8c62fbfffa0dfdf9f3e98f40d1f8179afe4574de6ccaeb66d56f5929992"
"untracked",".ccg/dual-model-runs/20260710-205026-f02-issue-review-r2-reviewer/claude-reviewer-attempt-1.prompt.md","6370","2026-07-10T12:50:33.2088092Z","8003b4c9e97e174f41236cb5463ab4f1eedc226539bd4f2069614d1b0d5db8ff"
"untracked",".ccg/dual-model-runs/20260710-205026-f02-issue-review-r2-reviewer/claude-reviewer-attempt-1.stderr.md","533","2026-07-10T12:50:36.1145592Z","36e1960ab9bacdb2be37334be438252fb59ac40fd473cc260188d21c6638ae5e"
"untracked",".ccg/dual-model-runs/20260710-205026-f02-issue-review-r2-reviewer/claude-reviewer-attempt-1.stdout.md","0","2026-07-10T12:50:36.1145592Z","e3b0c44298fc1c149afbf4c8996fb92427ae41e4649b934ca495991b7852b855"
"untracked",".ccg/dual-model-runs/20260710-205026-f02-issue-review-r2-reviewer/gemini-reviewer-attempt-1.prompt.md","6370","2026-07-10T12:50:27.4553824Z","b85d1d6a8e0bd53ba5da175cec7a6c9acbe780c01935d0e222729ab01cce2604"
"untracked",".ccg/dual-model-runs/20260710-205026-f02-issue-review-r2-reviewer/gemini-reviewer-attempt-1.stderr.md","2193","2026-07-10T12:50:33.1471220Z","6c4ccb83a56fb08f8a170a051f29b53bc4a8912ec7b40cadbaa33ca70357ad82"
"untracked",".ccg/dual-model-runs/20260710-205026-f02-issue-review-r2-reviewer/gemini-reviewer-attempt-1.stdout.md","0","2026-07-10T12:50:33.1461227Z","e3b0c44298fc1c149afbf4c8996fb92427ae41e4649b934ca495991b7852b855"
"untracked",".ccg/dual-model-runs/20260710-205026-f02-issue-review-r2-reviewer/health-attempt-1.json","1839","2026-07-10T12:50:27.4434334Z","d10b66b247e91908b8ab742c55435ad5b3f3fcf313c624201bccd7ad514b2b95"
"untracked",".ccg/dual-model-runs/20260710-205026-f02-issue-review-r2-reviewer/summary.json","6617","2026-07-10T12:50:39.5468684Z","67b8c23caae3e16c5bb29753679e8c1e259000ada01aa641f0eeebd101c6e0f5"
"untracked",".ccg/dual-model-runs/20260710-205026-f02-issue-review-r2-reviewer/summary.md","692","2026-07-10T12:50:39.5509936Z","3ea618e66d85f6b2c12c7c0107aa944511b1de5e43ac793a30dd84d092e9d646"
"untracked",".ccg/dual-model-runs/20260710-211057-f03q-issue-review-r1-reviewer/ccg-health-20260710-211058.json","1648","2026-07-10T13:10:58.2832560Z","7a4addfa52b0b3152efd381454e36d5e2ae49ddeae5728a1324e283d6f6192e7"
"untracked",".ccg/dual-model-runs/20260710-211057-f03q-issue-review-r1-reviewer/claude-reviewer-attempt-1.prompt.md","4817","2026-07-10T13:11:03.5796916Z","ef586d35b4672de4d31459a8c15c975e55ef46f677cb257b53a071a1e2ef9aec"
"untracked",".ccg/dual-model-runs/20260710-211057-f03q-issue-review-r1-reviewer/claude-reviewer-attempt-1.stderr.md","547","2026-07-10T13:11:10.4614173Z","c76e977960c788817a4d49d5861bace0281ebe533694114c7eca45a04cbb513f"
"untracked",".ccg/dual-model-runs/20260710-211057-f03q-issue-review-r1-reviewer/claude-reviewer-attempt-1.stdout.md","0","2026-07-10T13:11:10.4614173Z","e3b0c44298fc1c149afbf4c8996fb92427ae41e4649b934ca495991b7852b855"
"untracked",".ccg/dual-model-runs/20260710-211057-f03q-issue-review-r1-reviewer/gemini-reviewer-attempt-1.prompt.md","4817","2026-07-10T13:10:58.3159415Z","0e21115fdefb8e44bc69b4dd56ee7df3c52f33e91c71404c1e1609db47e18cf0"
"untracked",".ccg/dual-model-runs/20260710-211057-f03q-issue-review-r1-reviewer/gemini-reviewer-attempt-1.stderr.md","2193","2026-07-10T13:11:03.5030329Z","98e5059070de29e3be5300496ef72a83b6983fd95c367e1e455dd1cf42353bbe"
"untracked",".ccg/dual-model-runs/20260710-211057-f03q-issue-review-r1-reviewer/gemini-reviewer-attempt-1.stdout.md","0","2026-07-10T13:11:03.5030329Z","e3b0c44298fc1c149afbf4c8996fb92427ae41e4649b934ca495991b7852b855"
"untracked",".ccg/dual-model-runs/20260710-211057-f03q-issue-review-r1-reviewer/health-attempt-1.json","1840","2026-07-10T13:10:58.3159415Z","5d7b6fb42cb513c43ab1ebdbeae46606a987731479af72084ef69feb3da0c158"
"untracked",".ccg/dual-model-runs/20260710-211057-f03q-issue-review-r1-reviewer/summary.json","6627","2026-07-10T13:11:14.3058711Z","81754671f10f99e0f2da75e827786e39dca81ce6e1020e781a5d858a90f480fe"
"untracked",".ccg/dual-model-runs/20260710-211057-f03q-issue-review-r1-reviewer/summary.md","695","2026-07-10T13:11:14.3101519Z","65c3f6efbca358e50a0755d7e0b8e21c231c8b042c23afaef6cc2f99d3ecef0b"
"untracked",".ccg/dual-model-runs/20260710-212135-f03b-issue-review-r1-reviewer/ccg-health-20260710-212135.json","1645","2026-07-10T13:21:35.9757345Z","68dd0f5b34924509d02b973611d93ef74f8390e9aa9abb636b379525d59490d8"
"untracked",".ccg/dual-model-runs/20260710-212135-f03b-issue-review-r1-reviewer/claude-reviewer-attempt-1.prompt.md","4415","2026-07-10T13:21:41.7750412Z","ae0430608682d68ea01459550ec8878da9cf71944668dcd5954fbf9768d3ff58"
"untracked",".ccg/dual-model-runs/20260710-212135-f03b-issue-review-r1-reviewer/claude-reviewer-attempt-1.stderr.md","290","2026-07-10T13:26:41.4463446Z","2447507e40653196e71887f565a5178dff6163a00b6f22302636174567ca55b4"
"untracked",".ccg/dual-model-runs/20260710-212135-f03b-issue-review-r1-reviewer/claude-reviewer-attempt-1.stdout.md","16884","2026-07-10T13:26:41.4463446Z","f8f5220556e7745ac852e0cb05822061c13926992bc43bb989242485bb9aee05"
"untracked",".ccg/dual-model-runs/20260710-212135-f03b-issue-review-r1-reviewer/gemini-reviewer-attempt-1.prompt.md","4415","2026-07-10T13:21:36.0071913Z","d903f47ec0b5bada170a08f03f0e24c734168fcb6f7ebe823d586c5f699a65ae"
"untracked",".ccg/dual-model-runs/20260710-212135-f03b-issue-review-r1-reviewer/gemini-reviewer-attempt-1.stderr.md","2193","2026-07-10T13:21:41.7153984Z","0a742762a0961f5deaa3d8a886885f64f0c9042edb0a03b741d8525252645140"
"untracked",".ccg/dual-model-runs/20260710-212135-f03b-issue-review-r1-reviewer/gemini-reviewer-attempt-1.stdout.md","0","2026-07-10T13:21:41.7153984Z","e3b0c44298fc1c149afbf4c8996fb92427ae41e4649b934ca495991b7852b855"
"untracked",".ccg/dual-model-runs/20260710-212135-f03b-issue-review-r1-reviewer/health-attempt-1.json","1837","2026-07-10T13:21:35.9934248Z","636e6fc8b2c497efa100ef2e8c29ef7118a5630a65709f13a6c5e69f25bc94e0"
"untracked",".ccg/dual-model-runs/20260710-212135-f03b-issue-review-r1-reviewer/summary.json","6533","2026-07-10T13:26:41.5073662Z","59a002cc01f9c9a8e90343101f0a6df0b01b32fbc05fa56bdc17c2017b44da2c"
"untracked",".ccg/dual-model-runs/20260710-212135-f03b-issue-review-r1-reviewer/summary.md","692","2026-07-10T13:26:41.5115748Z","5ccd4f696b3a24ff64c6fd0af8b5782903dddf3c8ef66c08133ce3b7f0a744dd"
"untracked",".ccg/dual-model-runs/20260710-221228-f04-issue-review-r1-reviewer/ccg-health-20260710-221229.json","1648","2026-07-10T14:12:29.3691836Z","783754f5505d7627144fc39ed273417f07e37378a237920bb08bef9da9557835"
"untracked",".ccg/dual-model-runs/20260710-221228-f04-issue-review-r1-reviewer/claude-reviewer-attempt-1.prompt.md","5815","2026-07-10T14:12:35.6056474Z","dba8cd3625e6d5fe8fd60e84e2126d352146d6cb3bcf2a7c8dc0dab33c0d275d"
"untracked",".ccg/dual-model-runs/20260710-221228-f04-issue-review-r1-reviewer/claude-reviewer-attempt-1.stderr.md","290","2026-07-10T14:18:40.9378182Z","1aa2b20d0a02e626b195bff51f92b816b8f39c230d382cd68556e7a2447fe4be"
"untracked",".ccg/dual-model-runs/20260710-221228-f04-issue-review-r1-reviewer/claude-reviewer-attempt-1.stdout.md","18309","2026-07-10T14:18:40.9368206Z","61f209b711dce77552da95be05721621b723b9b5c2dd972ec19624a669356c06"
"untracked",".ccg/dual-model-runs/20260710-221228-f04-issue-review-r1-reviewer/gemini-reviewer-attempt-1.prompt.md","5815","2026-07-10T14:12:29.4081821Z","adabb5551cc21d167a3467b3005cb205da6f8feb7dd4f471085b81cd577a323b"
"untracked",".ccg/dual-model-runs/20260710-221228-f04-issue-review-r1-reviewer/gemini-reviewer-attempt-1.stderr.md","2193","2026-07-10T14:12:35.5481231Z","ce0ce554ae25b95f314d41a19f047cf0564f7d6415ecde21dd190d93b1dae595"
"untracked",".ccg/dual-model-runs/20260710-221228-f04-issue-review-r1-reviewer/gemini-reviewer-attempt-1.stdout.md","0","2026-07-10T14:12:35.5471168Z","e3b0c44298fc1c149afbf4c8996fb92427ae41e4649b934ca495991b7852b855"
"untracked",".ccg/dual-model-runs/20260710-221228-f04-issue-review-r1-reviewer/health-attempt-1.json","1839","2026-07-10T14:12:29.3991856Z","50e7fb842bb71221186767f55938763353d9d9c7effe0a41f33eb1dcb7b7683e"
"untracked",".ccg/dual-model-runs/20260710-221228-f04-issue-review-r1-reviewer/summary.json","6525","2026-07-10T14:18:40.9916799Z","c920738cd2008cc21aa4e8a9848e2be58ee66fd3848188158bb5291698ed376a"
"untracked",".ccg/dual-model-runs/20260710-221228-f04-issue-review-r1-reviewer/summary.md","689","2026-07-10T14:18:40.9981336Z","ce9d914525af0f65535ca6b649ec778cb5b4a4321de038a7f44b7394b2854799"
"untracked",".ccg/dual-model-runs/20260710-221242-f05a-issue-review-r1-reviewer/ccg-health-20260710-221243.json","1648","2026-07-10T14:12:43.5618422Z","a90cedb03648528317fd7416e19486e446176d3b2da8c4af2f4e9be5f78864e0"
"untracked",".ccg/dual-model-runs/20260710-221242-f05a-issue-review-r1-reviewer/claude-reviewer-attempt-1.prompt.md","5589","2026-07-10T14:12:48.2769851Z","f4b4ef08f4475d1f321c2f266db1393e04de60e336c9a26156c7bdd9a2b32170"
"untracked",".ccg/dual-model-runs/20260710-221242-f05a-issue-review-r1-reviewer/claude-reviewer-attempt-1.stderr.md","290","2026-07-10T14:17:20.3542289Z","0132ee177b3bcdffc40b9a9d5304eb211221feb768495aada860bbf7b2bf3a58"
"untracked",".ccg/dual-model-runs/20260710-221242-f05a-issue-review-r1-reviewer/claude-reviewer-attempt-1.stdout.md","10504","2026-07-10T14:17:20.3532273Z","8e3db1b10729db23494e6b2ebbb1a09a8f6a04350671cb1fc8aec332af187d2a"
"untracked",".ccg/dual-model-runs/20260710-221242-f05a-issue-review-r1-reviewer/gemini-reviewer-attempt-1.prompt.md","5589","2026-07-10T14:12:43.6018434Z","1f866ff420d75b17f5a65e1c67f562152deca6432db6d39b7e4f9fee03bf91f0"
"untracked",".ccg/dual-model-runs/20260710-221242-f05a-issue-review-r1-reviewer/gemini-reviewer-attempt-1.stderr.md","2179","2026-07-10T14:12:48.2229750Z","6f8b9020cd3be1866dd2d3e8533455175705ab4bdba4e41a39d25cbde156b78a"
"untracked",".ccg/dual-model-runs/20260710-221242-f05a-issue-review-r1-reviewer/gemini-reviewer-attempt-1.stdout.md","0","2026-07-10T14:12:48.2214644Z","e3b0c44298fc1c149afbf4c8996fb92427ae41e4649b934ca495991b7852b855"
"untracked",".ccg/dual-model-runs/20260710-221242-f05a-issue-review-r1-reviewer/health-attempt-1.json","1840","2026-07-10T14:12:43.5938422Z","a700f9c5833351384777ba904a0de862f70c7d35462122afd9166669ac2e7efc"
"untracked",".ccg/dual-model-runs/20260710-221242-f05a-issue-review-r1-reviewer/summary.json","6534","2026-07-10T14:17:20.4166317Z","b1d032bb1d6a207cff71d6eaec54ad58a40b6b8d5cddc244c0afe14644f7cecb"
"untracked",".ccg/dual-model-runs/20260710-221242-f05a-issue-review-r1-reviewer/summary.md","692","2026-07-10T14:17:20.4226572Z","d6de98bb83f1e5108e270bfa5fd71710dc7e9acd4f4ffe8a9e74138b632c7500"
"untracked",".ccg/dual-model-runs/20260710-225625-f05b-issue-review-r1-reviewer/ccg-health-20260710-225626.json","1648","2026-07-10T14:56:26.3129914Z","4a9cc8fcd2b4e08f0ddb19a300b68ae56daa01eb49cacef0e1ec9d38b0160606"
"untracked",".ccg/dual-model-runs/20260710-225625-f05b-issue-review-r1-reviewer/claude-reviewer-attempt-1.prompt.md","4577","2026-07-10T14:56:32.3433479Z","8cdb70de647c90505c36dd85a00344727fb1298d0d402655c7f0569ba832dfd5"
"untracked",".ccg/dual-model-runs/20260710-225625-f05b-issue-review-r1-reviewer/claude-reviewer-attempt-1.stderr.md","290","2026-07-10T15:02:10.7125948Z","f20a413ebb6644e2c48fdd2a6fe6d5b5c23d3b02c8a1bc99b2d9edc6ad58b3cd"
"untracked",".ccg/dual-model-runs/20260710-225625-f05b-issue-review-r1-reviewer/claude-reviewer-attempt-1.stdout.md","10102","2026-07-10T15:02:10.7125948Z","089aa700de7c6effeab2a8807ab60c598ecfb6bf92f5de9b92f7962d5f9a20cf"
"untracked",".ccg/dual-model-runs/20260710-225625-f05b-issue-review-r1-reviewer/gemini-reviewer-attempt-1.prompt.md","4577","2026-07-10T14:56:26.3554209Z","7d601e843760b83c3f086a1b0d32cd5d8f7d8b5845e568d41bebe711b38998c0"
"untracked",".ccg/dual-model-runs/20260710-225625-f05b-issue-review-r1-reviewer/gemini-reviewer-attempt-1.stderr.md","2287","2026-07-10T14:56:32.2813419Z","fb4293636e573ebfb50c569a6cce2f23dacfd8096574c12a1ff16af35471d145"
"untracked",".ccg/dual-model-runs/20260710-225625-f05b-issue-review-r1-reviewer/gemini-reviewer-attempt-1.stdout.md","0","2026-07-10T14:56:32.2803422Z","e3b0c44298fc1c149afbf4c8996fb92427ae41e4649b934ca495991b7852b855"
"untracked",".ccg/dual-model-runs/20260710-225625-f05b-issue-review-r1-reviewer/health-attempt-1.json","1840","2026-07-10T14:56:26.3464100Z","b4e5192178510e3842f0011cc1a05ebc95a1aa78b7d2efd1221eeb102ccbec17"
"untracked",".ccg/dual-model-runs/20260710-225625-f05b-issue-review-r1-reviewer/summary.json","6512","2026-07-10T15:02:10.7685974Z","a2a61ce45fc5067ec92bc97965a6d561387a2bf14771d4cedd1306679680539a"
"untracked",".ccg/dual-model-runs/20260710-225625-f05b-issue-review-r1-reviewer/summary.md","692","2026-07-10T15:02:10.7755999Z","e4c859a0e559cfd19e9ab6d726ef385f99e71224be5804e8bdd23bafccda0fd5"
"untracked",".ccg/dual-model-runs/20260710-230734-f06-issue-review-r1-reviewer/ccg-health-20260710-230735.json","1648","2026-07-10T15:07:35.1398329Z","1c2cea1f6e364374568ad21eea02f78b08728ca674be90b27486435b3cf3ce1e"
"untracked",".ccg/dual-model-runs/20260710-230734-f06-issue-review-r1-reviewer/claude-reviewer-attempt-1.prompt.md","6403","2026-07-10T15:07:40.7118142Z","b6bca021b57e5ae7da53d220edbfe8f02a2cf6a6cc6c7380774beae1a2133ce8"
"untracked",".ccg/dual-model-runs/20260710-230734-f06-issue-review-r1-reviewer/claude-reviewer-attempt-1.stderr.md","290","2026-07-10T15:11:23.4906244Z","b7e8521fba2aaaf3ce393e6132ef899ad12bb88831eb812f428fdb2e356eee0b"
"untracked",".ccg/dual-model-runs/20260710-230734-f06-issue-review-r1-reviewer/claude-reviewer-attempt-1.stdout.md","12252","2026-07-10T15:11:23.4906244Z","ac2bb8ff05715302e368eda6f7662de4e556c5938d0da1a688c9c399e1a31305"
"untracked",".ccg/dual-model-runs/20260710-230734-f06-issue-review-r1-reviewer/gemini-reviewer-attempt-1.prompt.md","6403","2026-07-10T15:07:35.1778486Z","a5d1c76eab883bb3d474e158e6c3ab28b56b7ea026a3827bfec7cff4a4221357"
"untracked",".ccg/dual-model-runs/20260710-230734-f06-issue-review-r1-reviewer/gemini-reviewer-attempt-1.stderr.md","2193","2026-07-10T15:07:40.6518140Z","79837988bac264d28dc6b80dc13540c892567ef7b36bb42cc89d3fed5423493c"
"untracked",".ccg/dual-model-runs/20260710-230734-f06-issue-review-r1-reviewer/gemini-reviewer-attempt-1.stdout.md","0","2026-07-10T15:07:40.6498139Z","e3b0c44298fc1c149afbf4c8996fb92427ae41e4649b934ca495991b7852b855"
"untracked",".ccg/dual-model-runs/20260710-230734-f06-issue-review-r1-reviewer/health-attempt-1.json","1839","2026-07-10T15:07:35.1698490Z","ce95a86e731b1813284263bcf56163dc13b52a8b4fb40b199faed293b16cbb9e"
"untracked",".ccg/dual-model-runs/20260710-230734-f06-issue-review-r1-reviewer/summary.json","6524","2026-07-10T15:11:23.5497021Z","53112063f653947c0dc734a44a9eb5b34d50176657a3c6a64d9edbf2c7559e03"
"untracked",".ccg/dual-model-runs/20260710-230734-f06-issue-review-r1-reviewer/summary.md","689","2026-07-10T15:11:23.5547172Z","e0d584098d932dede0eab41cc30c590a741c50aaba9fd27fc9227751a7797228"
"untracked",".ccg/dual-model-runs/20260711-112700-f07-issue-review-r1-reviewer/ccg-health-20260711-112701.json","1615","2026-07-11T03:27:01.5021918Z","844da08cc46f98036352a317de69a8ca5b637dd9d86e87a5ff77a01466b9a394"
"untracked",".ccg/dual-model-runs/20260711-112700-f07-issue-review-r1-reviewer/claude-reviewer-attempt-1.prompt.md","4726","2026-07-11T03:27:10.1640357Z","0ccd65c03f5276f85933472b33e66a2eef6b52872e96846426d61739557e50b3"
"untracked",".ccg/dual-model-runs/20260711-112700-f07-issue-review-r1-reviewer/claude-reviewer-attempt-1.stderr.md","290","2026-07-11T03:31:07.8011576Z","b6c6e85d865b947dc008a39b80f437cc0e252ac256221af50fd643f5aa256522"
"untracked",".ccg/dual-model-runs/20260711-112700-f07-issue-review-r1-reviewer/claude-reviewer-attempt-1.stdout.md","9049","2026-07-11T03:31:07.8011576Z","645d4b838fdfcf66cd16e18ff787e04cbcaeb02c4e4cd78f2661fb775dc3af04"
"untracked",".ccg/dual-model-runs/20260711-112700-f07-issue-review-r1-reviewer/gemini-reviewer-attempt-1.prompt.md","4726","2026-07-11T03:27:01.5365296Z","9f5c605f02922fd986e78af7e76613dc684f3f20b3725762d0cd212e0dc9f881"
"untracked",".ccg/dual-model-runs/20260711-112700-f07-issue-review-r1-reviewer/gemini-reviewer-attempt-1.stderr.md","2256","2026-07-11T03:27:10.0906201Z","f50e02f2ab8c0d4961f7195df702f6b6a3ff7d96ca5c3fa220b2c438a78263a1"
"untracked",".ccg/dual-model-runs/20260711-112700-f07-issue-review-r1-reviewer/gemini-reviewer-attempt-1.stdout.md","0","2026-07-11T03:27:10.0895131Z","e3b0c44298fc1c149afbf4c8996fb92427ae41e4649b934ca495991b7852b855"
"untracked",".ccg/dual-model-runs/20260711-112700-f07-issue-review-r1-reviewer/health-attempt-1.json","1773","2026-07-11T03:27:01.5282090Z","024f285bce0e7bf2550f5884629b9e34d773e5d2fcd63540b6c3b5028e24cadd"
"untracked",".ccg/dual-model-runs/20260711-112700-f07-issue-review-r1-reviewer/summary.json","6172","2026-07-11T03:31:07.9080235Z","5304114183c948089e6f8fcc322f539de005af65582de2293629e899caf8f651"
"untracked",".ccg/dual-model-runs/20260711-112700-f07-issue-review-r1-reviewer/summary.md","596","2026-07-11T03:31:07.9133655Z","33c0d600eb9df25746fc5f30eee41b4dc5ceea7f608b51b56cdecc8547ac25f4"
"untracked",".ccg/dual-model-runs/20260711-112747-f08-issue-review-r1-reviewer/ccg-health-20260711-112747.json","1615","2026-07-11T03:27:47.7577367Z","3ba9512bb1a8ef2cf75aef264e84d32b368cb66d30868db3f293453362ae1c7a"
"untracked",".ccg/dual-model-runs/20260711-112747-f08-issue-review-r1-reviewer/claude-reviewer-attempt-1.prompt.md","3461","2026-07-11T03:27:52.9214466Z","5219e3db582195ef09e8b313aba712f19ceccb0bff481dba4224e8b74b520a56"
"untracked",".ccg/dual-model-runs/20260711-112747-f08-issue-review-r1-reviewer/claude-reviewer-attempt-1.stderr.md","290","2026-07-11T03:31:29.8462856Z","03aeeb6098a96e6310c026a0c73bc1d70e7479622f75202b356d346b44dec2c7"
"untracked",".ccg/dual-model-runs/20260711-112747-f08-issue-review-r1-reviewer/claude-reviewer-attempt-1.stdout.md","6469","2026-07-11T03:31:29.8455375Z","6027a7825da8c1569a3a168cf2c5cb924b55298680abe30c61c3c6774c70c91f"
"untracked",".ccg/dual-model-runs/20260711-112747-f08-issue-review-r1-reviewer/gemini-reviewer-attempt-1.prompt.md","3461","2026-07-11T03:27:47.7877369Z","d58e72267c8c0ce6dc49df8d44399d2f060d12bdfe27e3e9c3d109e9c3f67c0f"
"untracked",".ccg/dual-model-runs/20260711-112747-f08-issue-review-r1-reviewer/gemini-reviewer-attempt-1.stderr.md","2148","2026-07-11T03:27:52.8534476Z","df34bc82215520c000b423ba6e92fbaf0c3c10efe017a908cbd7f49cbdd26872"
"untracked",".ccg/dual-model-runs/20260711-112747-f08-issue-review-r1-reviewer/gemini-reviewer-attempt-1.stdout.md","0","2026-07-11T03:27:52.8534476Z","e3b0c44298fc1c149afbf4c8996fb92427ae41e4649b934ca495991b7852b855"
"untracked",".ccg/dual-model-runs/20260711-112747-f08-issue-review-r1-reviewer/health-attempt-1.json","1773","2026-07-11T03:27:47.7807365Z","6d6ce2bc3b8ee4dfc8fe5a1331738d3fcec60745249028eacfc70ffdcf4d48ba"
"untracked",".ccg/dual-model-runs/20260711-112747-f08-issue-review-r1-reviewer/summary.json","6194","2026-07-11T03:31:29.9081035Z","b5f42e56177e890b46535d092acd7facca437b2e223e494b39463745287292ca"
"untracked",".ccg/dual-model-runs/20260711-112747-f08-issue-review-r1-reviewer/summary.md","596","2026-07-11T03:31:29.9133694Z","143519359db468c782cf2b3ca554536aa7962d6f46fe38b7b7d479a660978e24"
"untracked",".ccg/dual-model-runs/20260711-121704-b01-issue-review-r1-reviewer/ccg-health-20260711-121705.json","1645","2026-07-11T04:17:05.0887037Z","06b7537d1d57e81e824f670329a0e89db35d3aefbb5de6131d671e8fcd189daf"
"untracked",".ccg/dual-model-runs/20260711-121704-b01-issue-review-r1-reviewer/claude-reviewer-attempt-1.prompt.md","4812","2026-07-11T04:17:12.8452955Z","ebe75a2e6261b0edaa6aa4bb57fa8b9b032eb4f3f0ab68f0dca62f0fd711b5fa"
"untracked",".ccg/dual-model-runs/20260711-121704-b01-issue-review-r1-reviewer/claude-reviewer-attempt-1.stderr.md","290","2026-07-11T04:23:20.6589855Z","9891273a94c3ceb5afb3a6d524a7f65f4b9a319adf1584f71446c86542f3bcb7"
"untracked",".ccg/dual-model-runs/20260711-121704-b01-issue-review-r1-reviewer/claude-reviewer-attempt-1.stdout.md","11817","2026-07-11T04:23:20.6579909Z","7fe2419e0040c7e5f83c8caf50840839a6abc71d1c649ea2bb0eba374f2bf8c6"
"untracked",".ccg/dual-model-runs/20260711-121704-b01-issue-review-r1-reviewer/gemini-reviewer-attempt-1.prompt.md","4812","2026-07-11T04:17:05.1207074Z","55d5821d584d3920597147fd243bb5ff3197031e5de84cd084040c8e3fca5c03"
"untracked",".ccg/dual-model-runs/20260711-121704-b01-issue-review-r1-reviewer/gemini-reviewer-attempt-1.stderr.md","2179","2026-07-11T04:17:12.7912882Z","ddc70e345f48dde003782f020ea176731e0b545032e1089f65010dab6a03d2d0"
"untracked",".ccg/dual-model-runs/20260711-121704-b01-issue-review-r1-reviewer/gemini-reviewer-attempt-1.stdout.md","0","2026-07-11T04:17:12.7902933Z","e3b0c44298fc1c149afbf4c8996fb92427ae41e4649b934ca495991b7852b855"
"untracked",".ccg/dual-model-runs/20260711-121704-b01-issue-review-r1-reviewer/health-attempt-1.json","1836","2026-07-11T04:17:05.1137068Z","331b7441003535f52ae112200aa0543420b9543efb964e06df111d93484a7b12"
"untracked",".ccg/dual-model-runs/20260711-121704-b01-issue-review-r1-reviewer/summary.json","6522","2026-07-11T04:23:20.7155280Z","89d3269722d101cf0aee2ce2db3cf782dd456f3d816fc7fec878afd0eac72b75"
"untracked",".ccg/dual-model-runs/20260711-121704-b01-issue-review-r1-reviewer/summary.md","689","2026-07-11T04:23:20.7215215Z","220de80f8a2db46665f17fb8f758da867eb5315d9793629b91a0b7e487a5af25"
"untracked",".ccg/dual-model-runs/20260711-122831-b01-issue-review-r2-reviewer/ccg-health-20260711-122832.json","1648","2026-07-11T04:28:32.0930114Z","dd187e0106ef6d0557862f87bd56f17c7b9d7dcf1f7ea2e2291aad13ea9aca00"
"untracked",".ccg/dual-model-runs/20260711-122831-b01-issue-review-r2-reviewer/claude-reviewer-attempt-1.prompt.md","4036","2026-07-11T04:28:37.9131273Z","334bdca1223ed71b79549d1f46164e1d8871dc4d6a088a8d4b4407c486e1ec6a"
"untracked",".ccg/dual-model-runs/20260711-122831-b01-issue-review-r2-reviewer/claude-reviewer-attempt-1.stderr.md","290","2026-07-11T04:30:36.8317426Z","0c45a419333692b2a5df2e47388802e09fc678b4f1fa50c32b04997cecc5b45e"
"untracked",".ccg/dual-model-runs/20260711-122831-b01-issue-review-r2-reviewer/claude-reviewer-attempt-1.stdout.md","4870","2026-07-11T04:30:36.8302134Z","6c1cc0946630cd3a8aa5cd40c09c3e734ce1119aae98df5bcef7705e10dd18fe"
"untracked",".ccg/dual-model-runs/20260711-122831-b01-issue-review-r2-reviewer/gemini-reviewer-attempt-1.prompt.md","4036","2026-07-11T04:28:32.1231869Z","f9bc3fc2c1a3610a4cd8816ac01fbab7a00892323dfb5fd308f96c5deb43346b"
"untracked",".ccg/dual-model-runs/20260711-122831-b01-issue-review-r2-reviewer/gemini-reviewer-attempt-1.stderr.md","2179","2026-07-11T04:28:37.7886087Z","cb08f858fa8fc3668209309f94e44188fd57908bbfd6c330b4874037668927a0"
"untracked",".ccg/dual-model-runs/20260711-122831-b01-issue-review-r2-reviewer/gemini-reviewer-attempt-1.stdout.md","0","2026-07-11T04:28:37.7876091Z","e3b0c44298fc1c149afbf4c8996fb92427ae41e4649b934ca495991b7852b855"
"untracked",".ccg/dual-model-runs/20260711-122831-b01-issue-review-r2-reviewer/health-attempt-1.json","1839","2026-07-11T04:28:32.1180272Z","a63ef1ce2b74820ab7a415b5e70bc6da6550ba1937ae9cc0fed5c0abbfd376e0"
"untracked",".ccg/dual-model-runs/20260711-122831-b01-issue-review-r2-reviewer/summary.json","6524","2026-07-11T04:30:36.9033796Z","7ef7fb923025624b6d02650ab7b148c5c245f31ce85e1c6edf77bd183a78d85d"
"untracked",".ccg/dual-model-runs/20260711-122831-b01-issue-review-r2-reviewer/summary.md","689","2026-07-11T04:30:36.9124987Z","493489e8bbd754013aa31fb9067cb70c3bb5e7b83f730c19053952fb591a0977"
"untracked",".ccg/dual-model-runs/20260711-122832-f09-issue-review-r1-reviewer/ccg-health-20260711-122833.json","1648","2026-07-11T04:28:33.0518897Z","545757c84a452ad76cdbbe7fc7e2acaddea0afa969fded9daed2570cbe172ac3"
"untracked",".ccg/dual-model-runs/20260711-122832-f09-issue-review-r1-reviewer/claude-reviewer-attempt-1.prompt.md","4102","2026-07-11T04:28:38.1495215Z","42baa033a64687355edd7f87f149a82eda71773f3ee4a4684db3248e4e4e8201"
"untracked",".ccg/dual-model-runs/20260711-122832-f09-issue-review-r1-reviewer/claude-reviewer-attempt-1.stderr.md","290","2026-07-11T04:31:30.6292804Z","0c26f52c933721bafccf5ee45efa895b894af362c91f04567b8be78d5880ac20"
"untracked",".ccg/dual-model-runs/20260711-122832-f09-issue-review-r1-reviewer/claude-reviewer-attempt-1.stdout.md","8207","2026-07-11T04:31:30.6262876Z","09e934a852e7f01b6eec7fd9b3b1834899107a96a91923ae1bdec2e3d428b004"
"untracked",".ccg/dual-model-runs/20260711-122832-f09-issue-review-r1-reviewer/gemini-reviewer-attempt-1.prompt.md","4102","2026-07-11T04:28:33.0778906Z","956a3059abcba882440f66b79a597136325a115c52991c8e0f00cbd9a53bf67e"
"untracked",".ccg/dual-model-runs/20260711-122832-f09-issue-review-r1-reviewer/gemini-reviewer-attempt-1.stderr.md","2179","2026-07-11T04:28:38.0675857Z","fe863292fd42292c6483c6d9305ad78da82e769d8bae228ba8c052196cd1faf0"
"untracked",".ccg/dual-model-runs/20260711-122832-f09-issue-review-r1-reviewer/gemini-reviewer-attempt-1.stdout.md","0","2026-07-11T04:28:38.0665819Z","e3b0c44298fc1c149afbf4c8996fb92427ae41e4649b934ca495991b7852b855"
"untracked",".ccg/dual-model-runs/20260711-122832-f09-issue-review-r1-reviewer/health-attempt-1.json","1839","2026-07-11T04:28:33.0728894Z","fe7e08969b3c34e064dc9973615fb826d9795ca4856c0fa3c296c73ab7670f13"
"untracked",".ccg/dual-model-runs/20260711-122832-f09-issue-review-r1-reviewer/summary.json","6524","2026-07-11T04:31:30.7642196Z","a475e9d5110c6b159dac49a96fead93a908e8d8622736bc209d1685c0834cd2d"
"untracked",".ccg/dual-model-runs/20260711-122832-f09-issue-review-r1-reviewer/summary.md","689","2026-07-11T04:31:30.7702233Z","14126f4d92c8a7c4db320e0d5697b006b46101cba5ff9933bfb2aea0bbfd1423"
"untracked",".ccg/dual-model-runs/20260711-130607-b02-issue-review-r1-reviewer/ccg-health-20260711-130607.json","1648","2026-07-11T05:06:07.6573941Z","9fa7ef9ce3d637ab005574c93bce682a15519e7fec2cb648c8793a1fea2a1727"
"untracked",".ccg/dual-model-runs/20260711-130607-b02-issue-review-r1-reviewer/claude-reviewer-attempt-1.prompt.md","4229","2026-07-11T05:06:12.3737398Z","3ec5b9595d73186e48087e0b2bbc2909c3bffffb3edbdb59409eefaf11b24f4c"
"untracked",".ccg/dual-model-runs/20260711-130607-b02-issue-review-r1-reviewer/claude-reviewer-attempt-1.stderr.md","533","2026-07-11T05:06:14.5543056Z","9e772d188ec12927925b7986ff9648030d591fe00b5dd0a5d642789c47905865"
"untracked",".ccg/dual-model-runs/20260711-130607-b02-issue-review-r1-reviewer/claude-reviewer-attempt-1.stdout.md","0","2026-07-11T05:06:14.5543056Z","e3b0c44298fc1c149afbf4c8996fb92427ae41e4649b934ca495991b7852b855"
"untracked",".ccg/dual-model-runs/20260711-130607-b02-issue-review-r1-reviewer/gemini-reviewer-attempt-1.prompt.md","4229","2026-07-11T05:06:07.6818467Z","930875cf2d5e524901fd2178bbb2a980b30678a39f515698bb736431e79cf5e5"
"untracked",".ccg/dual-model-runs/20260711-130607-b02-issue-review-r1-reviewer/gemini-reviewer-attempt-1.stderr.md","2179","2026-07-11T05:06:12.3340568Z","28bd6f356b46e3605c9ca51819212bbf92534ed696bb3d35f54fa2e5e8877991"
"untracked",".ccg/dual-model-runs/20260711-130607-b02-issue-review-r1-reviewer/gemini-reviewer-attempt-1.stdout.md","0","2026-07-11T05:06:12.3330573Z","e3b0c44298fc1c149afbf4c8996fb92427ae41e4649b934ca495991b7852b855"
"untracked",".ccg/dual-model-runs/20260711-130607-b02-issue-review-r1-reviewer/health-attempt-1.json","1839","2026-07-11T05:06:07.6765126Z","ae89d7143a50364ffadeeea07e406ac0f73d7dd7c49dabe1f42c660b1e4b7cae"
"untracked",".ccg/dual-model-runs/20260711-130607-b02-issue-review-r1-reviewer/summary.json","6617","2026-07-11T05:06:17.2802672Z","97ce5e9602d4ce11b823886ff6c4e76cf6ca38af5c2c1f12d3b30cf9ef85fdec"
"untracked",".ccg/dual-model-runs/20260711-130607-b02-issue-review-r1-reviewer/summary.md","692","2026-07-11T05:06:17.2837832Z","e29c93ffaa52819dae4cd5248855f9065833e224960d8038db81f88d41f02d2f"
"untracked",".ccg/dual-model-runs/20260711-131640-b03-issue-review-r1-reviewer/ccg-health-20260711-131640.json","1645","2026-07-11T05:16:40.8102881Z","4260bd25fdfbf86c9c6d92516bb1c4123508ddfd17b743becad9a9f71433861f"
"untracked",".ccg/dual-model-runs/20260711-131640-b03-issue-review-r1-reviewer/claude-reviewer-attempt-1.prompt.md","3603","2026-07-11T05:16:44.8219245Z","ce065107a2aee63d4cafca08089a1f91b114ef5a0c8672c84236eae0a7c9d296"
"untracked",".ccg/dual-model-runs/20260711-131640-b03-issue-review-r1-reviewer/claude-reviewer-attempt-1.stderr.md","533","2026-07-11T05:16:47.2579024Z","4c52e0b5933dc6dd1e3467a15065aa3be00d21de36d33f3d9fc65312e83b2f88"
"untracked",".ccg/dual-model-runs/20260711-131640-b03-issue-review-r1-reviewer/claude-reviewer-attempt-1.stdout.md","0","2026-07-11T05:16:47.2563603Z","e3b0c44298fc1c149afbf4c8996fb92427ae41e4649b934ca495991b7852b855"
"untracked",".ccg/dual-model-runs/20260711-131640-b03-issue-review-r1-reviewer/gemini-reviewer-attempt-1.prompt.md","3603","2026-07-11T05:16:40.8344772Z","be87ebdb402fcf51ec85fb685e74161ffe4d3ac0be144b3a3da7cc951d9fafbf"
"untracked",".ccg/dual-model-runs/20260711-131640-b03-issue-review-r1-reviewer/gemini-reviewer-attempt-1.stderr.md","2179","2026-07-11T05:16:44.7792832Z","fb44b93d616a8e7a376c7b55bddd2ddb1189b61512097f667ca8f23e5f03ca9b"
"untracked",".ccg/dual-model-runs/20260711-131640-b03-issue-review-r1-reviewer/gemini-reviewer-attempt-1.stdout.md","0","2026-07-11T05:16:44.7782520Z","e3b0c44298fc1c149afbf4c8996fb92427ae41e4649b934ca495991b7852b855"
"untracked",".ccg/dual-model-runs/20260711-131640-b03-issue-review-r1-reviewer/health-attempt-1.json","1836","2026-07-11T05:16:40.8299619Z","63dd6fc8af3f78393c2dafecc518f4269c1269a91e87a150d21f97f4fe2461da"
"untracked",".ccg/dual-model-runs/20260711-131640-b03-issue-review-r1-reviewer/summary.json","6615","2026-07-11T05:16:50.1581395Z","9168aae5ea107405b32ff51c284fac9353e6f078a894333610e340904c2e1b48"
"untracked",".ccg/dual-model-runs/20260711-131640-b03-issue-review-r1-reviewer/summary.md","692","2026-07-11T05:16:50.1618690Z","039a045ec70dad2a00e9f811ad2575596db90473809b8cf84567cf085828ea76"
"untracked",".ccg/dual-model-runs/20260711-162341-b04b-issue-review-r1-reviewer/ccg-health-20260711-162342.json","1648","2026-07-11T08:23:42.9083248Z","ccc279af243e55ab5e68cae75abb4490175621170e332cbd714cf001e8130867"
"untracked",".ccg/dual-model-runs/20260711-162341-b04b-issue-review-r1-reviewer/claude-reviewer-attempt-1.prompt.md","4099","2026-07-11T08:23:51.6302802Z","adc288ce60c31f2f553e9c48f30e1a4d90a8bc679eb82998497756bb288e466d"
"untracked",".ccg/dual-model-runs/20260711-162341-b04b-issue-review-r1-reviewer/claude-reviewer-attempt-1.stderr.md","290","2026-07-11T08:29:32.7709737Z","90478f03bcd4b489530541d15f33acc839b15d20653eb6960c714be05c5e6b9b"
"untracked",".ccg/dual-model-runs/20260711-162341-b04b-issue-review-r1-reviewer/claude-reviewer-attempt-1.stdout.md","2337","2026-07-11T08:29:32.7709737Z","746c39dae8475483796f89ccaea75fa2574c2e6a6b99a7e62abaf49db53d85e6"
"untracked",".ccg/dual-model-runs/20260711-162341-b04b-issue-review-r1-reviewer/gemini-reviewer-attempt-1.prompt.md","4099","2026-07-11T08:23:42.9353259Z","eb4577bce103299693176497120cb8919dbf4631e6b99449c11ff02991a47628"
"untracked",".ccg/dual-model-runs/20260711-162341-b04b-issue-review-r1-reviewer/gemini-reviewer-attempt-1.stderr.md","2193","2026-07-11T08:23:51.5192793Z","74e8838d1f36d356917b9c8551cd5eed2d2931a41e7619844a147f58a9264308"
"untracked",".ccg/dual-model-runs/20260711-162341-b04b-issue-review-r1-reviewer/gemini-reviewer-attempt-1.stdout.md","0","2026-07-11T08:23:51.5182791Z","e3b0c44298fc1c149afbf4c8996fb92427ae41e4649b934ca495991b7852b855"
"untracked",".ccg/dual-model-runs/20260711-162341-b04b-issue-review-r1-reviewer/health-attempt-1.json","1840","2026-07-11T08:23:42.9303269Z","6629ba8a850cbd72147523891e8dce3a3399dd03323abb341502e509fa8e25c1"
"untracked",".ccg/dual-model-runs/20260711-162341-b04b-issue-review-r1-reviewer/summary.json","6534","2026-07-11T08:29:32.8559724Z","62d681a49c5d0ead36240424909c4dcaf031750fd74e31c5a36b26a70d908200"
"untracked",".ccg/dual-model-runs/20260711-162341-b04b-issue-review-r1-reviewer/summary.md","692","2026-07-11T08:29:32.8599820Z","7cbe153862b2b2b129805fe63978d047f2549776a4285ae8d0e710b0ab487430"
"untracked",".ccg/dual-model-runs/20260711-163855-b06a-issue-review-r1-reviewer/ccg-health-20260711-163855.json","1645","2026-07-11T08:38:55.5597588Z","b0fdc23610cb36c128051c49ab0b9e0645f2baf979b9b035477b62bc22109ee2"
"untracked",".ccg/dual-model-runs/20260711-163855-b06a-issue-review-r1-reviewer/claude-reviewer-attempt-1.prompt.md","3501","2026-07-11T08:39:00.6283885Z","4df66fc10f067f8f58701629c9cde1d4b74f47137c463665b4da9b4ad06b8d1c"
"untracked",".ccg/dual-model-runs/20260711-163855-b06a-issue-review-r1-reviewer/claude-reviewer-attempt-1.stderr.md","290","2026-07-11T08:43:10.6648407Z","0e477aba60120f2044433ff7490567735638a2f7d7d546d69649b8f3edd8bbeb"
"untracked",".ccg/dual-model-runs/20260711-163855-b06a-issue-review-r1-reviewer/claude-reviewer-attempt-1.stdout.md","8669","2026-07-11T08:43:10.6648407Z","98d22ad1aece0e2ed145465f627f7c11fc2c5e35659e740d68631ba371c390c2"
"untracked",".ccg/dual-model-runs/20260711-163855-b06a-issue-review-r1-reviewer/gemini-reviewer-attempt-1.prompt.md","3501","2026-07-11T08:38:55.5831122Z","414b670c5a687753c79a1066da18c0718cf44401af823450d5baccca3461d704"
"untracked",".ccg/dual-model-runs/20260711-163855-b06a-issue-review-r1-reviewer/gemini-reviewer-attempt-1.stderr.md","2193","2026-07-11T08:39:00.5569572Z","c0247c71a1bc6fe58944d8c2559908021882564f6ffff3659d3458ea784382ba"
"untracked",".ccg/dual-model-runs/20260711-163855-b06a-issue-review-r1-reviewer/gemini-reviewer-attempt-1.stdout.md","0","2026-07-11T08:39:00.5569572Z","e3b0c44298fc1c149afbf4c8996fb92427ae41e4649b934ca495991b7852b855"
"untracked",".ccg/dual-model-runs/20260711-163855-b06a-issue-review-r1-reviewer/health-attempt-1.json","1837","2026-07-11T08:38:55.5791013Z","c252d89d724f37138fc192986921275350d65a867a1e492011471ecc723ff893"
"untracked",".ccg/dual-model-runs/20260711-163855-b06a-issue-review-r1-reviewer/summary.json","6532","2026-07-11T08:43:10.7246330Z","29e3c7e95c1ee12edf38b92ef71bace60729856b3cb2fd1461e01b43e95c0b40"
"untracked",".ccg/dual-model-runs/20260711-163855-b06a-issue-review-r1-reviewer/summary.md","692","2026-07-11T08:43:10.7266429Z","3b1d6a5f18046e636f73afda55614fc8332450ce5d8d4c9091113090bc59c8b4"
"untracked",".ccg/dual-model-runs/20260711-164929-b06b-issue-review-r1-reviewer/ccg-health-20260711-164929.json","1648","2026-07-11T08:49:29.4435776Z","6bbc3df420d5502b7f23caf61a69730af9a735a0f158caaa301bdc5d99d3b2f2"
"untracked",".ccg/dual-model-runs/20260711-164929-b06b-issue-review-r1-reviewer/claude-reviewer-attempt-1.prompt.md","5229","2026-07-11T08:49:34.1350081Z","2a34c15ad5b99fe9090407ac845f09455a4d8f978482fa07fea1a06b9ff48ba0"
"untracked",".ccg/dual-model-runs/20260711-164929-b06b-issue-review-r1-reviewer/claude-reviewer-attempt-1.stderr.md","290","2026-07-11T08:55:30.1767274Z","dd763414d2b9a78645c2c342b3759e4ee2aabbfbc6e6bdf22ef48df9fd144cab"
"untracked",".ccg/dual-model-runs/20260711-164929-b06b-issue-review-r1-reviewer/claude-reviewer-attempt-1.stdout.md","11067","2026-07-11T08:55:30.1767274Z","19a7932eb83cfaf059efe7f2c0d8046dcc204deff00ae28960698aef89192f9f"
"untracked",".ccg/dual-model-runs/20260711-164929-b06b-issue-review-r1-reviewer/gemini-reviewer-attempt-1.prompt.md","5229","2026-07-11T08:49:29.4702309Z","d2a09736d18a9de7357fc8bb1ad94cac17cc0815271d13e54dbaa63c02a95ae8"
"untracked",".ccg/dual-model-runs/20260711-164929-b06b-issue-review-r1-reviewer/gemini-reviewer-attempt-1.stderr.md","2190","2026-07-11T08:49:34.0577905Z","a6464f7a1284c3e23dca4cc40bc8c252c3ec3954a5d792fd4aaae8f1104f3d7d"
"untracked",".ccg/dual-model-runs/20260711-164929-b06b-issue-review-r1-reviewer/gemini-reviewer-attempt-1.stdout.md","0","2026-07-11T08:49:34.0567185Z","e3b0c44298fc1c149afbf4c8996fb92427ae41e4649b934ca495991b7852b855"
"untracked",".ccg/dual-model-runs/20260711-164929-b06b-issue-review-r1-reviewer/health-attempt-1.json","1840","2026-07-11T08:49:29.4633250Z","41f5106975abc259ea7219af7c12c7690f7284913a9f241ffce5398df0d92858"
"untracked",".ccg/dual-model-runs/20260711-164929-b06b-issue-review-r1-reviewer/summary.json","6534","2026-07-11T08:55:30.2393290Z","8b2ec1c7d65331a66cbe5f2bb3151314cd4a1f29b605881550898dc777ac57bc"
"untracked",".ccg/dual-model-runs/20260711-164929-b06b-issue-review-r1-reviewer/summary.md","692","2026-07-11T08:55:30.2453504Z","f0607c74501f9b29591c2d47fb623ea380f46417fdbca51ab3ac67b7e8b93dc8"
"untracked",".ccg/dual-model-runs/20260711-170214-b06c-issue-review-r1-reviewer/ccg-health-20260711-170214.json","1648","2026-07-11T09:02:14.5646721Z","636b651eaecc0cc0214ab9bc582ed1b32f2e4e7e24ed239e5b1ca034c903e626"
"untracked",".ccg/dual-model-runs/20260711-170214-b06c-issue-review-r1-reviewer/claude-reviewer-attempt-1.prompt.md","4272","2026-07-11T09:02:18.9322644Z","d94cefdd0ffbd957f5b57e2ee6f3a51dda64ca6b85f2ae205edda29d86cc0b5e"
"untracked",".ccg/dual-model-runs/20260711-170214-b06c-issue-review-r1-reviewer/claude-reviewer-attempt-1.stderr.md","290","2026-07-11T09:09:56.7714971Z","8119131b73ae123fee730276302b0ffd692f5b3648ebd03233a49622f9d36477"
"untracked",".ccg/dual-model-runs/20260711-170214-b06c-issue-review-r1-reviewer/claude-reviewer-attempt-1.stdout.md","13473","2026-07-11T09:09:56.7714971Z","00a10757be098a9fb085876275303fe3ea1a011fe098d13ba23a1248d60896c2"
"untracked",".ccg/dual-model-runs/20260711-170214-b06c-issue-review-r1-reviewer/gemini-reviewer-attempt-1.prompt.md","4272","2026-07-11T09:02:14.5877148Z","f3171d4a39f129297c012d5f45fde635b5bfb46b4c628e4445328cf51b1d7a3e"
"untracked",".ccg/dual-model-runs/20260711-170214-b06c-issue-review-r1-reviewer/gemini-reviewer-attempt-1.stderr.md","2190","2026-07-11T09:02:18.8652229Z","9d3d833be1a99a66ecf2584571acf6e2f9798c537d47349fe8064c81b8ce2cd2"
"untracked",".ccg/dual-model-runs/20260711-170214-b06c-issue-review-r1-reviewer/gemini-reviewer-attempt-1.stdout.md","0","2026-07-11T09:02:18.8641387Z","e3b0c44298fc1c149afbf4c8996fb92427ae41e4649b934ca495991b7852b855"
"untracked",".ccg/dual-model-runs/20260711-170214-b06c-issue-review-r1-reviewer/health-attempt-1.json","1840","2026-07-11T09:02:14.5797743Z","587e257b34e51fdfb24d87de9893629a3ede6b5a475711713b7ef601c44c611d"
"untracked",".ccg/dual-model-runs/20260711-170214-b06c-issue-review-r1-reviewer/summary.json","6534","2026-07-11T09:09:56.8296427Z","5cb6801935518e68ec13a9b520e936e99a7945d9eefbaab7c6a0e9329ad5523e"
"untracked",".ccg/dual-model-runs/20260711-170214-b06c-issue-review-r1-reviewer/summary.md","692","2026-07-11T09:09:56.8338011Z","574b579f628a3aca8a9af4744f2f11cb820fa179805890f1684ec8368d9b214e"
"untracked",".ccg/dual-model-runs/20260711-171655-b07-issue-review-r1-reviewer/ccg-health-20260711-171655.json","1648","2026-07-11T09:16:55.7859411Z","8de739c46966e7e7c97ab2db09d5d58fecb6cc46efce454c25ce42c5c2f79e94"
"untracked",".ccg/dual-model-runs/20260711-171655-b07-issue-review-r1-reviewer/claude-reviewer-attempt-1.prompt.md","3722","2026-07-11T09:17:00.3786068Z","01f2b9034fd2618cb88fc3ae85c7f083569577eb691401acf5f7baf82430d765"
"untracked",".ccg/dual-model-runs/20260711-171655-b07-issue-review-r1-reviewer/claude-reviewer-attempt-1.stderr.md","533","2026-07-11T09:17:02.7330769Z","817779c87b198b131167b4bc1f58f026a34309b569a15be7c7990c3f7c47a844"
"untracked",".ccg/dual-model-runs/20260711-171655-b07-issue-review-r1-reviewer/claude-reviewer-attempt-1.stdout.md","0","2026-07-11T09:17:02.7320686Z","e3b0c44298fc1c149afbf4c8996fb92427ae41e4649b934ca495991b7852b855"
"untracked",".ccg/dual-model-runs/20260711-171655-b07-issue-review-r1-reviewer/gemini-reviewer-attempt-1.prompt.md","3722","2026-07-11T09:16:55.8099549Z","55f996be913e6156062a0bb0e6f1814c9a4b41c9ad9eca3352a4c7f509299f73"
"untracked",".ccg/dual-model-runs/20260711-171655-b07-issue-review-r1-reviewer/gemini-reviewer-attempt-1.stderr.md","2190","2026-07-11T09:17:00.2956077Z","dfb72d59b4fd49e32ad007c2033a685b47e1f4088747120777a8902eb485c444"
"untracked",".ccg/dual-model-runs/20260711-171655-b07-issue-review-r1-reviewer/gemini-reviewer-attempt-1.stdout.md","0","2026-07-11T09:17:00.2946086Z","e3b0c44298fc1c149afbf4c8996fb92427ae41e4649b934ca495991b7852b855"
"untracked",".ccg/dual-model-runs/20260711-171655-b07-issue-review-r1-reviewer/health-attempt-1.json","1839","2026-07-11T09:16:55.8049416Z","4354fc499a9c3bd99606a2a30fc23ee71fcf091803843d5cc20189357ba4c35f"
"untracked",".ccg/dual-model-runs/20260711-171655-b07-issue-review-r1-reviewer/summary.json","6617","2026-07-11T09:17:05.5036312Z","a2016d8a2953b0d21690a16ff3b1fb4c896ec03ec7b6822d277fcb98caf8202f"
"untracked",".ccg/dual-model-runs/20260711-171655-b07-issue-review-r1-reviewer/summary.md","692","2026-07-11T09:17:05.5066314Z","54eb1ec49032831e17e204bdf241b343ba19fe12e8642616199a02b2d758be99"
"untracked",".ccg/dual-model-runs/20260711-171819-b07-issue-review-r1-reviewer/ccg-health-20260711-171819.json","1648","2026-07-11T09:18:19.6055500Z","acb4f08fa00f2df6ade86a5461e10827691e3545e8efcaa6e956a6c2aaf0af78"
"untracked",".ccg/dual-model-runs/20260711-171819-b07-issue-review-r1-reviewer/claude-reviewer-attempt-1.prompt.md","3677","2026-07-11T09:18:23.6924683Z","bc8829487f9375f8bc912883eae56d51c49a2ec18d7948dd67bdc3b33f2683d7"
"untracked",".ccg/dual-model-runs/20260711-171819-b07-issue-review-r1-reviewer/claude-reviewer-attempt-1.stderr.md","533","2026-07-11T09:18:26.2237243Z","a359639b7e2f0e2b1881fdc82431bbb4334142d4a0aa32468fc89a1c3fad0e56"
"untracked",".ccg/dual-model-runs/20260711-171819-b07-issue-review-r1-reviewer/claude-reviewer-attempt-1.stdout.md","0","2026-07-11T09:18:26.2227245Z","e3b0c44298fc1c149afbf4c8996fb92427ae41e4649b934ca495991b7852b855"
"untracked",".ccg/dual-model-runs/20260711-171819-b07-issue-review-r1-reviewer/gemini-reviewer-attempt-1.prompt.md","3677","2026-07-11T09:18:19.6304745Z","f2c31d135fa00e9b36941c56622e93021f21f1b8f87fb58b339496e0b018221a"
"untracked",".ccg/dual-model-runs/20260711-171819-b07-issue-review-r1-reviewer/gemini-reviewer-attempt-1.stderr.md","2193","2026-07-11T09:18:23.6204696Z","f8590f35b92b5ad4ce39fc4045fa0501da8edc2636197ed342817d038df3eb3e"
"untracked",".ccg/dual-model-runs/20260711-171819-b07-issue-review-r1-reviewer/gemini-reviewer-attempt-1.stdout.md","0","2026-07-11T09:18:23.6194704Z","e3b0c44298fc1c149afbf4c8996fb92427ae41e4649b934ca495991b7852b855"
"untracked",".ccg/dual-model-runs/20260711-171819-b07-issue-review-r1-reviewer/health-attempt-1.json","1839","2026-07-11T09:18:19.6254759Z","ba4b0019b20f6bfb2cf161c53275b66ce8a048c83d9e34c56cff38bca5c0d0e8"
"untracked",".ccg/dual-model-runs/20260711-171819-b07-issue-review-r1-reviewer/summary.json","6617","2026-07-11T09:18:29.1083993Z","6a420e4f7449ab031fbbf0bfdeed9399efae540af8e9159f7402a90170eeea59"
"untracked",".ccg/dual-model-runs/20260711-171819-b07-issue-review-r1-reviewer/summary.md","692","2026-07-11T09:18:29.1114010Z","6b3d8f94706c8872622822d082deb779e850a752bd2d2df197d7882e7a99c432"
"untracked",".ccg/dual-model-runs/20260711-172430-x01-issue-review-r1-reviewer/ccg-health-20260711-172430.json","1648","2026-07-11T09:24:30.8049797Z","b292e07b9748a78eebffbafa75aa1bda6ef67e7085320f8cc1331ab3847b3e35"
"untracked",".ccg/dual-model-runs/20260711-172430-x01-issue-review-r1-reviewer/claude-reviewer-attempt-1.prompt.md","4065","2026-07-11T09:24:35.2353366Z","16a4616d23301705c8cb5056c5bae4ec30e2c869dc21ebe00647e11237f50a4b"
"untracked",".ccg/dual-model-runs/20260711-172430-x01-issue-review-r1-reviewer/claude-reviewer-attempt-1.stderr.md","547","2026-07-11T09:24:37.5588061Z","b0bd2b18922acdb0291c501d2d32ff9b4864e2228e451c0640651b62b8d1ba85"
"untracked",".ccg/dual-model-runs/20260711-172430-x01-issue-review-r1-reviewer/claude-reviewer-attempt-1.stdout.md","0","2026-07-11T09:24:37.5588061Z","e3b0c44298fc1c149afbf4c8996fb92427ae41e4649b934ca495991b7852b855"
"untracked",".ccg/dual-model-runs/20260711-172430-x01-issue-review-r1-reviewer/gemini-reviewer-attempt-1.prompt.md","4065","2026-07-11T09:24:30.8279799Z","e588bdefef1e3da1bfe03e409ebdb814fcdeac3e94c6e401070705f2345a0371"
"untracked",".ccg/dual-model-runs/20260711-172430-x01-issue-review-r1-reviewer/gemini-reviewer-attempt-1.stderr.md","2193","2026-07-11T09:24:35.1628291Z","c945ea5ed7db6812bc8cc151bf61d287c7554010f70371634b5984460a912ac8"
"untracked",".ccg/dual-model-runs/20260711-172430-x01-issue-review-r1-reviewer/gemini-reviewer-attempt-1.stdout.md","0","2026-07-11T09:24:35.1628291Z","e3b0c44298fc1c149afbf4c8996fb92427ae41e4649b934ca495991b7852b855"
"untracked",".ccg/dual-model-runs/20260711-172430-x01-issue-review-r1-reviewer/health-attempt-1.json","1839","2026-07-11T09:24:30.8239824Z","c005323f6ac2a3ff6d424199a14a68fdd505aca4acba9e2fcc55be79dd6311e8"
"untracked",".ccg/dual-model-runs/20260711-172430-x01-issue-review-r1-reviewer/summary.json","6617","2026-07-11T09:24:39.9297442Z","6949b355ea6718f84b95e82ca6ace804e560daaa0d76b2e15befd6471528cb31"
"untracked",".ccg/dual-model-runs/20260711-172430-x01-issue-review-r1-reviewer/summary.md","692","2026-07-11T09:24:39.9337535Z","cd2bed8fc01fc248f973bbaddebd7a643e20a33d8c06d01e563134a5758e59ef"
"untracked",".ccg/dual-model-runs/20260711-172500-x01-issue-review-r1-reviewer/ccg-health-20260711-172500.json","1645","2026-07-11T09:25:00.8327208Z","a06d3a915cd4f4b7d3ad59745538c4790292e3fd5f7505f2df277d88be94650a"
"untracked",".ccg/dual-model-runs/20260711-172500-x01-issue-review-r1-reviewer/claude-reviewer-attempt-1.prompt.md","4065","2026-07-11T09:25:05.1194214Z","16a4616d23301705c8cb5056c5bae4ec30e2c869dc21ebe00647e11237f50a4b"
"untracked",".ccg/dual-model-runs/20260711-172500-x01-issue-review-r1-reviewer/claude-reviewer-attempt-1.stderr.md","547","2026-07-11T09:25:07.4793118Z","027b3cdf44937269045015bfdc8a1034729ff85842ba1e476a38e4afa4f020c5"
"untracked",".ccg/dual-model-runs/20260711-172500-x01-issue-review-r1-reviewer/claude-reviewer-attempt-1.stdout.md","0","2026-07-11T09:25:07.4793118Z","e3b0c44298fc1c149afbf4c8996fb92427ae41e4649b934ca495991b7852b855"
"untracked",".ccg/dual-model-runs/20260711-172500-x01-issue-review-r1-reviewer/gemini-reviewer-attempt-1.prompt.md","4065","2026-07-11T09:25:00.8589772Z","e588bdefef1e3da1bfe03e409ebdb814fcdeac3e94c6e401070705f2345a0371"
"untracked",".ccg/dual-model-runs/20260711-172500-x01-issue-review-r1-reviewer/gemini-reviewer-attempt-1.stderr.md","2281","2026-07-11T09:25:05.0588839Z","aa9b5f17f8073fd87e36acc9f21d2edbd53efd5815576f517f7ca356fd6fd9b9"
"untracked",".ccg/dual-model-runs/20260711-172500-x01-issue-review-r1-reviewer/gemini-reviewer-attempt-1.stdout.md","0","2026-07-11T09:25:05.0588839Z","e3b0c44298fc1c149afbf4c8996fb92427ae41e4649b934ca495991b7852b855"
"untracked",".ccg/dual-model-runs/20260711-172500-x01-issue-review-r1-reviewer/health-attempt-1.json","1836","2026-07-11T09:25:00.8526433Z","97682e065f32829758bdd00b14f439b165f1795a37b5133f8cedd593a705a14d"
"untracked",".ccg/dual-model-runs/20260711-172500-x01-issue-review-r1-reviewer/summary.json","6593","2026-07-11T09:25:09.8622357Z","ffd9db1aa37d77df3face9b13e05ef47ed6bcfc22e09e738d8c8a7f439bfe386"
"untracked",".ccg/dual-model-runs/20260711-172500-x01-issue-review-r1-reviewer/summary.md","692","2026-07-11T09:25:09.8689103Z","5f6474d9a6d71e7d478cf8cd13dbe93aea5d07ce6d9690aecbe2628f56669ff9"
"untracked",".ccg/dual-model-runs/20260711-173357-x02a-issue-review-r1-reviewer/ccg-health-20260711-173357.json","1645","2026-07-11T09:33:57.5090685Z","7a74a14d51e64f885d09b528c522f401ee7795aee825ed609407dd8e816b19f1"
"untracked",".ccg/dual-model-runs/20260711-173357-x02a-issue-review-r1-reviewer/claude-reviewer-attempt-1.prompt.md","4991","2026-07-11T09:34:03.0148909Z","cc985f8918a908df6470e455030165a91499447abd33149d6b10f2913739a161"
"untracked",".ccg/dual-model-runs/20260711-173357-x02a-issue-review-r1-reviewer/claude-reviewer-attempt-1.stderr.md","533","2026-07-11T09:34:05.4068744Z","194907ce251388ae98f5c6c1f3007ac5ed367e6f03c0ea52bf81a1226dd4b494"
"untracked",".ccg/dual-model-runs/20260711-173357-x02a-issue-review-r1-reviewer/claude-reviewer-attempt-1.stdout.md","0","2026-07-11T09:34:05.4068744Z","e3b0c44298fc1c149afbf4c8996fb92427ae41e4649b934ca495991b7852b855"
"untracked",".ccg/dual-model-runs/20260711-173357-x02a-issue-review-r1-reviewer/gemini-reviewer-attempt-1.prompt.md","4991","2026-07-11T09:33:57.5330781Z","96f058e756fadaf5b30512e9d72f0a1ce78c32740dc96c677ebca07f59b32ccb"
"untracked",".ccg/dual-model-runs/20260711-173357-x02a-issue-review-r1-reviewer/gemini-reviewer-attempt-1.stderr.md","2287","2026-07-11T09:34:02.9593066Z","15adc624e70f98e5222b5a8ff205e0db836c584f706f8541086678a36bc11332"
"untracked",".ccg/dual-model-runs/20260711-173357-x02a-issue-review-r1-reviewer/gemini-reviewer-attempt-1.stdout.md","0","2026-07-11T09:34:02.9593066Z","e3b0c44298fc1c149afbf4c8996fb92427ae41e4649b934ca495991b7852b855"
"untracked",".ccg/dual-model-runs/20260711-173357-x02a-issue-review-r1-reviewer/health-attempt-1.json","1837","2026-07-11T09:33:57.5265672Z","232cc14c88ed7df0d6c851e63d24b181c9f5126c13b22bf0147b8512e4fb0a52"
"untracked",".ccg/dual-model-runs/20260711-173357-x02a-issue-review-r1-reviewer/summary.json","6603","2026-07-11T09:34:07.8234075Z","50880b1a24c6730343b8b8cb7b36a141893a3f0b0ffe90b96ad777710bb2abeb"
"untracked",".ccg/dual-model-runs/20260711-173357-x02a-issue-review-r1-reviewer/summary.md","695","2026-07-11T09:34:07.8257160Z","53440a43cbbf1af7134114243a51552597af6bcc59183afda99e8b2194fbc33c"
"untracked",".ccg/dual-model-runs/20260711-173447-x02a-issue-review-r1-reviewer/ccg-health-20260711-173447.json","1648","2026-07-11T09:34:47.9843277Z","195f139a313a1269b2a3e6650c519e3206553f8b6115a779c3b1b57ebd861df4"
"untracked",".ccg/dual-model-runs/20260711-173447-x02a-issue-review-r1-reviewer/claude-reviewer-attempt-1.prompt.md","4991","2026-07-11T09:34:51.9394222Z","cc985f8918a908df6470e455030165a91499447abd33149d6b10f2913739a161"
"untracked",".ccg/dual-model-runs/20260711-173447-x02a-issue-review-r1-reviewer/claude-reviewer-attempt-1.stderr.md","533","2026-07-11T09:34:54.2367754Z","3c7b7d37ae2293d9112f3c794fd46f69b4882a845ba63b8556cefed3ed8a6e25"
"untracked",".ccg/dual-model-runs/20260711-173447-x02a-issue-review-r1-reviewer/claude-reviewer-attempt-1.stdout.md","0","2026-07-11T09:34:54.2367754Z","e3b0c44298fc1c149afbf4c8996fb92427ae41e4649b934ca495991b7852b855"
"untracked",".ccg/dual-model-runs/20260711-173447-x02a-issue-review-r1-reviewer/gemini-reviewer-attempt-1.prompt.md","4991","2026-07-11T09:34:48.0049332Z","96f058e756fadaf5b30512e9d72f0a1ce78c32740dc96c677ebca07f59b32ccb"
"untracked",".ccg/dual-model-runs/20260711-173447-x02a-issue-review-r1-reviewer/gemini-reviewer-attempt-1.stderr.md","2193","2026-07-11T09:34:51.8670047Z","2bb02d471915f45f721fe32635ccbd8d65b52000fad8c1b7ea59fc2344fdc0bf"
"untracked",".ccg/dual-model-runs/20260711-173447-x02a-issue-review-r1-reviewer/gemini-reviewer-attempt-1.stdout.md","0","2026-07-11T09:34:51.8670047Z","e3b0c44298fc1c149afbf4c8996fb92427ae41e4649b934ca495991b7852b855"
"untracked",".ccg/dual-model-runs/20260711-173447-x02a-issue-review-r1-reviewer/health-attempt-1.json","1840","2026-07-11T09:34:48.0029284Z","07b21e2c6958c41b9c64f82a5bfe8f0d69f6b4c92098a64ca2ecf401349e7c72"
"untracked",".ccg/dual-model-runs/20260711-173447-x02a-issue-review-r1-reviewer/summary.json","6627","2026-07-11T09:34:56.7856670Z","ebdaf94b1653327e073f140f460db80251096a730ca02bfb5dc917c55aa3b021"
"untracked",".ccg/dual-model-runs/20260711-173447-x02a-issue-review-r1-reviewer/summary.md","695","2026-07-11T09:34:56.7964584Z","dceed4453af962ed86d6999fe0d1da58f1d5a14ebfd99a51a618835bc48c428e"
"untracked",".ccg/dual-model-runs/20260711-174320-x02b-issue-review-r1-reviewer/ccg-health-20260711-174321.json","1648","2026-07-11T09:43:21.2764841Z","fe00bc2e36a161643e46cfc3185df01b8b9dcf7dc08745df855281ac60a53fa6"
"untracked",".ccg/dual-model-runs/20260711-174320-x02b-issue-review-r1-reviewer/claude-reviewer-attempt-1.prompt.md","4287","2026-07-11T09:43:25.4536259Z","f179211b88689967ec7ecf0a8b660f582bd5a44751509ee647225cfd08de067c"
"untracked",".ccg/dual-model-runs/20260711-174320-x02b-issue-review-r1-reviewer/claude-reviewer-attempt-1.stderr.md","533","2026-07-11T09:43:27.4470560Z","1dc0b5ff5d749d5a1c885b61e58c76dd6a007bcdee905310f982866676208bae"
"untracked",".ccg/dual-model-runs/20260711-174320-x02b-issue-review-r1-reviewer/claude-reviewer-attempt-1.stdout.md","0","2026-07-11T09:43:27.4460561Z","e3b0c44298fc1c149afbf4c8996fb92427ae41e4649b934ca495991b7852b855"
"untracked",".ccg/dual-model-runs/20260711-174320-x02b-issue-review-r1-reviewer/gemini-reviewer-attempt-1.prompt.md","4287","2026-07-11T09:43:21.3082626Z","e67a8b4b7ce530c3dd85696c9f7dcdfc400537c225e8b0b0e5d87dff0aeb7911"
"untracked",".ccg/dual-model-runs/20260711-174320-x02b-issue-review-r1-reviewer/gemini-reviewer-attempt-1.stderr.md","2190","2026-07-11T09:43:25.3914264Z","054c10f236a7b407d7b01b8e1d2238f1318b09793f972beaf024a01ba9f1b77e"
"untracked",".ccg/dual-model-runs/20260711-174320-x02b-issue-review-r1-reviewer/gemini-reviewer-attempt-1.stdout.md","0","2026-07-11T09:43:25.3914264Z","e3b0c44298fc1c149afbf4c8996fb92427ae41e4649b934ca495991b7852b855"
"untracked",".ccg/dual-model-runs/20260711-174320-x02b-issue-review-r1-reviewer/health-attempt-1.json","1840","2026-07-11T09:43:21.3082626Z","2c63347256867231355e2584d6c41a4c343c31d48f24a07507838ea201a5d1d0"
"untracked",".ccg/dual-model-runs/20260711-174320-x02b-issue-review-r1-reviewer/summary.json","6627","2026-07-11T09:43:29.7527246Z","a80057698482fe94c2decd75afd4ec4004a0fe81093ba662349b17861e78d1c3"
"untracked",".ccg/dual-model-runs/20260711-174320-x02b-issue-review-r1-reviewer/summary.md","695","2026-07-11T09:43:29.7607259Z","cb6a0278ca36d6b453456f99c6707ef2fe3630a7387122dd48e7c49199693b47"
"untracked",".ccg/dual-model-runs/20260711-175400-x02c-issue-review-r1-reviewer/ccg-health-20260711-175401.json","1648","2026-07-11T09:54:01.0607481Z","4543eeb3f258b0c4085023b091ab8d241a286ece06f706c69e59dd2aa7de8fe5"
"untracked",".ccg/dual-model-runs/20260711-175400-x02c-issue-review-r1-reviewer/claude-reviewer-attempt-1.prompt.md","2902","2026-07-11T09:54:06.8855268Z","6e15656967c26593ea40b35e8647d37c6a604ab4c9f129fbdcae5f8b1db9f2af"
"untracked",".ccg/dual-model-runs/20260711-175400-x02c-issue-review-r1-reviewer/claude-reviewer-attempt-1.stderr.md","533","2026-07-11T09:54:09.4106307Z","57e038fd0646375c175fadef6320ca4e713e4c540033bd231b7e764bba65996c"
"untracked",".ccg/dual-model-runs/20260711-175400-x02c-issue-review-r1-reviewer/claude-reviewer-attempt-1.stdout.md","0","2026-07-11T09:54:09.4106307Z","e3b0c44298fc1c149afbf4c8996fb92427ae41e4649b934ca495991b7852b855"
"untracked",".ccg/dual-model-runs/20260711-175400-x02c-issue-review-r1-reviewer/gemini-reviewer-attempt-1.prompt.md","2902","2026-07-11T09:54:01.0837729Z","ed583ac0cf25722ad10914e90ddc319f70ec942437463ccf6b896cadc271d29a"
"untracked",".ccg/dual-model-runs/20260711-175400-x02c-issue-review-r1-reviewer/gemini-reviewer-attempt-1.stderr.md","2287","2026-07-11T09:54:06.8169352Z","496f654d8c026d87fd13b82d9ede47035690e8a6a548e5ee78a1490137119bed"
"untracked",".ccg/dual-model-runs/20260711-175400-x02c-issue-review-r1-reviewer/gemini-reviewer-attempt-1.stdout.md","0","2026-07-11T09:54:06.8169352Z","e3b0c44298fc1c149afbf4c8996fb92427ae41e4649b934ca495991b7852b855"
"untracked",".ccg/dual-model-runs/20260711-175400-x02c-issue-review-r1-reviewer/health-attempt-1.json","1840","2026-07-11T09:54:01.0787683Z","01a1e527bdea9095f35951a2e23f7e72183ee37be92bd9b752f0feaef018b1a1"
"untracked",".ccg/dual-model-runs/20260711-175400-x02c-issue-review-r1-reviewer/summary.json","6605","2026-07-11T09:54:11.9185391Z","07e527badd9b5fc803fbc5b8dc0e157ff4996eaef18fc73e46585b75596fd2cd"
"untracked",".ccg/dual-model-runs/20260711-175400-x02c-issue-review-r1-reviewer/summary.md","695","2026-07-11T09:54:11.9275452Z","eb950276efe522aba190b292c7d7bcf36ae6d633fe37e1c4a794f204af88c9c0"
"untracked",".ccg/dual-model-runs/20260711-175507-x02c-issue-review-r1-reviewer/ccg-health-20260711-175507.json","1648","2026-07-11T09:55:07.9728280Z","d442ceb9784bd800afdf8c4f47f9344b3c04a8c8884fe92cd821a03149896fe8"
"untracked",".ccg/dual-model-runs/20260711-175507-x02c-issue-review-r1-reviewer/claude-reviewer-attempt-1.prompt.md","3154","2026-07-11T09:55:12.1334832Z","88a143298c49c96465e4e4bdc048b4f98535bc5957c8f544e9650eeef0027a70"
"untracked",".ccg/dual-model-runs/20260711-175507-x02c-issue-review-r1-reviewer/claude-reviewer-attempt-1.stderr.md","533","2026-07-11T09:55:14.1558964Z","cde5f4113fef3c407996d5c5e39d0a51cd5f0954cef62e0258c9cdd3c427a332"
"untracked",".ccg/dual-model-runs/20260711-175507-x02c-issue-review-r1-reviewer/claude-reviewer-attempt-1.stdout.md","0","2026-07-11T09:55:14.1558964Z","e3b0c44298fc1c149afbf4c8996fb92427ae41e4649b934ca495991b7852b855"
"untracked",".ccg/dual-model-runs/20260711-175507-x02c-issue-review-r1-reviewer/gemini-reviewer-attempt-1.prompt.md","3154","2026-07-11T09:55:07.9958820Z","495ad834428a748dd8480ee33e52695ab25822ee352b533afa84e2e7d7dbcc66"
"untracked",".ccg/dual-model-runs/20260711-175507-x02c-issue-review-r1-reviewer/gemini-reviewer-attempt-1.stderr.md","2193","2026-07-11T09:55:12.0670635Z","d3f360f3262eb3dfec0c5684626ef7ae2a784c601274e0ca71568250c61b1cfb"
"untracked",".ccg/dual-model-runs/20260711-175507-x02c-issue-review-r1-reviewer/gemini-reviewer-attempt-1.stdout.md","0","2026-07-11T09:55:12.0660669Z","e3b0c44298fc1c149afbf4c8996fb92427ae41e4649b934ca495991b7852b855"
"untracked",".ccg/dual-model-runs/20260711-175507-x02c-issue-review-r1-reviewer/health-attempt-1.json","1840","2026-07-11T09:55:07.9898683Z","1be0f538f1120877608d3f44002f19b15a703002e2c657665ab9aafa6a67270c"
"untracked",".ccg/dual-model-runs/20260711-175507-x02c-issue-review-r1-reviewer/summary.json","6627","2026-07-11T09:55:17.3056428Z","843fde42bc879e554ee38d2e0f65da039752cedcdda9c22e598853dbde65b042"
"untracked",".ccg/dual-model-runs/20260711-175507-x02c-issue-review-r1-reviewer/summary.md","695","2026-07-11T09:55:17.3091691Z","e85d5344a413e3e553f65857f012fbf005cebf74b0a810277ac23e34e11bae09"
"untracked",".ccg/dual-model-runs/20260711-180600-x02q-issue-review-r1-reviewer/ccg-health-20260711-180600.json","1648","2026-07-11T10:06:00.8386867Z","ddeaacdb615901e3231307321acf2b3e7c34a974e4f1ef75199742db728c2efb"
"untracked",".ccg/dual-model-runs/20260711-180600-x02q-issue-review-r1-reviewer/claude-reviewer-attempt-1.prompt.md","3829","2026-07-11T10:06:05.1795314Z","c346f38830335e229f084f090262c9698ae12978958a17d70c5163c9632c907d"
"untracked",".ccg/dual-model-runs/20260711-180600-x02q-issue-review-r1-reviewer/claude-reviewer-attempt-1.stderr.md","547","2026-07-11T10:06:09.0809093Z","de1b2358352f8c162f3e28825f453abf3401a0b97c6b7bfc96656957d7023c4b"
"untracked",".ccg/dual-model-runs/20260711-180600-x02q-issue-review-r1-reviewer/claude-reviewer-attempt-1.stdout.md","0","2026-07-11T10:06:09.0799083Z","e3b0c44298fc1c149afbf4c8996fb92427ae41e4649b934ca495991b7852b855"
"untracked",".ccg/dual-model-runs/20260711-180600-x02q-issue-review-r1-reviewer/gemini-reviewer-attempt-1.prompt.md","3829","2026-07-11T10:06:00.8616871Z","38e5767598d093915bcd13576bd0587532185feca4a5ea7d26173863e6c7c2bf"
"untracked",".ccg/dual-model-runs/20260711-180600-x02q-issue-review-r1-reviewer/gemini-reviewer-attempt-1.stderr.md","2207","2026-07-11T10:06:05.1200264Z","8f3705c45e14aaf83d02b93775cc97c6f7aecdcbf7d64d775e80a0740f1f0d32"
"untracked",".ccg/dual-model-runs/20260711-180600-x02q-issue-review-r1-reviewer/gemini-reviewer-attempt-1.stdout.md","0","2026-07-11T10:06:05.1190279Z","e3b0c44298fc1c149afbf4c8996fb92427ae41e4649b934ca495991b7852b855"
"untracked",".ccg/dual-model-runs/20260711-180600-x02q-issue-review-r1-reviewer/health-attempt-1.json","1840","2026-07-11T10:06:00.8566858Z","6994e6abdd20d7162e42abc463ec1fadf79663c6e3e613958a4e41dd37614d17"
"untracked",".ccg/dual-model-runs/20260711-180600-x02q-issue-review-r1-reviewer/summary.json","6627","2026-07-11T10:06:12.3828458Z","66588dbe592dfaa32f88b6ff54b915db162868998a69e64e34e1ca50795b849a"
"untracked",".ccg/dual-model-runs/20260711-180600-x02q-issue-review-r1-reviewer/summary.md","695","2026-07-11T10:06:12.3858458Z","7b8ddfe42074069f6ed9a3e019e611499effb6162d2c4d4c5d5dc5b07fa8a149"
"untracked",".ccg/dual-model-runs/20260711-181102-x03-issue-review-r1-reviewer/ccg-health-20260711-181102.json","1648","2026-07-11T10:11:02.4948182Z","4f069296af849c5671f6416eaad7752d7b89352c8183fef22e3522233360b36e"
"untracked",".ccg/dual-model-runs/20260711-181102-x03-issue-review-r1-reviewer/claude-reviewer-attempt-1.prompt.md","2902","2026-07-11T10:11:07.0980493Z","a116fb91d7cef3d431eac2a402b8b7fa34e222bd62f43a3c6efeda74c1db69fb"
"untracked",".ccg/dual-model-runs/20260711-181102-x03-issue-review-r1-reviewer/claude-reviewer-attempt-1.stderr.md","530","2026-07-11T10:11:09.2673240Z","3d79cdc46aac3a078427831212f78c65cf16d64bdbb6afa3f29614bf1c474028"
"untracked",".ccg/dual-model-runs/20260711-181102-x03-issue-review-r1-reviewer/claude-reviewer-attempt-1.stdout.md","0","2026-07-11T10:11:09.2663227Z","e3b0c44298fc1c149afbf4c8996fb92427ae41e4649b934ca495991b7852b855"
"untracked",".ccg/dual-model-runs/20260711-181102-x03-issue-review-r1-reviewer/gemini-reviewer-attempt-1.prompt.md","2902","2026-07-11T10:11:02.5178516Z","ab0894f3763a333475ea131491e11f48f6bf488346e9fa7038c31cfdfbad27eb"
"untracked",".ccg/dual-model-runs/20260711-181102-x03-issue-review-r1-reviewer/gemini-reviewer-attempt-1.stderr.md","2193","2026-07-11T10:11:07.0340526Z","5941b74cc6590c2329c090827d4e7c7e4048536fc68e025cac8af6fa3ecbe2c2"
"untracked",".ccg/dual-model-runs/20260711-181102-x03-issue-review-r1-reviewer/gemini-reviewer-attempt-1.stdout.md","0","2026-07-11T10:11:07.0330527Z","e3b0c44298fc1c149afbf4c8996fb92427ae41e4649b934ca495991b7852b855"
"untracked",".ccg/dual-model-runs/20260711-181102-x03-issue-review-r1-reviewer/health-attempt-1.json","1839","2026-07-11T10:11:02.5138478Z","850dfa52f7f3291ad4c03f999e480512a9752f5a6c7ba691a90840a169686a3d"
"untracked",".ccg/dual-model-runs/20260711-181102-x03-issue-review-r1-reviewer/summary.json","6617","2026-07-11T10:11:11.9822775Z","299133a543bebd56fc5adc999c219fec7358d82a31ed9f2c278f656e63c669fb"
"untracked",".ccg/dual-model-runs/20260711-181102-x03-issue-review-r1-reviewer/summary.md","692","2026-07-11T10:11:11.9892789Z","f5c33d9e301309ae936aa091dda17587c034cda8605ecea951c6a17e120b5f0b"
"untracked",".ccg/dual-model-runs/20260712-123433-b04b-issue-review-r1-reviewer/ccg-health-20260712-123433.json","1648","2026-07-12T04:34:33.6203820Z","f01d7fdfe6730f51ae93697a23967531a361f0df3c2ec0c7e890f3e5cf1d908c"
"untracked",".ccg/dual-model-runs/20260712-123433-b04b-issue-review-r1-reviewer/claude-reviewer-attempt-1.prompt.md","4100","2026-07-12T04:34:38.4551471Z","edb05b381ca8a7cbc5874e4faefedd78d8a73426614f1bd9c1336b70ede2c090"
"untracked",".ccg/dual-model-runs/20260712-123433-b04b-issue-review-r1-reviewer/claude-reviewer-attempt-1.stderr.md","533","2026-07-12T04:34:40.4601374Z","c49f417c55ef35fa637f648abe8fb5b918e64597894aed345b93730f80da6854"
"untracked",".ccg/dual-model-runs/20260712-123433-b04b-issue-review-r1-reviewer/claude-reviewer-attempt-1.stdout.md","0","2026-07-12T04:34:40.4591375Z","e3b0c44298fc1c149afbf4c8996fb92427ae41e4649b934ca495991b7852b855"
"untracked",".ccg/dual-model-runs/20260712-123433-b04b-issue-review-r1-reviewer/gemini-reviewer-attempt-1.prompt.md","4100","2026-07-12T04:34:33.6493867Z","ff40c1e5843a2dac168454381719e28d3d42c4ae5464a56c9459932115fbe744"
"untracked",".ccg/dual-model-runs/20260712-123433-b04b-issue-review-r1-reviewer/gemini-reviewer-attempt-1.stderr.md","2193","2026-07-12T04:34:38.3651461Z","36920a9e516d38f6cef8e7469a94dba91edb9aeba80086681fdda525e2a4f49c"
"untracked",".ccg/dual-model-runs/20260712-123433-b04b-issue-review-r1-reviewer/gemini-reviewer-attempt-1.stdout.md","0","2026-07-12T04:34:38.3641439Z","e3b0c44298fc1c149afbf4c8996fb92427ae41e4649b934ca495991b7852b855"
"untracked",".ccg/dual-model-runs/20260712-123433-b04b-issue-review-r1-reviewer/health-attempt-1.json","1840","2026-07-12T04:34:33.6433861Z","7c6aac62ab78d16e521dfd48ab5fb2568884d148dc7d3e8894d92ebf0c6de604"
"untracked",".ccg/dual-model-runs/20260712-123433-b04b-issue-review-r1-reviewer/summary.json","6628","2026-07-12T04:34:43.6981400Z","c597d9fa79ac4c055bc93e8318b963abf98b45a9f62c8a93f9f906b42f0cf75c"
"untracked",".ccg/dual-model-runs/20260712-123433-b04b-issue-review-r1-reviewer/summary.md","695","2026-07-12T04:34:43.7011419Z","33ca94876d7bb16d9bf25827fc72c5ee20af58911964d3cda6bebc52547d0aca"
"untracked",".ccg/dual-model-runs/20260712-124759-b05-issue-review-r1-reviewer/ccg-health-20260712-124800.json","1648","2026-07-12T04:48:00.2764154Z","73217e4a9cedfcfbd7cd6572dc61fbc01edb098c56303fc4d17e9dc56ebb3aa4"
"untracked",".ccg/dual-model-runs/20260712-124759-b05-issue-review-r1-reviewer/claude-reviewer-attempt-1.prompt.md","2189","2026-07-12T04:48:05.5409718Z","75c90f032eecc49235ee4ec825a8213acfdea4d76f30ba6cf26684289e40051c"
"untracked",".ccg/dual-model-runs/20260712-124759-b05-issue-review-r1-reviewer/claude-reviewer-attempt-1.stderr.md","533","2026-07-12T04:48:07.8752027Z","8029a1bfe39d87d66bd3b56f757d26e9667c5ce9c4635aa3f803426442693209"
"untracked",".ccg/dual-model-runs/20260712-124759-b05-issue-review-r1-reviewer/claude-reviewer-attempt-1.stdout.md","0","2026-07-12T04:48:07.8742053Z","e3b0c44298fc1c149afbf4c8996fb92427ae41e4649b934ca495991b7852b855"
"untracked",".ccg/dual-model-runs/20260712-124759-b05-issue-review-r1-reviewer/gemini-reviewer-attempt-1.prompt.md","2189","2026-07-12T04:48:00.2994153Z","16da954070a9cffa8d4b6cc11765041fd4ba69cb7790c43250ae95e35f18babd"
"untracked",".ccg/dual-model-runs/20260712-124759-b05-issue-review-r1-reviewer/gemini-reviewer-attempt-1.stderr.md","2193","2026-07-12T04:48:05.4739685Z","e0a46632f7b18a7f807aac2a3fb78e814372c320b8615db7c6596ca0014b5bca"
"untracked",".ccg/dual-model-runs/20260712-124759-b05-issue-review-r1-reviewer/gemini-reviewer-attempt-1.stdout.md","0","2026-07-12T04:48:05.4729731Z","e3b0c44298fc1c149afbf4c8996fb92427ae41e4649b934ca495991b7852b855"
"untracked",".ccg/dual-model-runs/20260712-124759-b05-issue-review-r1-reviewer/health-attempt-1.json","1839","2026-07-12T04:48:00.2954150Z","bcd45664f9ac2423ec253bfc98f97915249b41a171e20cca0e32610a39a9e39c"
"untracked",".ccg/dual-model-runs/20260712-124759-b05-issue-review-r1-reviewer/summary.json","6618","2026-07-12T04:48:11.3286776Z","234ca58f293ea4a8a00d6040c6e613d9a2da93f5b47e5e0d6039b1bd2dc38655"
"untracked",".ccg/dual-model-runs/20260712-124759-b05-issue-review-r1-reviewer/summary.md","692","2026-07-12T04:48:11.3326783Z","bfa941411a1cba81e73629c2d03cd6876e6621e8b96cb585464172b867cf3349"
"untracked",".ccg/dual-model-runs/20260712-125543-b04a-issue-review-r1-reviewer/ccg-health-20260712-125544.json","1648","2026-07-12T04:55:44.2478635Z","16e168212505da75f82a1720e2620bbab45413cba14ac25ac0f0ddf6dede50aa"
"untracked",".ccg/dual-model-runs/20260712-125543-b04a-issue-review-r1-reviewer/claude-reviewer-attempt-1.prompt.md","3280","2026-07-12T04:55:48.6337522Z","62c6e4ad6b91b2fbd7375b74333aedfafb115ab45702509daa5a09158c918cb8"
"untracked",".ccg/dual-model-runs/20260712-125543-b04a-issue-review-r1-reviewer/claude-reviewer-attempt-1.stderr.md","533","2026-07-12T04:55:50.7766408Z","bbfd1ec85f75e86cba0ba4344cadb332c872e91eb286aa249ceee93c427054e4"
"untracked",".ccg/dual-model-runs/20260712-125543-b04a-issue-review-r1-reviewer/claude-reviewer-attempt-1.stdout.md","0","2026-07-12T04:55:50.7766408Z","e3b0c44298fc1c149afbf4c8996fb92427ae41e4649b934ca495991b7852b855"
"untracked",".ccg/dual-model-runs/20260712-125543-b04a-issue-review-r1-reviewer/gemini-reviewer-attempt-1.prompt.md","3280","2026-07-12T04:55:44.2698629Z","48e430b3aec7b10529031856540e675d4b0cc575bb1304a96224f8d25c2c0d33"
"untracked",".ccg/dual-model-runs/20260712-125543-b04a-issue-review-r1-reviewer/gemini-reviewer-attempt-1.stderr.md","2193","2026-07-12T04:55:48.5627521Z","870e47bfbd8c980c9e7a3bf28e905cd65a934832fa4ea7292608abc8c54a21ec"
"untracked",".ccg/dual-model-runs/20260712-125543-b04a-issue-review-r1-reviewer/gemini-reviewer-attempt-1.stdout.md","0","2026-07-12T04:55:48.5617533Z","e3b0c44298fc1c149afbf4c8996fb92427ae41e4649b934ca495991b7852b855"
"untracked",".ccg/dual-model-runs/20260712-125543-b04a-issue-review-r1-reviewer/health-attempt-1.json","1840","2026-07-12T04:55:44.2658626Z","fc097fa9457198bb43ec342423c31ec620552abc3b2d577c2dbf8a00bf169bc0"
"untracked",".ccg/dual-model-runs/20260712-125543-b04a-issue-review-r1-reviewer/summary.json","6624","2026-07-12T04:55:53.1169472Z","8f5c156daf6d4211e36c04bc688015d2a1f53feaff140c7cd2454091730a444a"
"untracked",".ccg/dual-model-runs/20260712-125543-b04a-issue-review-r1-reviewer/summary.md","695","2026-07-12T04:55:53.1229474Z","414aca6c0b11e67b7f090c0f2a3cfc588cb28df52d4b92fc9a745346d9c4276a"
"untracked",".ccg/dual-model-runs/20260712-130419-b04c-issue-review-r1-reviewer/ccg-health-20260712-130419.json","1648","2026-07-12T05:04:19.7050032Z","49e16fc1e529102aef3e8dffba8898af8587bcc20c25c523b0ed1d4c300cbe31"
"untracked",".ccg/dual-model-runs/20260712-130419-b04c-issue-review-r1-reviewer/claude-reviewer-attempt-1.prompt.md","2745","2026-07-12T05:04:24.3553624Z","2b8d06ddb65ccfe435a3de49528ec1d3597039c152fe76bddd20fc2a67582149"
"untracked",".ccg/dual-model-runs/20260712-130419-b04c-issue-review-r1-reviewer/claude-reviewer-attempt-1.stderr.md","533","2026-07-12T05:04:26.7622451Z","3a0fcc9b0895e7a295eacf25ad7e273e16d4a762b4fdd379f881272f99a32476"
"untracked",".ccg/dual-model-runs/20260712-130419-b04c-issue-review-r1-reviewer/claude-reviewer-attempt-1.stdout.md","0","2026-07-12T05:04:26.7612429Z","e3b0c44298fc1c149afbf4c8996fb92427ae41e4649b934ca495991b7852b855"
"untracked",".ccg/dual-model-runs/20260712-130419-b04c-issue-review-r1-reviewer/gemini-reviewer-attempt-1.prompt.md","2745","2026-07-12T05:04:19.7300009Z","4dded4236ce9c64618268cf3ff70e12d40dbf94a69fbaa5b8f94b21906c465e8"
"untracked",".ccg/dual-model-runs/20260712-130419-b04c-issue-review-r1-reviewer/gemini-reviewer-attempt-1.stderr.md","2190","2026-07-12T05:04:24.2993660Z","47bdd247c46cf1d4fb7d5a5cd674c4a9ad90cd529f67fb9635098c427f550987"
"untracked",".ccg/dual-model-runs/20260712-130419-b04c-issue-review-r1-reviewer/gemini-reviewer-attempt-1.stdout.md","0","2026-07-12T05:04:24.2993660Z","e3b0c44298fc1c149afbf4c8996fb92427ae41e4649b934ca495991b7852b855"
"untracked",".ccg/dual-model-runs/20260712-130419-b04c-issue-review-r1-reviewer/health-attempt-1.json","1840","2026-07-12T05:04:19.7230040Z","765dac95742b1dc7ceeee7b247df310f6a10e7a197d8a9a29bf8ea6acdfc3ea0"
"untracked",".ccg/dual-model-runs/20260712-130419-b04c-issue-review-r1-reviewer/summary.json","6624","2026-07-12T05:04:29.2596814Z","73b3528fb707683af86b1259447e69806485176b9585650139e19a2217269fa2"
"untracked",".ccg/dual-model-runs/20260712-130419-b04c-issue-review-r1-reviewer/summary.md","695","2026-07-12T05:04:29.2626834Z","08a33dce85af8c8a3dae3e44c6324bb1e90faddb5c30c7755e16541c632b4cdc"
"untracked",".ccg/dual-model-runs/20260712-132714-x05q-issue-review-r1-reviewer/ccg-health-20260712-132714.json","1648","2026-07-12T05:27:14.6695413Z","630b3c01364657b6522599f0cc715511d73a22ff81cdacc9406dee62db888b85"
"untracked",".ccg/dual-model-runs/20260712-132714-x05q-issue-review-r1-reviewer/claude-reviewer-attempt-1.prompt.md","3884","2026-07-12T05:27:19.2333837Z","cc2a3520b2e1c8e38ed7d524a31e375c05c593692b80cea5b64614ac4f781cc6"
"untracked",".ccg/dual-model-runs/20260712-132714-x05q-issue-review-r1-reviewer/claude-reviewer-attempt-1.stderr.md","290","2026-07-12T05:32:43.7776519Z","ebb906ae4c1c138c15559ff8ee6044601fcd55fcc35e4eafa3bb592c90434484"
"untracked",".ccg/dual-model-runs/20260712-132714-x05q-issue-review-r1-reviewer/claude-reviewer-attempt-1.stdout.md","6999","2026-07-12T05:32:43.7766502Z","b479f4500ade9e04cfc4f6bc91b057becc95693013e62b261ddb97029eb073ca"
"untracked",".ccg/dual-model-runs/20260712-132714-x05q-issue-review-r1-reviewer/gemini-reviewer-attempt-1.prompt.md","3884","2026-07-12T05:27:14.6935433Z","4c0f9e886f999c85c6c1e5b0686e23f852cd3b57ef8f7f55f4439bacb8e76bb3"
"untracked",".ccg/dual-model-runs/20260712-132714-x05q-issue-review-r1-reviewer/gemini-reviewer-attempt-1.stderr.md","2287","2026-07-12T05:27:19.1773837Z","578332d7b72bfa69b8fda1398e5b1a9f2863ba3f9cd304136a47fae8a74b73c2"
"untracked",".ccg/dual-model-runs/20260712-132714-x05q-issue-review-r1-reviewer/gemini-reviewer-attempt-1.stdout.md","0","2026-07-12T05:27:19.1763825Z","e3b0c44298fc1c149afbf4c8996fb92427ae41e4649b934ca495991b7852b855"
"untracked",".ccg/dual-model-runs/20260712-132714-x05q-issue-review-r1-reviewer/health-attempt-1.json","1840","2026-07-12T05:27:14.6885421Z","fdcfaf3976c5569148d0a310d5f316a17de8dbac5df78f5de566a93c515d2f79"
"untracked",".ccg/dual-model-runs/20260712-132714-x05q-issue-review-r1-reviewer/summary.json","6512","2026-07-12T05:32:43.8286573Z","d2caa206449d25f44ab2850171bd50e19de486f12e4a03c2ea23b92738338526"
"untracked",".ccg/dual-model-runs/20260712-132714-x05q-issue-review-r1-reviewer/summary.md","692","2026-07-12T05:32:43.8336517Z","9d798b9628f57cdd901d1e05db12e78a39fe020bfdc2d70a862b33b8565f5301"
"untracked",".ccg/dual-model-runs/20260712-134611-x04a-issue-review-r1-reviewer/ccg-health-20260712-134611.json","1645","2026-07-12T05:46:11.9374143Z","3a92d08e733097250b6501246d44dedafd2710120aa7d2a03c7ea2eff62819fb"
"untracked",".ccg/dual-model-runs/20260712-134611-x04a-issue-review-r1-reviewer/claude-reviewer-attempt-1.prompt.md","4499","2026-07-12T05:46:16.9205351Z","dbf39989998cab5b31fd73f721b6711776d7ff1bf320494193fc973ad8af7a9b"
"untracked",".ccg/dual-model-runs/20260712-134611-x04a-issue-review-r1-reviewer/claude-reviewer-attempt-1.stderr.md","290","2026-07-12T05:50:30.9258695Z","62906ec6ed47677f77dcbb3cd2f27d5ab9e5a8fd450ce2029f0ac3889d316bb7"
"untracked",".ccg/dual-model-runs/20260712-134611-x04a-issue-review-r1-reviewer/claude-reviewer-attempt-1.stdout.md","10942","2026-07-12T05:50:30.9248735Z","1309bba6c967b625ece1259a2c003e8ad26b06746055268e2772c4121effb0f9"
"untracked",".ccg/dual-model-runs/20260712-134611-x04a-issue-review-r1-reviewer/gemini-reviewer-attempt-1.prompt.md","4499","2026-07-12T05:46:11.9604134Z","42bb8f8d9c7e036a7be5730ee735f86e7fd52809a6ed0a13c1dae6f1cac4ef30"
"untracked",".ccg/dual-model-runs/20260712-134611-x04a-issue-review-r1-reviewer/gemini-reviewer-attempt-1.stderr.md","2193","2026-07-12T05:46:16.8465313Z","9e961eee9e135fa9549b1a1cfbfdb3f584c6dbd177ab8ef5ff1d5f124c2d7d95"
"untracked",".ccg/dual-model-runs/20260712-134611-x04a-issue-review-r1-reviewer/gemini-reviewer-attempt-1.stdout.md","0","2026-07-12T05:46:16.8455340Z","e3b0c44298fc1c149afbf4c8996fb92427ae41e4649b934ca495991b7852b855"
"untracked",".ccg/dual-model-runs/20260712-134611-x04a-issue-review-r1-reviewer/health-attempt-1.json","1837","2026-07-12T05:46:11.9564131Z","4a248ce0abe5067a2a63fe46e8989707c8b54ce0bb2a3d79a308544f344254ec"
"untracked",".ccg/dual-model-runs/20260712-134611-x04a-issue-review-r1-reviewer/summary.json","6532","2026-07-12T05:50:31.0068713Z","e48337c9cb643e517523b05e7d8d4053e2a8d91d32503ae2a9b6c2b71d4b386d"
"untracked",".ccg/dual-model-runs/20260712-134611-x04a-issue-review-r1-reviewer/summary.md","692","2026-07-12T05:50:31.0128729Z","c157ab2cd8620ebf36bc2b175f7aec4269717d27272d93a1d6618bdbcdf06e32"
"untracked",".ccg/dual-model-runs/20260712-140330-x04b-issue-review-r1-reviewer/ccg-health-20260712-140330.json","1648","2026-07-12T06:03:30.3490495Z","b471422fbd541ed0aa7274255404faedbdf4bc6b562309d15da15b9a99202a18"
"untracked",".ccg/dual-model-runs/20260712-140330-x04b-issue-review-r1-reviewer/claude-reviewer-attempt-1.prompt.md","3539","2026-07-12T06:03:35.1750007Z","6a7ff603546427e7a33092f9b9cddd0071d979d69dc5247e496703ed0f9f809c"
"untracked",".ccg/dual-model-runs/20260712-140330-x04b-issue-review-r1-reviewer/claude-reviewer-attempt-1.stderr.md","533","2026-07-12T06:03:37.3546728Z","4bb515311024cc9925fe9e1e55c47cfe499c94607127cf0450257d64b2f21469"
"untracked",".ccg/dual-model-runs/20260712-140330-x04b-issue-review-r1-reviewer/claude-reviewer-attempt-1.stdout.md","0","2026-07-12T06:03:37.3542827Z","e3b0c44298fc1c149afbf4c8996fb92427ae41e4649b934ca495991b7852b855"
"untracked",".ccg/dual-model-runs/20260712-140330-x04b-issue-review-r1-reviewer/gemini-reviewer-attempt-1.prompt.md","3539","2026-07-12T06:03:30.3725573Z","695105be39c2dcc3a5340b91525287d3cc3eef0a1615bc329655672e3b8090bc"
"untracked",".ccg/dual-model-runs/20260712-140330-x04b-issue-review-r1-reviewer/gemini-reviewer-attempt-1.stderr.md","2287","2026-07-12T06:03:35.1314858Z","134dc3440327770307abab693bec987b3b52d8c2dccc4843077fae9872df62cd"
"untracked",".ccg/dual-model-runs/20260712-140330-x04b-issue-review-r1-reviewer/gemini-reviewer-attempt-1.stdout.md","0","2026-07-12T06:03:35.1304810Z","e3b0c44298fc1c149afbf4c8996fb92427ae41e4649b934ca495991b7852b855"
"untracked",".ccg/dual-model-runs/20260712-140330-x04b-issue-review-r1-reviewer/health-attempt-1.json","1840","2026-07-12T06:03:30.3680514Z","7a71b567a0619330d4377dc1a77c94e734fdc9a43d51aef74d12345ca467d1fc"
"untracked",".ccg/dual-model-runs/20260712-140330-x04b-issue-review-r1-reviewer/summary.json","6605","2026-07-12T06:03:39.9498158Z","17d15a5174e639d5838b169b6639344d59c9f7459e12447b20756d9917438f12"
"untracked",".ccg/dual-model-runs/20260712-140330-x04b-issue-review-r1-reviewer/summary.md","695","2026-07-12T06:03:39.9578250Z","b9332503fd7feb75d8c82bd2726de03386f19d8047b5aa4d1f1fbcbecfb0e9a3"
"untracked",".ccg/dual-model-runs/20260713-095124-diagnostic-convergence-first-wave-prioritization-analysis-analyzer/ccg-health-20260713-095125.json","1645","2026-07-13T01:51:25.3336232Z","d262bb26a1d3573b5159cc0cd7a84267404f7b24edbcd988fd0f1adfedb370ab"
"untracked",".ccg/dual-model-runs/20260713-095124-diagnostic-convergence-first-wave-prioritization-analysis-analyzer/claude-analyzer-attempt-1.prompt.md","3078","2026-07-13T01:51:36.5937352Z","9cbb9b4240be5287982348c273dcde589df5f350223824a09ff2f5208aa2ea37"
"untracked",".ccg/dual-model-runs/20260713-095124-diagnostic-convergence-first-wave-prioritization-analysis-analyzer/claude-analyzer-attempt-1.stderr.md","290","2026-07-13T01:59:08.8385319Z","de641447a7e028b31c878942fa02b87fa238202f9ccd118262b8cb458ef739cf"
"untracked",".ccg/dual-model-runs/20260713-095124-diagnostic-convergence-first-wave-prioritization-analysis-analyzer/claude-analyzer-attempt-1.stdout.md","16910","2026-07-13T01:59:08.8375406Z","8f679c1d98b481ec75a7f954732fd21e33ab0887ef2ebff2c824e06d43ac74fe"
"untracked",".ccg/dual-model-runs/20260713-095124-diagnostic-convergence-first-wave-prioritization-analysis-analyzer/gemini-analyzer-attempt-1.prompt.md","3078","2026-07-13T01:51:25.3756253Z","4738c54919e9933ed5529a04d5437d2c3e086e12733d746bc89042a87945a585"
"untracked",".ccg/dual-model-runs/20260713-095124-diagnostic-convergence-first-wave-prioritization-analysis-analyzer/gemini-analyzer-attempt-1.stderr.md","2176","2026-07-13T01:51:36.5157460Z","9eb13d6ecdfdc27e88df28ac2e1f1b563cf964aca129246d3abc33bdee8539db"
"untracked",".ccg/dual-model-runs/20260713-095124-diagnostic-convergence-first-wave-prioritization-analysis-analyzer/gemini-analyzer-attempt-1.stdout.md","0","2026-07-13T01:51:36.5137467Z","e3b0c44298fc1c149afbf4c8996fb92427ae41e4649b934ca495991b7852b855"
"untracked",".ccg/dual-model-runs/20260713-095124-diagnostic-convergence-first-wave-prioritization-analysis-analyzer/health-attempt-1.json","1874","2026-07-13T01:51:25.3676222Z","4dd749de8699c885908f6fd46322dda3bb94d9558fd482faad22d33e26413142"
"untracked",".ccg/dual-model-runs/20260713-095124-diagnostic-convergence-first-wave-prioritization-analysis-analyzer/summary.json","6902","2026-07-13T01:59:08.9440606Z","d377cb5c31d766cde8792db05ac62af54dd61879af692e1c1f3dc7a2db453a3e"
"untracked",".ccg/dual-model-runs/20260713-095124-diagnostic-convergence-first-wave-prioritization-analysis-analyzer/summary.md","803","2026-07-13T01:59:08.9500622Z","f025d58a96160f52f2255a1430d196c8ee76975b45ba1ed81c852aa5bf404b33"
"untracked",".ccg/dual-model-runs/20260713-105649-b04b-convergence-review-r1-reviewer/ccg-health-20260713-105649.json","1648","2026-07-13T02:56:49.9374476Z","9eaad74a44329fda64b346586869338d40f11b09d50d049d4a22d7335de1cfff"
"untracked",".ccg/dual-model-runs/20260713-105649-b04b-convergence-review-r1-reviewer/claude-reviewer-attempt-1.prompt.md","3136","2026-07-13T02:56:55.6822420Z","81816554a96ef8dd4a8cb34423e1b8e746047743c0cf31bbc0a25bb65af397c9"
"untracked",".ccg/dual-model-runs/20260713-105649-b04b-convergence-review-r1-reviewer/claude-reviewer-attempt-1.stderr.md","290","2026-07-13T02:58:59.2811467Z","16a43e3b4ff91156252079ed1f8f01e3cccc66f880091991608040949fbc56c1"
"untracked",".ccg/dual-model-runs/20260713-105649-b04b-convergence-review-r1-reviewer/claude-reviewer-attempt-1.stdout.md","5678","2026-07-13T02:58:59.2811467Z","7804a6b6e8ef8dd4a422be7159fc4a498abd0c134a7ec7d99ecbdd37bb4ae444"
"untracked",".ccg/dual-model-runs/20260713-105649-b04b-convergence-review-r1-reviewer/gemini-reviewer-attempt-1.prompt.md","3136","2026-07-13T02:56:49.9822861Z","39ec39330ace11e2ab095fa6f5fd053a891e0a5939e08ae6b44c99b0babc701a"
"untracked",".ccg/dual-model-runs/20260713-105649-b04b-convergence-review-r1-reviewer/gemini-reviewer-attempt-1.stderr.md","2193","2026-07-13T02:56:55.6054399Z","5bfc8163d9a6377af854864bdbd3e866d7ecf29083fda4fa4fe0aa3c68c2fd6f"
"untracked",".ccg/dual-model-runs/20260713-105649-b04b-convergence-review-r1-reviewer/gemini-reviewer-attempt-1.stdout.md","0","2026-07-13T02:56:55.6044398Z","e3b0c44298fc1c149afbf4c8996fb92427ae41e4649b934ca495991b7852b855"
"untracked",".ccg/dual-model-runs/20260713-105649-b04b-convergence-review-r1-reviewer/health-attempt-1.json","1846","2026-07-13T02:56:49.9721434Z","ab84474c1d3c0bb08ee10654588f69916d9cca673aaf746c9fa04d54f7132458"
"untracked",".ccg/dual-model-runs/20260713-105649-b04b-convergence-review-r1-reviewer/summary.json","6594","2026-07-13T02:58:59.3468701Z","51fd7885f6631f6f428f659c5891872a25e914bc363dbf58e9f16be509ff0f81"
"untracked",".ccg/dual-model-runs/20260713-105649-b04b-convergence-review-r1-reviewer/summary.md","710","2026-07-13T02:58:59.3528689Z","f79d0167383fdc7df42f0044e7a3437f1106313ec39b45ebc289430cce7ee828"
"untracked",".ccg/dual-model-runs/20260713-110012-b04b-convergence-review-r2-reviewer/ccg-health-20260713-110012.json","1648","2026-07-13T03:00:12.6420375Z","2cac12cb236b0fc0a2c411ff47b4889f08f4d4d6d7737ced25f5783c1996a042"
"untracked",".ccg/dual-model-runs/20260713-110012-b04b-convergence-review-r2-reviewer/claude-reviewer-attempt-1.prompt.md","3980","2026-07-13T03:00:17.8500276Z","8f4835e132585d58a1b0540d2be7df8373226c169b355a086f51f05033e38a58"
"untracked",".ccg/dual-model-runs/20260713-110012-b04b-convergence-review-r2-reviewer/claude-reviewer-attempt-1.stderr.md","290","2026-07-13T03:08:47.8057753Z","dbd6ef54cef1cf34169ac018b746cbaa6cfd9e6b6db85e75a9ac7f26674996cd"
"untracked",".ccg/dual-model-runs/20260713-110012-b04b-convergence-review-r2-reviewer/claude-reviewer-attempt-1.stdout.md","9576","2026-07-13T03:08:47.8057753Z","8a3e9b6d13e0e3b966c25cc494d4d6ef10f4236454002bcc514f3439968d8cee"
"untracked",".ccg/dual-model-runs/20260713-110012-b04b-convergence-review-r2-reviewer/gemini-reviewer-attempt-1.prompt.md","3980","2026-07-13T03:00:12.6700398Z","d5c31c133e47a69d672917da4358c6cf3e4f10205dc7de4a886d9cc168e4fc6f"
"untracked",".ccg/dual-model-runs/20260713-110012-b04b-convergence-review-r2-reviewer/gemini-reviewer-attempt-1.stderr.md","2193","2026-07-13T03:00:17.7855183Z","9f97e77f7ecbf076eadd50255f6dba8bac1df455f1eeff55adc11871aa1e76dd"
"untracked",".ccg/dual-model-runs/20260713-110012-b04b-convergence-review-r2-reviewer/gemini-reviewer-attempt-1.stdout.md","0","2026-07-13T03:00:17.7845176Z","e3b0c44298fc1c149afbf4c8996fb92427ae41e4649b934ca495991b7852b855"
"untracked",".ccg/dual-model-runs/20260713-110012-b04b-convergence-review-r2-reviewer/health-attempt-1.json","1846","2026-07-13T03:00:12.6630366Z","3d53d47b5f87a3b624c635159efdd45a2e89dc1652476b72c2a4248958e1bd78"
"untracked",".ccg/dual-model-runs/20260713-110012-b04b-convergence-review-r2-reviewer/summary.json","6594","2026-07-13T03:08:47.8928182Z","e5c50eb28c86d489509737f7001808462ad6e5946644c7e84ad5bcb8937835bb"
"untracked",".ccg/dual-model-runs/20260713-110012-b04b-convergence-review-r2-reviewer/summary.md","710","2026-07-13T03:08:47.8988208Z","7a619fa91b930429b02470c5039a1d50ab8ac284d34f984589cf7ed09d8fa9b5"
"untracked",".ccg/dual-model-runs/20260713-111049-b04b-convergence-review-r3-reviewer/ccg-health-20260713-111050.json","1648","2026-07-13T03:10:50.2292478Z","dae8a7e01d4ab09755a45622e94c4cbb0bc534cca417f77fd0c12d097fcec0cf"
"untracked",".ccg/dual-model-runs/20260713-111049-b04b-convergence-review-r3-reviewer/claude-reviewer-attempt-1.prompt.md","3394","2026-07-13T03:10:55.7747039Z","5d2bc6de835d1ff1cfce6aa8f6cf7af01f839c5b6dcbbad0a829625f1918c128"
"untracked",".ccg/dual-model-runs/20260713-111049-b04b-convergence-review-r3-reviewer/claude-reviewer-attempt-1.stderr.md","533","2026-07-13T03:10:57.9983771Z","74cdfc3915503a7091d30642e26c6c2b088b562fc43586454cbfdf04c6799f67"
"untracked",".ccg/dual-model-runs/20260713-111049-b04b-convergence-review-r3-reviewer/claude-reviewer-attempt-1.stdout.md","0","2026-07-13T03:10:57.9983771Z","e3b0c44298fc1c149afbf4c8996fb92427ae41e4649b934ca495991b7852b855"
"untracked",".ccg/dual-model-runs/20260713-111049-b04b-convergence-review-r3-reviewer/gemini-reviewer-attempt-1.prompt.md","3394","2026-07-13T03:10:50.2700738Z","d695c8735ccea749b4666e94958ab9ada16712a05afa54c3b2f16261cd538cf0"
"untracked",".ccg/dual-model-runs/20260713-111049-b04b-convergence-review-r3-reviewer/gemini-reviewer-attempt-1.stderr.md","2193","2026-07-13T03:10:55.7101904Z","218bce910594ac5a958a9d97062f6bba93cc4e244d9c6b7a78055c38f0114688"
"untracked",".ccg/dual-model-runs/20260713-111049-b04b-convergence-review-r3-reviewer/gemini-reviewer-attempt-1.stdout.md","0","2026-07-13T03:10:55.7091897Z","e3b0c44298fc1c149afbf4c8996fb92427ae41e4649b934ca495991b7852b855"
"untracked",".ccg/dual-model-runs/20260713-111049-b04b-convergence-review-r3-reviewer/health-attempt-1.json","1846","2026-07-13T03:10:50.2615396Z","9e9208d1b84f0999edd7c16e72eacdcd28f5601985e295827d0c3654d2ead6e0"
"untracked",".ccg/dual-model-runs/20260713-111049-b04b-convergence-review-r3-reviewer/summary.json","6687","2026-07-13T03:11:00.7820041Z","6f6327e96b4cea2b4eb7e829a229926bc31998470e98dc8590d788214f701615"
"untracked",".ccg/dual-model-runs/20260713-111049-b04b-convergence-review-r3-reviewer/summary.md","713","2026-07-13T03:11:00.7855393Z","76139cf5ce67b228773aa1e386936594a166d6d66fce15b6118a90b90232651f"
"untracked",".ccg/dual-model-runs/20260713-133151-b02-convergence-step2-r1-reviewer/ccg-health-20260713-133152.json","1645","2026-07-13T05:31:52.6216389Z","3e7a7bd630ec95638aeec616e292b552bd6e6fa1b1459a59515aa349653d99bf"
"untracked",".ccg/dual-model-runs/20260713-133151-b02-convergence-step2-r1-reviewer/claude-reviewer-attempt-1.prompt.md","2950","2026-07-13T05:31:59.0986947Z","f0ba21e5bd073d13e93e9e874268a249184e578bcbc22dfee17b31f94bade075"
"untracked",".ccg/dual-model-runs/20260713-133151-b02-convergence-step2-r1-reviewer/claude-reviewer-attempt-1.stderr.md","533","2026-07-13T05:32:01.8120132Z","fdd96036873f0fbff240f61983f107b99dbc9652070a3efbad7f5be5abe9f594"
"untracked",".ccg/dual-model-runs/20260713-133151-b02-convergence-step2-r1-reviewer/claude-reviewer-attempt-1.stdout.md","0","2026-07-13T05:32:01.8120132Z","e3b0c44298fc1c149afbf4c8996fb92427ae41e4649b934ca495991b7852b855"
"untracked",".ccg/dual-model-runs/20260713-133151-b02-convergence-step2-r1-reviewer/gemini-reviewer-attempt-1.prompt.md","2950","2026-07-13T05:31:52.6636814Z","a8f11e79f98a3393d8e2b8044461ff9a6c645a94609b61f022c6a9ee1fac3267"
"untracked",".ccg/dual-model-runs/20260713-133151-b02-convergence-step2-r1-reviewer/gemini-reviewer-attempt-1.stderr.md","2193","2026-07-13T05:31:59.0244634Z","54825b1f80d7e8d7f8ac637ad57af38a17643ec382039681954bde31f16cf3e5"
"untracked",".ccg/dual-model-runs/20260713-133151-b02-convergence-step2-r1-reviewer/gemini-reviewer-attempt-1.stdout.md","0","2026-07-13T05:31:59.0234569Z","e3b0c44298fc1c149afbf4c8996fb92427ae41e4649b934ca495991b7852b855"
"untracked",".ccg/dual-model-runs/20260713-133151-b02-convergence-step2-r1-reviewer/health-attempt-1.json","1838","2026-07-13T05:31:52.6546795Z","ab807d5884d537ab8db92e371fd445f5b2307346deb002f9d2b9263bca939400"
"untracked",".ccg/dual-model-runs/20260713-133151-b02-convergence-step2-r1-reviewer/summary.json","6562","2026-07-13T05:32:03.6808411Z","b0b7a4a1a7955a4ea85af6ae5d6b3c14a777f5543b32f1d845415db37a5affbf"
"untracked",".ccg/dual-model-runs/20260713-133151-b02-convergence-step2-r1-reviewer/summary.md","705","2026-07-13T05:32:03.6838427Z","57ae2b0d73a96709a5c4b417bff48f4b33d840f1abb3c5a05ab1888170a15275"
"untracked",".ccg/dual-model-runs/20260713-133509-f01a-write-scope-recovery-r1-reviewer/ccg-health-20260713-133509.json","1648","2026-07-13T05:35:09.7466240Z","521f800c4362b56600f6fc9dbc84a72242d95f5d196d8d88c7a9bb22a1f4f996"
"untracked",".ccg/dual-model-runs/20260713-133509-f01a-write-scope-recovery-r1-reviewer/claude-reviewer-attempt-1.prompt.md","3148","2026-07-13T05:35:14.6335418Z","9880b6c9becfd6214f1b1ce552bf09318efe5d37a42f0d40171a3c983b9dc8f4"
"untracked",".ccg/dual-model-runs/20260713-133509-f01a-write-scope-recovery-r1-reviewer/claude-reviewer-attempt-1.stderr.md","547","2026-07-13T05:35:16.0785123Z","d26c12246ceb3e0a34553a3bdadd8ec7d9e5046ab66b1c17aff0f4a7351bdd95"
"untracked",".ccg/dual-model-runs/20260713-133509-f01a-write-scope-recovery-r1-reviewer/claude-reviewer-attempt-1.stdout.md","0","2026-07-13T05:35:16.0785123Z","e3b0c44298fc1c149afbf4c8996fb92427ae41e4649b934ca495991b7852b855"
"untracked",".ccg/dual-model-runs/20260713-133509-f01a-write-scope-recovery-r1-reviewer/gemini-reviewer-attempt-1.prompt.md","3148","2026-07-13T05:35:09.7836651Z","79285066245e820bbcc136fafb2a22b80a4b9b71847cb2c8e004e0b51ba78fcc"
"untracked",".ccg/dual-model-runs/20260713-133509-f01a-write-scope-recovery-r1-reviewer/gemini-reviewer-attempt-1.stderr.md","2193","2026-07-13T05:35:14.5918718Z","4efd8ccb2bb3ed12b7c2ed9e0c36e9208274384901e12c8899e43b1c43873578"
"untracked",".ccg/dual-model-runs/20260713-133509-f01a-write-scope-recovery-r1-reviewer/gemini-reviewer-attempt-1.stdout.md","0","2026-07-13T05:35:14.5908713Z","e3b0c44298fc1c149afbf4c8996fb92427ae41e4649b934ca495991b7852b855"
"untracked",".ccg/dual-model-runs/20260713-133509-f01a-write-scope-recovery-r1-reviewer/health-attempt-1.json","1845","2026-07-13T05:35:09.7766621Z","bf411515baedc61f29052627fcf86ee99d0e3481c73cefd827be38b9f867c1f9"
"untracked",".ccg/dual-model-runs/20260713-133509-f01a-write-scope-recovery-r1-reviewer/summary.json","6604","2026-07-13T05:35:18.1486138Z","340b8c65b19a49be7cb8eaf79bf6854592e6df07b7d571f20a6a7874733b6d59"
"untracked",".ccg/dual-model-runs/20260713-133509-f01a-write-scope-recovery-r1-reviewer/summary.md","717","2026-07-13T05:35:18.1525260Z","8e6334160f4cbf9d96d884355db01bfeb6f964894363583975fadd68751cd7e6"
"untracked",".ccg/dual-model-runs/20260713-134350-f01a-write-scope-recovery-r1-reviewer/ccg-health-20260713-134350.json","1648","2026-07-13T05:43:50.6924704Z","9a088bece176d9101b37a898449849615521bbb2f12f6d3b5b0006201b681c04"
"untracked",".ccg/dual-model-runs/20260713-134350-f01a-write-scope-recovery-r1-reviewer/claude-reviewer-attempt-1.prompt.md","3148","2026-07-13T05:43:55.6822486Z","9880b6c9becfd6214f1b1ce552bf09318efe5d37a42f0d40171a3c983b9dc8f4"
"untracked",".ccg/dual-model-runs/20260713-134350-f01a-write-scope-recovery-r1-reviewer/claude-reviewer-attempt-1.stderr.md","547","2026-07-13T05:43:57.3797272Z","5ca7fac480c8df222d49ea55d044ca31ab65584abc2c278e81ae5ceb316cf9c2"
"untracked",".ccg/dual-model-runs/20260713-134350-f01a-write-scope-recovery-r1-reviewer/claude-reviewer-attempt-1.stdout.md","0","2026-07-13T05:43:57.3787271Z","e3b0c44298fc1c149afbf4c8996fb92427ae41e4649b934ca495991b7852b855"
"untracked",".ccg/dual-model-runs/20260713-134350-f01a-write-scope-recovery-r1-reviewer/gemini-reviewer-attempt-1.prompt.md","3148","2026-07-13T05:43:50.7484362Z","79285066245e820bbcc136fafb2a22b80a4b9b71847cb2c8e004e0b51ba78fcc"
"untracked",".ccg/dual-model-runs/20260713-134350-f01a-write-scope-recovery-r1-reviewer/gemini-reviewer-attempt-1.stderr.md","2193","2026-07-13T05:43:55.6243062Z","cbad1107fe9191d38e73056843035f5c586e8710aedf389b0efedfd7221456a0"
"untracked",".ccg/dual-model-runs/20260713-134350-f01a-write-scope-recovery-r1-reviewer/gemini-reviewer-attempt-1.stdout.md","0","2026-07-13T05:43:55.6232466Z","e3b0c44298fc1c149afbf4c8996fb92427ae41e4649b934ca495991b7852b855"
"untracked",".ccg/dual-model-runs/20260713-134350-f01a-write-scope-recovery-r1-reviewer/health-attempt-1.json","1845","2026-07-13T05:43:50.7358288Z","6fb402d73486248c524e0f291379a048982697d78731567033b3f5fd1cfff034"
"untracked",".ccg/dual-model-runs/20260713-134350-f01a-write-scope-recovery-r1-reviewer/summary.json","6604","2026-07-13T05:43:59.5393068Z","7e3b6170f06dee2d905dbc1a071f6a178155bf83a4af284e7a48b9b330cef7b5"
"untracked",".ccg/dual-model-runs/20260713-134350-f01a-write-scope-recovery-r1-reviewer/summary.md","717","2026-07-13T05:43:59.5432624Z","69b07cae967a024f2f8dc5e7995fe33677418e68dafc8c361d436b1b59758e8d"
"untracked",".ccg/dual-model-runs/b01-issue-review-r1-input.md","3892","2026-07-11T04:34:23.1557684Z","6fa5775bb877185be9635a7f5d6b8de50fb6ec9f64c39191b903a773614508c1"
"untracked",".ccg/dual-model-runs/b01-issue-review-r1-reviewer.md","4493","2026-07-11T04:17:04.4228707Z","b5beac594bf94202c2f392bfd93e377c8d67c8472ce9564f0af363844fb40379"
"untracked",".ccg/dual-model-runs/b01-issue-review-r2-input.md","3103","2026-07-11T04:34:23.1557684Z","8fbf44a4fbe4c4ec8d6182e0145cffcb300994c3266b43fe96f7976168494ab1"
"untracked",".ccg/dual-model-runs/b01-issue-review-r2-reviewer.md","3717","2026-07-11T04:28:31.3808325Z","4c828df4cf0e39106ede36e73c69501bf357763accce884bb2579ab39d0fddcd"
"untracked",".ccg/dual-model-runs/b02-convergence-step2-r1-input.md","1954","2026-07-13T05:31:50.6135990Z","e5125a6e6e7cc2d6bffa44081a25a6ed79442dfee041d70f484bd8e5f3c8cd27"
"untracked",".ccg/dual-model-runs/b02-convergence-step2-r1-reviewer.md","2631","2026-07-13T05:31:50.9564791Z","404c7823d161ae0aac7f779c0861f142222b48076e219aa51104c4acc65ad811"
"untracked",".ccg/dual-model-runs/b02-issue-review-r1-input.md","3298","2026-07-11T05:10:24.4063979Z","92c6f9c8047cb1f19472a26825966e3101b09c080dcb1bc9e08c562583c042e2"
"untracked",".ccg/dual-model-runs/b02-issue-review-r1-reviewer.md","3910","2026-07-11T05:06:07.0703285Z","4797e4916870a00edc7ee956e596cff469c680d0ff07195c9376a5d814a585de"
"untracked",".ccg/dual-model-runs/b03-convergence-step2-r1-input.md","1946","2026-07-13T05:31:50.6156077Z","8f8aefcde93a9591142f27ebe6014f73b786bc9fb4d59f9e6381e8edcdf19679"
"untracked",".ccg/dual-model-runs/b03-issue-review-r1-input.md","2612","2026-07-11T05:16:08.3668762Z","e0feabc783c139a98a7ffa99ca8f6adc77c656b63ccf4ef64550fdc33a452971"
"untracked",".ccg/dual-model-runs/b03-issue-review-r1-reviewer.md","3284","2026-07-11T05:16:40.2009009Z","d442d56506236e8c48b2dce5e47d1088cc837dfdd23e362c29a3cf72f004b00b"
"untracked",".ccg/dual-model-runs/b04a-convergence-step2-r1-input.md","1928","2026-07-13T05:31:50.6166063Z","9429ea493a10c31356c9ee11f2499e78cafdb7b6ffa08101b2dab26a47812479"
"untracked",".ccg/dual-model-runs/b04a-issue-review-r1-input.md","2288","2026-07-12T04:55:09.5411886Z","5145592224b69e71045c112b9f74771cacde80063bc69bdce5f2475e447ec443"
"untracked",".ccg/dual-model-runs/b04a-issue-review-r1-reviewer.md","2961","2026-07-12T04:55:43.6524042Z","ddca4b52cb3256489ed9f4f5a59d989f0219d41ec8954ffe056d8dc1e98ac5e9"
"untracked",".ccg/dual-model-runs/b04b-convergence-review-r1-input.md","2138","2026-07-13T02:55:48.6531281Z","ac95828c95d500c58adf4a56487dfe7c8691730de4956e102d681aec9e67eca9"
"untracked",".ccg/dual-model-runs/b04b-convergence-review-r1-reviewer.md","2817","2026-07-13T02:56:48.8694479Z","a889fe00cac86891a2c0c240b401a5b8afaba2e5ac869c2b52cedab6ba864d82"
"untracked",".ccg/dual-model-runs/b04b-convergence-review-r2-input.md","2982","2026-07-13T03:00:02.3997666Z","e15e15c88c2cec929a3be54d2c059cfc6418c721003a3ebd6052c7ae99aebc9b"
"untracked",".ccg/dual-model-runs/b04b-convergence-review-r2-reviewer.md","3661","2026-07-13T03:00:12.0586394Z","0d32580813cdd9d57c4b4f8fe1aee124efa27d27ae659bf3078ba429d6bef569"
"untracked",".ccg/dual-model-runs/b04b-convergence-review-r3-input.md","2396","2026-07-13T03:10:37.1393435Z","ea66203d710837dea32ece557b2a7854b3db61394ef295635c5b783e45ed566e"
"untracked",".ccg/dual-model-runs/b04b-convergence-review-r3-reviewer.md","3075","2026-07-13T03:10:49.2959565Z","3df11b67cba897f3a4651a8ce558d308d3544d0086c900e9cb28d8acd22d021f"
"untracked",".ccg/dual-model-runs/b04b-convergence-step2-r1-input.md","1912","2026-07-13T05:31:50.6177541Z","6558a7eecdd8b79c61eef6bba22032bf410e0c9161b1a84777947d97f020c266"
"untracked",".ccg/dual-model-runs/b04b-issue-review-r1-input.md","3111","2026-07-12T04:34:32.5565459Z","5990a79b3e1ccb9b4370486eaa58b29959de4fc99bff79bbe9e471af0d21bdb5"
"untracked",".ccg/dual-model-runs/b04b-issue-review-r1-reviewer.md","3781","2026-07-12T04:34:32.7837118Z","40788c0374904ec37668f069095e0591388f80c88d644ada29f92c91bbd86030"
"untracked",".ccg/dual-model-runs/b04c-convergence-step2-r1-input.md","1880","2026-07-13T05:31:50.6186073Z","5b4363c940bd6b0e4a833540a312697299eafee62d595aa647f4e851c88e8d5a"
"untracked",".ccg/dual-model-runs/b04c-issue-review-r1-input.md","1753","2026-07-12T05:03:59.3745183Z","090ebd7608ddffd7791be582a566e94aac93aa7ef273cf12c5485adb6e180aae"
"untracked",".ccg/dual-model-runs/b04c-issue-review-r1-reviewer.md","2426","2026-07-12T05:04:19.0671729Z","4f33808514e1a8e59befb1df18e901703c1a5c052ee80b4b3a2d4bd3a29005ec"
"untracked",".ccg/dual-model-runs/b05-convergence-step2-r1-input.md","1918","2026-07-13T05:31:50.6186073Z","3a05b0c70b91fd056e9a1a99f74f393e2ba5ba215ffc577cea0c0ebaa59d16ba"
"untracked",".ccg/dual-model-runs/b05-issue-review-r1-input.md","1201","2026-07-12T04:47:44.3743536Z","0c59bd22837b87dbc85f1d2791af0179e1c6acdc943ac8d20c791cebef711cd1"
"untracked",".ccg/dual-model-runs/b05-issue-review-r1-reviewer.md","1870","2026-07-12T04:47:59.6881220Z","0f80477f7a4806deb30069afc6b82a20bd72a5abdb34dc39c382d8440514c47f"
"untracked",".ccg/dual-model-runs/b06a-issue-review-r1-input.md","2512","2026-07-11T08:38:42.7943502Z","4de0dd97c43ebcb33d29f6f501758dcb410471132215c4426a6dc47de212c56c"
"untracked",".ccg/dual-model-runs/b06a-issue-review-r1-reviewer.md","3182","2026-07-11T08:38:54.9588564Z","211d185adc83adce3f2c9e7c4a87b76153f9c2eee64ea1e5cefab23b53f10261"
"untracked",".ccg/dual-model-runs/b06b-issue-review-r1-input.md","4237","2026-07-11T08:48:33.5013179Z","a2d12adccf909bfb44b1bf3553d2e1e9e81f3a7880065fec2fc63b3e159009e5"
"untracked",".ccg/dual-model-runs/b06b-issue-review-r1-reviewer.md","4910","2026-07-11T08:49:28.8232125Z","303ec85563ae95e8c518127b18e4f4b9f7bea8cc2742d9c8926b3d048d086b32"
"untracked",".ccg/dual-model-runs/b06c-issue-review-r1-input.md","3280","2026-07-11T09:01:56.1694630Z","3698d6055bc844d36b16aa3739a7cacae0846ccff9f6403d75023b854cb64494"
"untracked",".ccg/dual-model-runs/b06c-issue-review-r1-reviewer.md","3953","2026-07-11T09:02:13.9778294Z","6dd63f2e191a756cb6f7d7d7671586fb451b9a8c1ad35489612481b08222690f"
"untracked",".ccg/dual-model-runs/b07-convergence-step2-r1-input.md","1938","2026-07-13T05:31:50.6196110Z","17175cf3d6c964d7b96a4e6952170fd412bd67a487210fe880787f49fa191c7b"
"untracked",".ccg/dual-model-runs/b07-issue-review-r1-input.md","2686","2026-07-11T09:18:18.8531492Z","ab257854acf3a70fdad79233e2518adae3f3e121a64893cc29272e4cf772ff05"
"untracked",".ccg/dual-model-runs/b07-issue-review-r1-reviewer.md","3358","2026-07-11T09:18:19.0321509Z","0d23e7b9c76ac78a4b2f56c372bdc4dd0eb600890d9133271d1af47e05796c36"
"untracked",".ccg/dual-model-runs/diagnostic-convergence-first-wave-prioritization-analysis-analyzer.md","2759","2026-07-13T01:51:23.6635195Z","c7c61f24b2336062881a575126e66060ef3fb6b10f4ad26e735635995438c905"
"untracked",".ccg/dual-model-runs/diagnostic-convergence-first-wave-prioritization-analysis-input.md","2049","2026-07-13T01:51:12.8897731Z","30102c28cf0ca5d048e5964350ba426aa426f1ebe6eb4c8f6569411ac6796cbe"
"untracked",".ccg/dual-model-runs/F01A-issue-review-r1-input.md","3029","2026-07-10T10:43:25.3624848Z","af0acb593ad2c1ef0e3f1fbd84f22c4655942577cb852724bb84ea58fa0d194d"
"untracked",".ccg/dual-model-runs/f01a-issue-review-r1-reviewer.md","3702","2026-07-10T10:47:35.4633128Z","328aaf243b5f5c61ea45063cb2b2cc4a3214267e68cf41ab155423df5b2bc40b"
"untracked",".ccg/dual-model-runs/F01A-issue-review-r2-input.md","2081","2026-07-10T10:57:04.2868970Z","966e48d965d05d03654d68447255c81f15a5c64f01cb449fee8c23dafa1383b3"
"untracked",".ccg/dual-model-runs/f01a-issue-review-r2-reviewer.md","2754","2026-07-10T10:57:11.3260907Z","7f2d2b96098a41793711bc52809551b349f5fe18547fb9d2c0f62f45b537cd48"
"untracked",".ccg/dual-model-runs/f01a-write-scope-recovery-r1-input.md","2148","2026-07-13T03:29:51.1710674Z","bcda3ebb19dd75105c8714026fb85d1c1a3b081b96441002d042087aa68e4b56"
"untracked",".ccg/dual-model-runs/f01a-write-scope-recovery-r1-reviewer.md","2829","2026-07-13T05:43:49.6923820Z","99b0a775797c436b8f2cc8aed83b8b54e28051051bbae492064db2c0c32037a0"
"untracked",".ccg/dual-model-runs/F01B-issue-review-r1-input.md","2914","2026-07-10T10:48:14.0340947Z","2d2f86651d8b0180eceaf0f5e527cdc6bb22f44a36ea611fb19ce9253ae4dd95"
"untracked",".ccg/dual-model-runs/f01b-issue-review-r1-reviewer.md","3587","2026-07-10T10:48:26.1646989Z","d626703c76579f94dd138e46c6d9be4e01743c3c8fa668706c5583f730eccd1b"
"untracked",".ccg/dual-model-runs/F01B-issue-review-r2-input.md","3785","2026-07-10T11:07:35.0750647Z","b883997d8a5576adff90d9bd2a12151d26742ff136854c0ada40bb2b360d8f3b"
"untracked",".ccg/dual-model-runs/f01b-issue-review-r2-reviewer.md","4458","2026-07-10T11:08:24.5349467Z","2b5a35ff755835e6fe07f4eab25360c6a959511334e612e433b3a6320a48d41d"
"untracked",".ccg/dual-model-runs/F01B-issue-review-r3-input.md","3248","2026-07-10T11:17:17.0205368Z","b89699fd3c8d9eaa999a5ad2c393d2d88c1abd2adceb2c47f70e25069928a52f"
"untracked",".ccg/dual-model-runs/f01b-issue-review-r3-reviewer.md","3921","2026-07-10T11:17:26.1156522Z","6a5111a0ab86361483e62a9dcc4a65d73bcdb3bf650618f4acc4b4a2922f4c49"
"untracked",".ccg/dual-model-runs/F01C-issue-review-r1-input.md","4096","2026-07-10T11:52:59.8517306Z","8e70f22f5f711f2f930d7227c92a14f9a45fef19cf33b4ff84905cdc69edb7b3"
"untracked",".ccg/dual-model-runs/f01c-issue-review-r1-reviewer.md","4769","2026-07-10T11:53:20.8057502Z","b1cafa1dbee1ddaa11b0b0cbdd49ce021d106bb7ce8596081b88e2559bf65a16"
"untracked",".ccg/dual-model-runs/F01D-issue-review-r1-input.md","4110","2026-07-10T11:46:12.2784939Z","e579260295dd5543ab18c528862e70f5545bb952d679d954475ca4b51d28ce4a"
"untracked",".ccg/dual-model-runs/f01d-issue-review-r1-reviewer.md","4783","2026-07-10T11:47:22.0460003Z","b90b46243cfca54a2c1620bcdb79374fca87596e21dc738eca044b87d0acab2a"
"untracked",".ccg/dual-model-runs/f02-convergence-step2-r1-input.md","1946","2026-07-13T05:31:50.6206111Z","7e39b746471a4a007786d8174394ba8b39f0ae190aec23fecac7af8de4ff7987"
"untracked",".ccg/dual-model-runs/F02-issue-review-r1-input.md","5520","2026-07-10T12:38:39.5536834Z","53b423190fc92f7d088a750b31d5c661b61aff40134f4c473e9eefc9f0ff9071"
"untracked",".ccg/dual-model-runs/f02-issue-review-r1-reviewer.md","6192","2026-07-10T12:39:20.9260395Z","66cbdf11f8f7711ae317f951617f25cd04a57ef77501fd52149a719166e85ad8"
"untracked",".ccg/dual-model-runs/F02-issue-review-r2-input.md","5379","2026-07-10T12:50:01.1251731Z","ae59ff4dea4e77d35ffc1165a234bdbc55a5392a29535158bfa9013458bf0911"
"untracked",".ccg/dual-model-runs/f02-issue-review-r2-reviewer.md","6051","2026-07-10T12:50:26.4632288Z","f4b4e9caaeacea48e5550143df35e181af95e2b705d18b278574d1c2abf6c475"
"untracked",".ccg/dual-model-runs/f03a-convergence-step2-r1-input.md","1916","2026-07-13T05:31:50.6226072Z","3537d4140ad3ea9f74a21e5f179b411aa573881ebd3e4a24bbe675195bdc6131"
"untracked",".ccg/dual-model-runs/F03A-issue-review-r1-input.md","3271","2026-07-10T12:44:06.7666030Z","b28760b11917b351a6ceb45cfcff9e17b247ad4e4f8915543b93d483296de4f1"
"untracked",".ccg/dual-model-runs/f03a-issue-review-r1-reviewer.md","3944","2026-07-10T12:44:19.9586193Z","a6144aa57cf40c5bbb665ed124dad3de456df00690fd6c47c898ef1a7b1db83b"
"untracked",".ccg/dual-model-runs/F03B-issue-review-r1-input.md","3423","2026-07-10T13:21:10.1303627Z","da774e9da9b6098dfc5febdd2693b53febd3e28bf2b25bae53e52a6536d50d61"
"untracked",".ccg/dual-model-runs/f03b-issue-review-r1-reviewer.md","4096","2026-07-10T13:21:35.0186849Z","14666bbcd70ac511905863b7a5c5657cb9cc659a0caea0e95cd2cad480431172"
"untracked",".ccg/dual-model-runs/f03q-convergence-step2-r1-input.md","1968","2026-07-13T05:31:50.6236080Z","d8a4756d8ee90c0fc66c3e0c3bd582a991ba256cd628e7710e757c1bbb7d9d54"
"untracked",".ccg/dual-model-runs/F03Q-issue-review-r1-input.md","3825","2026-07-10T13:10:39.7363036Z","038c40e9700529999ee2f8e24546c87e3aa5566331659297dd5c34ab4578063b"
"untracked",".ccg/dual-model-runs/f03q-issue-review-r1-reviewer.md","4498","2026-07-10T13:10:57.2601573Z","a22f3a471d10469dfae028c4f137597772218df49e6d0fc39d8128a2594c20d1"
"untracked",".ccg/dual-model-runs/F04-issue-review-r1-input.md","4824","2026-07-10T14:11:25.3719759Z","706201451e05a03745d9dadc6d3535bba898fbe4597935dba117fa4829fee23b"
"untracked",".ccg/dual-model-runs/f04-issue-review-r1-reviewer.md","5496","2026-07-10T14:12:28.2982142Z","e4f42e3df6a96d886409b24c3c3f920fee6b5c4fd91713845158aef4ba72c06f"
"untracked",".ccg/dual-model-runs/F05A-issue-review-r1-input.md","4597","2026-07-10T14:11:55.2690696Z","ea45eef30fd9dd0bbcac3192dd35e7f6f7cc422afc34d16e1137eede4eddeaeb"
"untracked",".ccg/dual-model-runs/f05a-issue-review-r1-reviewer.md","5270","2026-07-10T14:12:42.5297037Z","8c9479cc759b3b73fff6a97258863e1661e8a0122329f36193b2d5377e3c204f"
"untracked",".ccg/dual-model-runs/F05B-issue-review-r1-input.md","3585","2026-07-10T14:55:46.8535119Z","a0ac9122155625ebd7e22c1cf15b2ad5bdc3e9f7ad644298fd4bf354a5ade110"
"untracked",".ccg/dual-model-runs/f05b-issue-review-r1-reviewer.md","4258","2026-07-10T14:56:25.3285804Z","82c95c0152a56ed9b23713ffb80fe20f1823bb91f3592870590a29abd46a23fd"
"untracked",".ccg/dual-model-runs/F06-issue-review-r1-input.md","5412","2026-07-10T15:06:52.9434744Z","a53b7850d79e51a0aa09c6165d81caa076dab0421c0efc0e0bcbef86fe5749f9"
"untracked",".ccg/dual-model-runs/f06-issue-review-r1-reviewer.md","6084","2026-07-10T15:07:34.1783601Z","e9ee40ec408aa08bb8a29ced9c7addc6365d5d057a5693bb4bfed797fe48be69"
"untracked",".ccg/dual-model-runs/F07-issue-review-r1-input.md","3766","2026-07-11T03:26:44.9027792Z","ec42363a12a09e6fb122c9dee752e56411ff54aa1578ead714f47f6bf44182f9"
"untracked",".ccg/dual-model-runs/f07-issue-review-r1-reviewer.md","4407","2026-07-11T03:26:59.6492349Z","408ed41a3bd8735272156717acf81734ca8f1a9166adc2d53833c1bb90fe9218"
"untracked",".ccg/dual-model-runs/F08-issue-review-r1-input.md","2501","2026-07-11T03:27:30.5705543Z","1c8a543b796cf235a8f9522564c3f4070f11eb36de4a485b8068aeb63f14ff26"
"untracked",".ccg/dual-model-runs/f08-issue-review-r1-reviewer.md","3142","2026-07-11T03:27:46.8071123Z","0e6a94314df906781ea8326312fadfdcb8a3d920d71dc200812920f5aa6909bc"
"untracked",".ccg/dual-model-runs/f09-issue-review-r1-input.md","3111","2026-07-11T04:28:03.0075097Z","84a0d1386a2467893f91c432c3b5149bf9266db7a8dbfba63ae09079c0c80b7e"
"untracked",".ccg/dual-model-runs/f09-issue-review-r1-reviewer.md","3783","2026-07-11T04:28:32.4085344Z","5f6de76d695d0e5adc51c34aea207ff1a4e4563b518873a754e8cb232fd0f555"
"untracked",".ccg/dual-model-runs/isolation-zone-diagnostic-workflow-analysis-input.md","2742","2026-07-10T09:19:56.7925228Z","baf27fedb42841b8d296e1472d548122e079b61cd8b830a7f8aa27e79fd89c3b"
"untracked",".ccg/dual-model-runs/isolation-zone-diagnostic-workflow-analyzer.md","3429","2026-07-10T09:20:07.4289367Z","be6e9158a7bb02cc93ec544e4b663eb55b6e993da957afec149b6598da6b9620"
"untracked",".ccg/dual-model-runs/project-modular-architecture-analysis-analyzer.md","9201","2026-07-10T08:19:58.9297035Z","39d496e5493b8f47a0ef5caf3f9c3c6e0b926887bc024d98c280222e38b46e09"
"untracked",".ccg/dual-model-runs/project-modular-architecture-analysis-input.md","8511","2026-07-10T08:19:52.4346872Z","6a6d83ba461455015be85e56bb7e359a2a8e0ee52669972ed59b13528ee5c5a8"
"untracked",".ccg/dual-model-runs/project-module-boundary-document-review-input.md","2238","2026-07-10T09:05:03.0518601Z","490d1e0954e21344d7af4602e650763a368765cbb622371790c81bea5b2b958a"
"untracked",".ccg/dual-model-runs/project-module-boundary-document-review-reviewer.md","2930","2026-07-10T09:05:09.8502412Z","d20fe313644f40998aaf44bdb8c21f0ee4954f0fb0a65aa7b2eedbd242d2a520"
"untracked",".ccg/dual-model-runs/x01-convergence-step2-r1-input.md","1954","2026-07-13T05:31:50.6241206Z","0c70d5a58211379aedab7187f488344131807163969eea605d8749ef45692c73"
"untracked",".ccg/dual-model-runs/x01-issue-review-r1-input.md","3074","2026-07-11T09:23:01.0616722Z","25bd7f872552853127c7e303a577a2b1eab51010bf1ad94656863203303f0a5d"
"untracked",".ccg/dual-model-runs/x01-issue-review-r1-reviewer.md","3746","2026-07-11T09:25:00.2701237Z","9c17b213cb2013130e1f2e41f19d399466159e387db697c2767a0595623e5ada"
"untracked",".ccg/dual-model-runs/x02a-convergence-step2-r1-input.md","1920","2026-07-13T05:31:50.6256286Z","ced38d925df558872c1f8cd151f68ca52817d43cafdf3b1d58aa970b35e43901"
"untracked",".ccg/dual-model-runs/x02a-issue-review-r1-input.md","3999","2026-07-11T09:33:38.2896580Z","f1c8eb70978e45064b1dabc579258be8bb3d1a0723ac6dcd3258729a3128413c"
"untracked",".ccg/dual-model-runs/x02a-issue-review-r1-reviewer.md","4672","2026-07-11T09:34:47.4358877Z","eb75eb3cb83de5a5b51dcf42d4f0cf792d6993738f7d6e3ac1072ddfaa354963"
"untracked",".ccg/dual-model-runs/x02b-convergence-step2-r1-input.md","1940","2026-07-13T05:31:50.6266389Z","eed160f9d17efa66acb9145064c8574e93b0f3390f35a4ae1672f35bacd36ccc"
"untracked",".ccg/dual-model-runs/x02b-issue-review-r1-input.md","3295","2026-07-11T09:41:09.3688328Z","7db901dffa30d9ebc984882dfec907592d4b9c9d3662a3de0fe953dea7f3c200"
"untracked",".ccg/dual-model-runs/x02b-issue-review-r1-reviewer.md","3968","2026-07-11T09:43:20.7290471Z","7f84d796db636bca77957db271e776e31949aacbc088c5838cf7f8c7d9c4baf8"
"untracked",".ccg/dual-model-runs/x02c-convergence-step2-r1-input.md","1912","2026-07-13T05:31:50.6266389Z","f6b4a34a26deb821bde393114570aee7c0904b12e4bbcbf9300c7936194a67bd"
"untracked",".ccg/dual-model-runs/x02c-issue-review-r1-input.md","2165","2026-07-11T09:55:07.2169307Z","97d5942180696908a6312c96528ddeae75ed96f4b2d17c94e9737cf38817d7f0"
"untracked",".ccg/dual-model-runs/x02c-issue-review-r1-reviewer.md","2835","2026-07-11T09:55:07.3945802Z","c7f22194d8d766bc817fc0c22fbcb8ebee3d383a0f952349c99ccf3f47a61f4c"
"untracked",".ccg/dual-model-runs/x02q-convergence-step2-r1-input.md","1920","2026-07-13T05:31:50.6276386Z","4b5a3d7109c8fb81bb3fa2ea0ed1f379b3d8c1a8e7d0eaf80e62fb0e29a92027"
"untracked",".ccg/dual-model-runs/x02q-issue-review-r1-input.md","2840","2026-07-11T10:05:59.9946279Z","c3d3d59bcf2df5ebeca48fb4e84c80339bcb36dac8d1a54e875b61b27d257a6a"
"untracked",".ccg/dual-model-runs/x02q-issue-review-r1-reviewer.md","3510","2026-07-11T10:06:00.2823280Z","beaef1ba2cc6d70113b241b3a396cbddcd04d63c361a53281433e2a1c029308b"
"untracked",".ccg/dual-model-runs/x03-convergence-step2-r1-input.md","1902","2026-07-13T05:31:50.6286378Z","cf6dcd7f41b030acd74f25af3b3fa8d0075fdb8d1d1d313bd6b52fbf9dc2fc91"
"untracked",".ccg/dual-model-runs/x03-issue-review-r1-input.md","1914","2026-07-11T10:10:47.8636461Z","a899f4a1bd6a2e7d7f4ae7f4ca8dc9960f2211f2db57d4293ecad77cb07d0de5"
"untracked",".ccg/dual-model-runs/x03-issue-review-r1-reviewer.md","2583","2026-07-11T10:11:01.9125795Z","ba562847a5165166b0be7c1a630427ff9567da0f51a02b7d2b6c860f53ddbbaa"
"untracked",".ccg/dual-model-runs/x04a-issue-review-r1-input.md","3507","2026-07-12T05:45:16.6697884Z","7768837dc4e52737400c36b4b6bf66916ecf015fba2bdb96f935e35891d179c4"
"untracked",".ccg/dual-model-runs/x04a-issue-review-r1-reviewer.md","4180","2026-07-12T05:46:11.3052742Z","ea0d82882d6a0974bd4cf0d1c5e4574460b8e20b19950eaff4a99ec3fccfadd6"
"untracked",".ccg/dual-model-runs/x04b-convergence-step2-r1-input.md","1932","2026-07-13T05:31:50.6296372Z","dd30fdc811a40673a7a8d96a889e7c2c55db5b903e2cc348b65bac746c2d6d53"
"untracked",".ccg/dual-model-runs/x04b-issue-review-r1-input.md","2547","2026-07-12T06:01:58.6091484Z","15cdf1fd97ec645e815784485221434bce0a9bd3e39462bc84d630a7137207da"
"untracked",".ccg/dual-model-runs/x04b-issue-review-r1-reviewer.md","3220","2026-07-12T06:03:29.7401652Z","035854389119a5b9af965d250d0815a17bff90497947917bb71e3b70f529e066"
"untracked",".ccg/dual-model-runs/x05q-issue-review-r1-input.md","2892","2026-07-12T05:26:59.7441727Z","d86b605b5a58e4170841e4201d34738118c6b8f4b3dcbd329c8e2d5a40327488"
"untracked",".ccg/dual-model-runs/x05q-issue-review-r1-reviewer.md","3565","2026-07-12T05:27:14.0394483Z","5072bd0ed39bb79502f13e6a9bdd9928c156641da43543968ef28d784d49297e"
"untracked",".ccg/tasks/archive/2026-07/line-richmenu-word-manual/.turns.json","931","2026-07-10T07:36:30.5502499Z","b8f3c3f6c8034ed9bfeac923df62f40227b657bdcc7777821084b454276ef83e"
"untracked",".ccg/tasks/archive/2026-07/line-richmenu-word-manual/build_richmenu_manual.py","31085","2026-07-10T07:36:30.5507540Z","c82c1b94f040436f5227c0d040652019fc5b1cfd107ecd7b15051cdaa5631138"
"untracked",".ccg/tasks/archive/2026-07/line-richmenu-word-manual/requirements.md","714","2026-07-10T07:36:30.5507540Z","6c3319b04aaa351bb9981d4604bf504b493ed0199a264d1e58b5263181ee52a7"
"untracked",".ccg/tasks/archive/2026-07/line-richmenu-word-manual/sources/developers_line_biz_en_docs_liff_overview.html","69045","2026-07-10T07:36:30.5517558Z","f273ecd337abd3f7cb50573120888f47af32cd2dffd584b41c9d579d8cd18998"
"untracked",".ccg/tasks/archive/2026-07/line-richmenu-word-manual/sources/developers_line_biz_en_docs_messaging_api_using_rich_menus.html","68657","2026-07-10T07:36:30.5517558Z","33023d5cc6369ea8cb634f1f4da28ec386b6695e3780ec9e1aff1a7e2359f91e"
"untracked",".ccg/tasks/archive/2026-07/line-richmenu-word-manual/sources/developers_line_biz_en_docs_messaging_api_using_rich_menus.html.txt","5670","2026-07-10T07:36:30.5527576Z","1493d23a00a05cfb9c10911ad0f8fd0afe5661bf68bef7aa2144d9e2b9dec906"
"untracked",".ccg/tasks/archive/2026-07/line-richmenu-word-manual/sources/developers_line_biz_en_reference_messaging_api_rich_menu.html","149700","2026-07-10T07:36:30.5527576Z","307a7a90f8eddb4174d38da8960ba01d53d6a6a10e64cf9a0a1d7df9c1e88bc5"
"untracked",".ccg/tasks/archive/2026-07/line-richmenu-word-manual/sources/developers_line_biz_en_reference_messaging_api_rich_menu.html.txt","13899","2026-07-10T07:36:30.5527576Z","683b8b777a399c2498318c057ae1778ad02621afd29862f602cd54451bee738a"
"untracked",".ccg/tasks/archive/2026-07/line-richmenu-word-manual/sources/developers_line_biz_en_reference_messaging_api_richmenu_switch_action.html","149700","2026-07-10T07:36:30.5537556Z","307a7a90f8eddb4174d38da8960ba01d53d6a6a10e64cf9a0a1d7df9c1e88bc5"
"untracked",".ccg/tasks/archive/2026-07/line-richmenu-word-manual/sources/developers_line_biz_en_reference_messaging_api_richmenu_switch_action.html.txt","13899","2026-07-10T07:36:30.5537556Z","683b8b777a399c2498318c057ae1778ad02621afd29862f602cd54451bee738a"
"untracked",".ccg/tasks/archive/2026-07/line-richmenu-word-manual/sources/source-summary.json","2621","2026-07-10T07:36:30.5537556Z","952c29be2668fafa1ef97b30635fe51e8431494e2e083c84820d65e7741e87de"
"untracked",".ccg/tasks/archive/2026-07/line-richmenu-word-manual/task.json","540","2026-07-13T02:06:07.8820838Z","ee060c24ed7ef6d343e24f94630686fd2a0cbce30dabec0439698c6ec654ea22"
"untracked",".ccg/tasks/diagnostic-convergence-first-wave-prioritization/plan.md","769","2026-07-13T02:17:02.5528230Z","5c85c068c21fa6e0497458d343cb7c737fb5fb2c2d0cf4154f53a01ea7da4a1b"
"untracked",".ccg/tasks/diagnostic-convergence-first-wave-prioritization/requirements.md","1979","2026-07-13T02:00:09.9038469Z","f0cf057f37e101368295110822162dec92ff1944f339e0d6654ffccbc6a5a5c5"
"untracked",".ccg/tasks/diagnostic-convergence-first-wave-prioritization/task.json","489","2026-07-13T04:57:58.2699487Z","d599fb1b3deeb907aacb30208c78f142a9f0cc5cc397488d6dd31707d734b47a"
"untracked",".ccg/tasks/project-modular-analysis-diagnosis-optimization/.turns.json","1101","2026-07-13T05:43:58.8175605Z","f64223cb57d33a8db7572269722d0baf39f94596c7afd0fbe1a263ad12ea21f0"
"untracked",".ccg/tasks/project-modular-analysis-diagnosis-optimization/analysis.md","911","2026-07-10T08:26:22.9146880Z","7db48fcde36882497b0a81115406800d4134e1930113d938d3da9d796c69ce3d"
"untracked",".ccg/tasks/project-modular-analysis-diagnosis-optimization/requirements.md","1627","2026-07-10T09:28:33.4998744Z","e013ead24b03e67c8134699f30c992296cd896fc4acd6b0da9a0ce543ef4f8fc"
"untracked",".ccg/tasks/project-modular-analysis-diagnosis-optimization/review.md","1808","2026-07-10T09:16:22.8224927Z","4ca2cf539b1543e744c22dbaaffe0d2f72e5d849b4e1295e38b01ee171a4c175"
"untracked",".ccg/tasks/project-modular-analysis-diagnosis-optimization/task.json","409","2026-07-10T14:37:31.5327089Z","bad9ee834522447d109c4d9bc8040599b0bf83f25ff11d773357cad19427d988"
"untracked",".trellis/tasks/07-10-project-modular-analysis-diagnosis-optimization/architecture-map.md","13668","2026-07-10T09:16:22.8234953Z","fe8bfee0f6b48486d0d0f51deb5fc9ee485d0d28f1318c19277bbee5797c1d5a"
"untracked",".trellis/tasks/07-10-project-modular-analysis-diagnosis-optimization/check.jsonl","254","2026-07-10T08:12:37.8157386Z","b07d08d236963962b98f02165f5c31eaaf15c70072b474458f952f1421887f6b"
"untracked",".trellis/tasks/07-10-project-modular-analysis-diagnosis-optimization/design.md","2143","2026-07-10T10:15:20.5490753Z","b75759980ff048c711550a5b8e72b748db697dba77cb3ab5b49c34d7c9f8d659"
"untracked",".trellis/tasks/07-10-project-modular-analysis-diagnosis-optimization/diagnostic-run-ledger.md","8172","2026-07-13T03:25:22.9735427Z","c28574554b178c73fdad253466ce686e47a726c843111170c799618823f3a757"
"untracked",".trellis/tasks/07-10-project-modular-analysis-diagnosis-optimization/implement.jsonl","254","2026-07-10T08:12:37.8147387Z","b07d08d236963962b98f02165f5c31eaaf15c70072b474458f952f1421887f6b"
"untracked",".trellis/tasks/07-10-project-modular-analysis-diagnosis-optimization/implement.md","1544","2026-07-10T11:10:48.0794267Z","b0a4ec37e18fe392f942ec491f137a786192dfe5e35e73acee229996f9335efb"
"untracked",".trellis/tasks/07-10-project-modular-analysis-diagnosis-optimization/prd.md","5492","2026-07-10T10:15:20.5490753Z","df2923b2e382b662c03c889b8c0a48e1cee17fecbe19da49c65476f24257194e"
"untracked",".trellis/tasks/07-10-project-modular-analysis-diagnosis-optimization/task.json","726","2026-07-13T01:48:18.1372721Z","5ffcacb7a5b554dd6ebc339c0475c6019aca9bdfb93df82cf401aeae92eb2eb4"
"untracked",".trellis/tasks/07-13-diagnostic-convergence-first-wave-prioritization/check.jsonl","254","2026-07-13T01:48:18.1362655Z","b07d08d236963962b98f02165f5c31eaaf15c70072b474458f952f1421887f6b"
"untracked",".trellis/tasks/07-13-diagnostic-convergence-first-wave-prioritization/design.md","4760","2026-07-13T02:16:33.5132324Z","b41b3d3a80222078a591c293457fe7a2253e05cd48146a2194a38950622654ae"
"untracked",".trellis/tasks/07-13-diagnostic-convergence-first-wave-prioritization/implement.jsonl","254","2026-07-13T01:48:18.1362655Z","b07d08d236963962b98f02165f5c31eaaf15c70072b474458f952f1421887f6b"
"untracked",".trellis/tasks/07-13-diagnostic-convergence-first-wave-prioritization/implement.md","6399","2026-07-13T04:40:14.0569456Z","45bb63c38d29dea89ba984b2a9683818d9dc5eb4b0db52b8104cd7afdcab7d30"
"untracked",".trellis/tasks/07-13-diagnostic-convergence-first-wave-prioritization/prd.md","5949","2026-07-13T02:00:09.9028451Z","03ac15689d36a9c4bb760a84b30a61dc2e750d5981b6a61a95c3fa429c9ea875"
"untracked",".trellis/tasks/07-13-diagnostic-convergence-first-wave-prioritization/progress.md","5832","2026-07-13T05:06:53.4523114Z","b069df96fa8449ddf8f95a3e12ed0b37f843c1e7c11969401c7e9ff505abcde8"
"untracked",".trellis/tasks/07-13-diagnostic-convergence-first-wave-prioritization/research/b04b-canary-after-manifest.csv","572288","2026-07-13T02:59:36.8540329Z","1da50c295628d80ab79b172aeb800a082074a31701a7c01e273d664c9de33247"
"untracked",".trellis/tasks/07-13-diagnostic-convergence-first-wave-prioritization/research/b04b-canary-before-manifest.csv","572288","2026-07-13T02:56:30.0036788Z","1da50c295628d80ab79b172aeb800a082074a31701a7c01e273d664c9de33247"
"untracked",".trellis/tasks/07-13-diagnostic-convergence-first-wave-prioritization/research/ccg-pending-audit-brief.md","874","2026-07-13T02:13:51.2134122Z","bb437f1685945c620270fc5ec506a23577ea850e8fe6415d92ee2ab1acf2438c"
"untracked",".trellis/tasks/07-13-diagnostic-convergence-first-wave-prioritization/research/compliance-audit-working.json","2533","2026-07-13T05:10:19.7122124Z","1c8789aaebe2dd5931d6984e407a618c91f441ace1c5803860517f33381a2280"
"untracked",".trellis/tasks/07-13-diagnostic-convergence-first-wave-prioritization/research/f01a-write-scope-audit-brief.md","745","2026-07-13T02:13:51.2164116Z","3d6c3cb39502e417ae3fa00af4bbc6891549634a714b552a80786d98dfd1b21c"
"untracked",".trellis/tasks/07-13-diagnostic-convergence-first-wave-prioritization/research/f01a-write-scope-recovery-r1-after.csv","936397","2026-07-13T05:35:22.1062795Z","bc33fec1aec7b4829823ee7b62d51007a62ebc1bc1c085c84a69d254f6ef5086"
"untracked",".trellis/tasks/07-13-diagnostic-convergence-first-wave-prioritization/research/f01a-write-scope-recovery-r1-attempt1-concurrent-agent-contamination.json","8310","2026-07-13T05:35:22.3133193Z","37ad84f7f090762567c0865e664b9d29dda2fa128aa96067200dd7342c7bb253"
"untracked",".trellis/tasks/07-13-diagnostic-convergence-first-wave-prioritization/research/f01a-write-scope-recovery-r1-before.csv","937617","2026-07-13T05:43:49.3820023Z","912724dd78dd247b5092510c6257fb025efd200b1f6d31d1212f6199a5a16fed"
"untracked",".trellis/tasks/07-13-diagnostic-convergence-first-wave-prioritization/research/f01a-write-scope-recovery-r1-comparison.json","8310","2026-07-13T05:35:22.3133193Z","37ad84f7f090762567c0865e664b9d29dda2fa128aa96067200dd7342c7bb253"
"untracked",".trellis/tasks/07-13-diagnostic-convergence-first-wave-prioritization/research/Invoke-F01AWriteScopeRecovery.ps1","8116","2026-07-13T05:01:46.7663571Z","6742922e201358fc8e14df2ada2685d93aa0e5c0f7f870f6f80034f6bf44ae98"
"untracked",".trellis/tasks/07-13-diagnostic-convergence-first-wave-prioritization/research/Invoke-Step2PendingCcgConvergence.ps1","7448","2026-07-13T05:17:03.2910976Z","f2f94c9c660f9fdc45f8d97c50a92a6af966982f9b5046274e256df479204e4b"
"untracked",".trellis/tasks/07-13-diagnostic-convergence-first-wave-prioritization/research/issue-hash-audit-final.txt","41","2026-07-13T05:04:30.6348734Z","4ab759573972339fc12dd81b710ce0eb79e708c8b84ee8faf620a68c583340c2"
"untracked",".trellis/tasks/07-13-diagnostic-convergence-first-wave-prioritization/research/issue-header-audit-final.txt","46","2026-07-13T05:04:30.5950271Z","904267ffd6efb878b147278a0731e2b9a69f952e4fcc3081981f0a301751d4f4"
"untracked",".trellis/tasks/07-13-diagnostic-convergence-first-wave-prioritization/research/issue-schema-audit-before.txt","14727","2026-07-13T04:01:48.9995781Z","bcd1e332339a69afaf9abc2705363bd94f72c1c0b1b097ed7f646d6e476cb8a7"
"untracked",".trellis/tasks/07-13-diagnostic-convergence-first-wave-prioritization/research/issue-schema-audit-final.txt","1082","2026-07-13T05:04:30.9888878Z","636ffcfcbbdc8e91bb120ac0c22409d47382342acc4ccc2fdbdaade2a25c10fc"
"untracked",".trellis/tasks/07-13-diagnostic-convergence-first-wave-prioritization/research/issue-schema-audit-prehash.txt","1082","2026-07-13T04:34:56.5191055Z","636ffcfcbbdc8e91bb120ac0c22409d47382342acc4ccc2fdbdaade2a25c10fc"
"untracked",".trellis/tasks/07-13-diagnostic-convergence-first-wave-prioritization/research/issue-schema-audit-working.txt","1130","2026-07-13T04:34:05.1655065Z","abbf5e2d4a430f8db11430b69a3ffdf1501c61e9cf5757e492e36d2d4ce9ca53"
"untracked",".trellis/tasks/07-13-diagnostic-convergence-first-wave-prioritization/research/runtime-validation-audit-brief.md","864","2026-07-13T02:13:51.2144112Z","eab4d4606de2e354fac3ee90fb46c2a66c862a5834e655fea9d9ad1601a55a58"
"untracked",".trellis/tasks/07-13-diagnostic-convergence-first-wave-prioritization/research/schema-audit-brief.md","861","2026-07-13T02:13:51.2134122Z","b40e836c7cd269860cb373610a3be3b79abc208b8dd92e9bf75e979438d4afee"
"untracked",".trellis/tasks/07-13-diagnostic-convergence-first-wave-prioritization/research/Set-Step2BlockedDispositions.ps1","5164","2026-07-13T05:41:14.0624558Z","b660ee231990a6bdfb3efd682ce47d4d79204aef4c7968ec32a792fbc187e217"
"untracked",".trellis/tasks/07-13-diagnostic-convergence-first-wave-prioritization/research/step2-blocked-dispositions.csv","6145","2026-07-13T05:41:19.6876140Z","77ae246b726ad78169cac98448d62f6b4f06941c078d9de4d7a482e7c2335cd0"
"untracked",".trellis/tasks/07-13-diagnostic-convergence-first-wave-prioritization/research/step2-frozen-inputs.csv","4829","2026-07-13T05:31:50.6467211Z","9ad23b8a3baf71db8c78f9512988295128b9529bf2863caf3ff5aebab2262eeb"
"untracked",".trellis/tasks/07-13-diagnostic-convergence-first-wave-prioritization/research/step2-run-results.jsonl","343","2026-07-13T05:32:03.8355916Z","5e039600e763003b1e6094eb58e3afb030219f135cb342498615c524c2081853"
"untracked",".trellis/tasks/07-13-diagnostic-convergence-first-wave-prioritization/research/Test-DiagnosticConvergenceCompliance.ps1","11305","2026-07-13T05:43:31.1336378Z","d5a5d24fa28268d99f02004033c1b06d7168f1b518f71c57e0d8a29b75331f13"
"untracked",".trellis/tasks/07-13-diagnostic-convergence-first-wave-prioritization/research/Test-DiagnosticIssueSchema.ps1","9392","2026-07-13T04:33:52.5381877Z","bb9b5f56d7b8a99e1ea30e314523e4b35b74c6f0ff4da52dd36ef4873e024074"
"untracked",".trellis/tasks/07-13-diagnostic-convergence-first-wave-prioritization/research/topology-recovery-audit-brief.md","1001","2026-07-13T02:13:51.2174137Z","1da98301d40c82cd46300483704e4398229c4cf7bfeea37aeba3ec711a9a278c"
"untracked",".trellis/tasks/07-13-diagnostic-convergence-first-wave-prioritization/task.json","883","2026-07-13T02:17:09.2074481Z","404a382abd83367ee1660c23a3a9fb2f325dcef8f5ef2f64d381372a277f3a81"
"untracked","docs/project-modular-diagnostics/B01-identity-session-access-control/evidence/extraction-analysis.md","2994","2026-07-11T04:34:23.1553882Z","abfb6fecaf9d3aef125a4efeb6786d6a36b1cb81ae645b4904e6ed50fc161b55"
"untracked","docs/project-modular-diagnostics/B01-identity-session-access-control/evidence/performance-analysis.md","2696","2026-07-11T04:34:23.1548067Z","f297e1218939f461df37cf2cb599e2cbc5f414443823c9a324b24315ca101ccf"
"untracked","docs/project-modular-diagnostics/B01-identity-session-access-control/evidence/runtime-validation-plan.md","2960","2026-07-11T04:34:23.1557684Z","102908e985036eb1261a0add281a04be60bc1019b27f4a52e6320f1d81c0f2f2"
"untracked","docs/project-modular-diagnostics/B01-identity-session-access-control/evidence/scope-manifest.md","2724","2026-07-11T04:34:23.1538005Z","9043c5ba7c973e5d99003a38d30e48d9ba5da122864de3db6fd3d30c37737164"
"untracked","docs/project-modular-diagnostics/B01-identity-session-access-control/evidence/security-analysis.md","6060","2026-07-11T04:34:23.1538005Z","62cf117c62e3b3264ddf0e3bcbf06c52ae6335198ff27ea60dd5eb54949869e1"
"untracked","docs/project-modular-diagnostics/B01-identity-session-access-control/issue.md","24281","2026-07-13T04:37:31.6392113Z","a63a34b7246473682e1d2270e7b5b84a4d27a6f7d131f07439f7ae5ee6263f58"
"untracked","docs/project-modular-diagnostics/B01-identity-session-access-control/review-log.md","4794","2026-07-11T04:39:09.9889155Z","2e86a31fc534e090f9e17e1064694ac305b7d88d7d8d6221490ce97bce8ce63e"
"untracked","docs/project-modular-diagnostics/B02-member-contact-profile-onboarding/evidence/extraction-analysis.md","2862","2026-07-11T05:10:24.4048935Z","ea28e6a2b402cecf204db535f81913172fdb7e4bbeb7ff1801d0ea7d0710f1a3"
"untracked","docs/project-modular-diagnostics/B02-member-contact-profile-onboarding/evidence/performance-analysis.md","3668","2026-07-11T05:10:24.4048935Z","dcc0fa28eecd60e1afd5033170653ba2d830be6bb6b6b48a8f8dca09a3e4a9d4"
"untracked","docs/project-modular-diagnostics/B02-member-contact-profile-onboarding/evidence/runtime-validation-plan.md","3078","2026-07-11T05:10:24.4048935Z","0c6cba6c2cecd22225c226cfd3780b9180ef9bea1ed1ad5bccd357c445cccdcf"
"untracked","docs/project-modular-diagnostics/B02-member-contact-profile-onboarding/evidence/scope-manifest.md","5902","2026-07-11T05:10:24.4038945Z","43b4bf7423d96b9f56afb99daf78c54c056fe4104f68c74cd448fb0e47799be0"
"untracked","docs/project-modular-diagnostics/B02-member-contact-profile-onboarding/evidence/security-analysis.md","4604","2026-07-11T05:10:24.4038945Z","ceb3055abd1ffb913f2d25ff4ad93f9acd0bfcb803a2a9e0c6420084a3b0f095"
"untracked","docs/project-modular-diagnostics/B02-member-contact-profile-onboarding/issue.md","23942","2026-07-13T05:04:11.2813244Z","4d37ec25bae0f1b7a76fea988638dd4e8b85c1b8745ae6e0c7cc9f8e1d7438fd"
"untracked","docs/project-modular-diagnostics/B02-member-contact-profile-onboarding/review-log.md","6207","2026-07-13T05:41:19.6615309Z","2d7e6bbf8f532af91c729b6d286422a7cbf9cc156cbce2773e5a7d217c8a035e"
"untracked","docs/project-modular-diagnostics/B03-small-group-hierarchy-reporting/evidence/extraction-analysis.md","3080","2026-07-11T05:13:08.5790078Z","7fbd5db99e6978c229e6163eff26d1b8778d97425fd82de514ecf91d2f18020e"
"untracked","docs/project-modular-diagnostics/B03-small-group-hierarchy-reporting/evidence/performance-analysis.md","3730","2026-07-11T05:13:08.5790078Z","0068ed8d57aaedbd330eddac98dedd4bcf06503d26f383feb74bd12db582592b"
"untracked","docs/project-modular-diagnostics/B03-small-group-hierarchy-reporting/evidence/runtime-validation-plan.md","2165","2026-07-11T05:13:08.5800078Z","27ffe3671f47ececb1317e3254b3a36609f804dba8216ada6b65d69fe029efe7"
"untracked","docs/project-modular-diagnostics/B03-small-group-hierarchy-reporting/evidence/scope-manifest.md","8362","2026-07-11T05:08:14.7810241Z","d2c35bde986201642c024c4f1bc8104606382ae59b236af6f8592bae8521ff60"
"untracked","docs/project-modular-diagnostics/B03-small-group-hierarchy-reporting/evidence/security-analysis.md","4596","2026-07-11T05:13:08.5780030Z","e66d5d886d9273d1de4a63b87e81dc0e716dd4caec58277db9066fb730a69596"
"untracked","docs/project-modular-diagnostics/B03-small-group-hierarchy-reporting/issue.md","12594","2026-07-13T04:37:31.6412130Z","0505b2b95fde9d6971ba451f8e4a57aa6a0d7f63245a80b1fc67d67edff04d44"
"untracked","docs/project-modular-diagnostics/B03-small-group-hierarchy-reporting/review-log.md","3936","2026-07-13T05:41:19.6675597Z","96ac9860687670e0a5d50373e99ce96378d147e6bd4ab28764d387bb952d2463"
"untracked","docs/project-modular-diagnostics/B04A-attendance-present-record/evidence/extraction-analysis.md","3098","2026-07-12T04:56:51.6535599Z","271e6d0632fe71f784ff85c9ab450c8022dbc478aff28699fcd9c7a8a048aa27"
"untracked","docs/project-modular-diagnostics/B04A-attendance-present-record/evidence/performance-analysis.md","2572","2026-07-12T04:56:51.6377987Z","b8fd5cd94ad704304074fa1f99f3fec36b84f3b4db1ad6521d836a13a8b4c87a"
"untracked","docs/project-modular-diagnostics/B04A-attendance-present-record/evidence/runtime-validation-plan.md","2872","2026-07-12T04:56:51.6685607Z","15dccf2589861e696bd349defa7fdf6c13557491cf05b49526716dc1c999e928"
"untracked","docs/project-modular-diagnostics/B04A-attendance-present-record/evidence/scope-manifest.md","2732","2026-07-12T04:56:51.6047973Z","9e62c0c3a6b668b4c93b69f24710768144ec5282a8311cf0a6cdc99c71195799"
"untracked","docs/project-modular-diagnostics/B04A-attendance-present-record/evidence/security-analysis.md","3991","2026-07-12T04:56:51.6217972Z","1d06c3c71cba427f86f90f56a120a15cac0bec3355c68d09b01d97108938d06a"
"untracked","docs/project-modular-diagnostics/B04A-attendance-present-record/issue.md","14368","2026-07-13T04:37:31.6422125Z","63f904d246b29fc242b79dd9070968c8fd9b1645c08d7ccee715ee2fcd5049fd"
"untracked","docs/project-modular-diagnostics/B04A-attendance-present-record/review-log.md","3426","2026-07-13T05:41:19.6685624Z","aa932b08541e084acc203fbb171ada2a106866477b8ae88ed421123f879809da"
"untracked","docs/project-modular-diagnostics/B04B-appointment-equipment/evidence/extraction-analysis.md","2779","2026-07-11T08:22:11.6600559Z","a2eb3fdb15b25462aef21b31fc83694a3866717533495545b5540f56a2bd14b6"
"untracked","docs/project-modular-diagnostics/B04B-appointment-equipment/evidence/performance-analysis.md","3477","2026-07-11T08:22:11.6600559Z","75122a2c171b272b92fff93a8c72f51967abee5ee0bda459ae941196e28e2769"
"untracked","docs/project-modular-diagnostics/B04B-appointment-equipment/evidence/runtime-validation-plan.md","2307","2026-07-11T08:22:11.6610573Z","c12a4d17522e0019da53a85987289d98c91bc60bbdbb33b24004a39733f556d1"
"untracked","docs/project-modular-diagnostics/B04B-appointment-equipment/evidence/scope-manifest.md","2767","2026-07-11T08:22:11.6590577Z","efa4fdc0e4f28598e111215386457efdfacbd51ddcac2afe4f45d14211c1eb2a"
"untracked","docs/project-modular-diagnostics/B04B-appointment-equipment/evidence/security-analysis.md","4411","2026-07-11T08:22:11.6590577Z","03868cab04983aa01f123af207e4c15a16e2f6e26c6efa0ae27f0029ccba54fb"
"untracked","docs/project-modular-diagnostics/B04B-appointment-equipment/issue.md","11920","2026-07-13T04:37:31.6432148Z","c3897c6f113e6e9e6804ebb4af76acec8ccf392e92e76b246914d9ea2370c6f9"
"untracked","docs/project-modular-diagnostics/B04B-appointment-equipment/review-log.md","6601","2026-07-13T05:41:19.6695588Z","ad3ad3501e2ba1870dd7e8bb52eec9fcfdcd8150cf565cb3c62451fa86e22514"
"untracked","docs/project-modular-diagnostics/B04C-scheduling-qr/evidence/extraction-analysis.md","2017","2026-07-12T05:03:59.3735172Z","e92ca4bf95ed312cba0556c1a439e2773e9503d40cbfca4c460c5810fb562d7f"
"untracked","docs/project-modular-diagnostics/B04C-scheduling-qr/evidence/performance-analysis.md","2594","2026-07-12T05:03:59.3725157Z","01e1dc68d87843d9a171965e1ecff7861f2bede27f3216cbea5ceaf57ae0aea1"
"untracked","docs/project-modular-diagnostics/B04C-scheduling-qr/evidence/runtime-validation-plan.md","1617","2026-07-12T05:03:59.3745183Z","e3194ddf6990b4be77e0c6b3693a32c4cf59444efe8e58ad99aa464ad0e2f9e7"
"untracked","docs/project-modular-diagnostics/B04C-scheduling-qr/evidence/scope-manifest.md","2820","2026-07-12T05:03:59.3695176Z","66f53b34deffab155170aea97b965cf8f74c5c7905ae03d67c01f0b4c72b40f0"
"untracked","docs/project-modular-diagnostics/B04C-scheduling-qr/evidence/security-analysis.md","3716","2026-07-12T05:03:59.3705187Z","44c5a46546a641fa7d96674794f5a14933beaf65963ed1d4b38c14a34b741b8b"
"untracked","docs/project-modular-diagnostics/B04C-scheduling-qr/issue.md","15468","2026-07-13T02:52:20.2664444Z","32d865bb2a7aa33d3dca455eeaf3f1b9cc96510cf6ae7768024f28ba0e4a044d"
"untracked","docs/project-modular-diagnostics/B04C-scheduling-qr/review-log.md","3149","2026-07-13T05:41:19.6705613Z","4cc0b4d2537a2fdeb38f95d99e2b67dbef0db90ef77adbc4f0faea4831675cb2"
"untracked","docs/project-modular-diagnostics/B05-donation-product-payment/evidence/extraction-analysis.md","1095","2026-07-12T04:47:44.3723532Z","e5f3930452e72e211d22a16d9f54ae8fcc64d27717d4d57e83bd78886abc9c41"
"untracked","docs/project-modular-diagnostics/B05-donation-product-payment/evidence/performance-analysis.md","1300","2026-07-12T04:47:44.3713517Z","cf3048745a6d453da4995e0b028d94b87f73cc3355aeb7ebea35cc5c643adced"
"untracked","docs/project-modular-diagnostics/B05-donation-product-payment/evidence/runtime-validation-plan.md","962","2026-07-12T04:47:44.3733550Z","91439e361cc629fe57edca089cb87a4513e50185f3ffa4750d5cf8454a961cce"
"untracked","docs/project-modular-diagnostics/B05-donation-product-payment/evidence/scope-manifest.md","1847","2026-07-12T04:47:00.1722618Z","c1374d1f29b978a9d0a5b7d06ba47788a8ef61551f4e3e8b9d559f1604641907"
"untracked","docs/project-modular-diagnostics/B05-donation-product-payment/evidence/security-analysis.md","1466","2026-07-12T04:47:44.3703529Z","7dde4a8f36551727f5222213e59a4bed481767ff0763eabee3a1fbf66044799a"
"untracked","docs/project-modular-diagnostics/B05-donation-product-payment/issue.md","11506","2026-07-13T04:37:31.6447219Z","abf765e4a82630ccdadee8a0caae1d193b381fca5ae262d278ae7a95a8c7bd3a"
"untracked","docs/project-modular-diagnostics/B05-donation-product-payment/review-log.md","3279","2026-07-13T05:41:19.6715593Z","884c8c2d52e36b369fa673b1fd4cb87696cfee0d2a1380a82e1c98bf0ded50a8"
"untracked","docs/project-modular-diagnostics/B06A-list-reference-data/evidence/extraction-analysis.md","3569","2026-07-11T08:43:59.8640006Z","4a7a4ab35257f901324717f538dafb6763ad4b9028f01e5a758bdfd1eaf728ec"
"untracked","docs/project-modular-diagnostics/B06A-list-reference-data/evidence/performance-analysis.md","2669","2026-07-11T08:43:59.8640006Z","0ecf8471a600f1e49f6af04e275345f4ff24b604bed429c3e4ca5796329f2aa9"
"untracked","docs/project-modular-diagnostics/B06A-list-reference-data/evidence/runtime-validation-plan.md","2718","2026-07-13T03:17:02.0116241Z","e50d35d6e4a5ace5106e3c2dab2f61b0c9feb99dd99a5f1a249d6fa8418626c2"
"untracked","docs/project-modular-diagnostics/B06A-list-reference-data/evidence/scope-manifest.md","3193","2026-07-11T08:43:59.8576091Z","afca5d33755ff5f82ffbec7ec46d176fdd8a87122f6a0a5d8c52e0e2362cbe93"
"untracked","docs/project-modular-diagnostics/B06A-list-reference-data/evidence/security-analysis.md","2644","2026-07-11T08:38:42.7905806Z","388c8344ae1b6f2b91d573689f620e918f71f6b698a0c3739b3b8e8231a400f3"
"untracked","docs/project-modular-diagnostics/B06A-list-reference-data/issue.md","6960","2026-07-13T04:37:31.6457301Z","35dddffc1b7826d8c1101a0a7027706db4e09cb3f08bae1301ed4892a1ecd0dc"
"untracked","docs/project-modular-diagnostics/B06A-list-reference-data/review-log.md","2681","2026-07-13T03:17:02.0116241Z","e6ce83a6b8e3c6e1d1e5a3920fc931e18d8a4d42ee862cb844c8501a2f69d99b"
"untracked","docs/project-modular-diagnostics/B06B-fee-management/evidence/extraction-analysis.md","2266","2026-07-11T08:48:33.4856425Z","40eb0486c4c7fb4f981e718a4286f42ef0713e8826fe7059faee3cb65468e39e"
"untracked","docs/project-modular-diagnostics/B06B-fee-management/evidence/performance-analysis.md","1966","2026-07-11T08:48:33.4856425Z","8adceb0b58a6de1a671931f9414406f14873e13b97f80ea33489c7539cf32132"
"untracked","docs/project-modular-diagnostics/B06B-fee-management/evidence/runtime-validation-plan.md","3057","2026-07-13T03:17:46.6152292Z","ecb1cd5019ea90f4f3e8a9505f9ad340ba43acc1d2f7d3f8108b7d015002195c"
"untracked","docs/project-modular-diagnostics/B06B-fee-management/evidence/scope-manifest.md","2912","2026-07-11T08:56:47.0903617Z","90e368efb2beda7a2a78601810dec041004caaa95ab0f1c15e85688d73112a89"
"untracked","docs/project-modular-diagnostics/B06B-fee-management/evidence/security-analysis.md","2459","2026-07-11T08:56:47.0903617Z","3623f31000e709f95230505d13a4178f8bd98ce0ee2649bf58b259c688f414c0"
"untracked","docs/project-modular-diagnostics/B06B-fee-management/issue.md","14131","2026-07-13T04:37:31.6467308Z","de05e42befe3e909fef8fbcfb330067abd724160d679fbed0f93df7747326f3d"
"untracked","docs/project-modular-diagnostics/B06B-fee-management/review-log.md","3514","2026-07-13T03:17:46.6142305Z","cc5bb80bd9ce16aa3c6da0289fb15f612178c05a256ca4f32ae3c6a2d8fda3db"
"untracked","docs/project-modular-diagnostics/B06C-church-hierarchy-register/evidence/extraction-analysis.md","3383","2026-07-11T09:01:56.1694630Z","073f8fc50c0ec900491954eb845bc98e9448e9ef8038e856f4b8e6dd7fa8465e"
"untracked","docs/project-modular-diagnostics/B06C-church-hierarchy-register/evidence/performance-analysis.md","3311","2026-07-11T09:01:56.1694630Z","86e081ac5890d0477d0d1a01429a548f5a9335111c9ec1bd6f98c7458d0645da"
"untracked","docs/project-modular-diagnostics/B06C-church-hierarchy-register/evidence/runtime-validation-plan.md","4394","2026-07-13T03:18:13.1170487Z","b314c168d11321fd7df45491fdf569e60aaea510a609b5bbba702be73c63c514"
"untracked","docs/project-modular-diagnostics/B06C-church-hierarchy-register/evidence/scope-manifest.md","3140","2026-07-11T09:01:56.1659809Z","ea1f19293ada21434bd4a61065a6f3a83e73acc6aba8619c8c03cbd933a9075a"
"untracked","docs/project-modular-diagnostics/B06C-church-hierarchy-register/evidence/security-analysis.md","4436","2026-07-11T09:01:56.1659809Z","8e4673356344dddb08caea2dee5426f858004bc339dd86df41eed5f160c4547a"
"untracked","docs/project-modular-diagnostics/B06C-church-hierarchy-register/issue.md","12674","2026-07-13T04:37:31.6477329Z","b743f5c8590fbcc614eebfc9a8fa97b525549d5840159cddbbf8401d46f8fb8b"
"untracked","docs/project-modular-diagnostics/B06C-church-hierarchy-register/review-log.md","3996","2026-07-13T03:18:44.0429818Z","11759f2620d397938225f0f72c2e527c6840e6d9fcb6809c9daef391fd2d88b3"
"untracked","docs/project-modular-diagnostics/B07-churchreport-line-integration/evidence/extraction-analysis.md","1148","2026-07-11T09:18:18.8521503Z","596a6a8e8e37e507c3b25564f8082afb5404c7e3bd03b68b33e513b8c1dfcab1"
"untracked","docs/project-modular-diagnostics/B07-churchreport-line-integration/evidence/performance-analysis.md","1178","2026-07-11T09:18:18.8511504Z","ce8793190c2ab07d2c09eecc88aa36fb36402af88ab652ac196c4275c1d9efa8"
"untracked","docs/project-modular-diagnostics/B07-churchreport-line-integration/evidence/runtime-validation-plan.md","1788","2026-07-11T09:18:18.8521503Z","5f01a9eb6f3e785e0e65f4992f4084272910ca4d3eb568b30c771ad7e7e08a45"
"untracked","docs/project-modular-diagnostics/B07-churchreport-line-integration/evidence/scope-manifest.md","2189","2026-07-11T09:18:18.8501507Z","463bdb428ecb2c9ec88cf9e9fb821a19aafc1e8a5802393fe6b43e71a85f0e07"
"untracked","docs/project-modular-diagnostics/B07-churchreport-line-integration/evidence/security-analysis.md","1567","2026-07-11T09:18:18.8511504Z","9a11628974ec3ec3589a233099704fb351747cc8af25c7f97d1b306a579777d9"
"untracked","docs/project-modular-diagnostics/B07-churchreport-line-integration/issue.md","19128","2026-07-13T04:37:31.6487314Z","0c81b969206588c7e896d87ce92d30b4a8eabf011f5f59c7ae7a92523bddf62e"
"untracked","docs/project-modular-diagnostics/B07-churchreport-line-integration/review-log.md","3062","2026-07-13T05:41:19.6725597Z","908bd61f1780c34d296b12e1dc844e175d5fe635705ca1155e90c55c118431bd"
"untracked","docs/project-modular-diagnostics/diagnostic-run-current-state.md","2163","2026-07-13T03:25:36.8474518Z","cd9089c8b2b622a509c64086f2f28dc064ffe2d1851772f963a1bd7527075dca"
"untracked","docs/project-modular-diagnostics/F01A-solution-build-ci-governance/evidence/extraction-analysis.md","7115","2026-07-10T10:56:20.6836194Z","23cf2c7ad51d8b0673a7b17eac94dab51d9820d58159336f234673aa58cf9032"
"untracked","docs/project-modular-diagnostics/F01A-solution-build-ci-governance/evidence/performance-analysis.md","3592","2026-07-10T10:37:07.7545697Z","339fa6a173c4067906e866ee168ec73069f6a9741f5c3f2c9d612a0e08d202ae"
"untracked","docs/project-modular-diagnostics/F01A-solution-build-ci-governance/evidence/runtime-validation-plan.md","4768","2026-07-10T10:39:02.2270352Z","a15e647a6677e0b311cc61d5bb659df6f53d5a672de1c9ce7ed5dc7c398c2b21"
"untracked","docs/project-modular-diagnostics/F01A-solution-build-ci-governance/evidence/scope-manifest.md","7223","2026-07-10T10:34:44.6135775Z","1e750ae0934141b468f34432386739a401026c250a9d268b40893f157c0c76ec"
"untracked","docs/project-modular-diagnostics/F01A-solution-build-ci-governance/evidence/security-analysis.md","6650","2026-07-10T10:35:47.4147227Z","216610ce3a5a71b0c9371fbb59f67ab8866b7a6248995fecda12ee8325fef492"
"untracked","docs/project-modular-diagnostics/F01A-solution-build-ci-governance/issue.md","13764","2026-07-13T02:52:20.2814450Z","aed79b1e26c8c79b250c3b6c3cf8810de6cad9cc5eaa5358438eb88c2963f9a4"
"untracked","docs/project-modular-diagnostics/F01A-solution-build-ci-governance/review-log.md","6562","2026-07-10T11:04:39.5115194Z","5cd90d28a46fda22bc0306490f25c7bd3a0bee6a1e55fc3bfb18891a15bc2fca"
"untracked","docs/project-modular-diagnostics/F01B-ai-agent-workflow-governance/evidence/extraction-analysis.md","4443","2026-07-10T10:47:24.3076690Z","586d9abeee3029f61aa315f5192b1c7a7f4fd7eddac070165365e25aaec061b9"
"untracked","docs/project-modular-diagnostics/F01B-ai-agent-workflow-governance/evidence/performance-analysis.md","3949","2026-07-10T11:16:44.0704727Z","0c09a9e86891f3e45b11b31778ab1a5e1d03b43b32df8e6f247b4be14b566a46"
"untracked","docs/project-modular-diagnostics/F01B-ai-agent-workflow-governance/evidence/runtime-validation-plan.md","4038","2026-07-10T10:47:24.3076690Z","bd75ef26eed395551e3f08f3de242d5f5e01b2ab5c6eb5538f2946c4b73c562f"
"untracked","docs/project-modular-diagnostics/F01B-ai-agent-workflow-governance/evidence/scope-manifest.md","4964","2026-07-10T10:47:24.3076690Z","3db59bdaa0d01206456e4b8b8fb45b8d830aa6c8a900270dbb17bdb67df37e46"
"untracked","docs/project-modular-diagnostics/F01B-ai-agent-workflow-governance/evidence/security-analysis.md","4991","2026-07-10T11:05:57.7934186Z","e9af6995ce98f5fdf079010e9e3f222259da1299775bf51e12f59a1200a5819f"
"untracked","docs/project-modular-diagnostics/F01B-ai-agent-workflow-governance/issue.md","19409","2026-07-13T02:52:20.2854446Z","d4bbb814807fac8260a424ed4716e599b1277ceb97974f822c2f81731cbbc54a"
"untracked","docs/project-modular-diagnostics/F01B-ai-agent-workflow-governance/review-log.md","8716","2026-07-10T11:22:50.7869171Z","e02c8c3f74cd2eb42fecbcbc822956451d25e9294f0a8dba2a2bb3faae5c9a05"
"untracked","docs/project-modular-diagnostics/F01C-documentation-tooling-history/evidence/extraction-analysis.md","4269","2026-07-10T11:52:14.9622428Z","bd4cf38f45c172dbf665c29859487359b24c948a12672e047e19a3cf5d17f398"
"untracked","docs/project-modular-diagnostics/F01C-documentation-tooling-history/evidence/performance-analysis.md","7178","2026-07-10T12:03:20.6982896Z","55319538d7a76f9a37a0c16a5025e0ca5cdd3cd09e0cf11c724201be417d992f"
"untracked","docs/project-modular-diagnostics/F01C-documentation-tooling-history/evidence/runtime-validation-plan.md","2293","2026-07-10T11:52:14.9632443Z","f33d652614d9d0a939843b8d46c17502633fe7d2dcee157fb18ca6b52d882055"
"untracked","docs/project-modular-diagnostics/F01C-documentation-tooling-history/evidence/scope-manifest.md","4858","2026-07-10T11:52:14.9570176Z","a40e2e3c13db263efd335413722290c2321b3abdb623e58126862fa57092fa0c"
"untracked","docs/project-modular-diagnostics/F01C-documentation-tooling-history/evidence/security-analysis.md","5147","2026-07-10T11:52:14.9580189Z","51c9389bae60bdfd8ed7844bdbe079647e5568d770522ad38ac2c0d24ad64b7f"
"untracked","docs/project-modular-diagnostics/F01C-documentation-tooling-history/issue.md","15060","2026-07-13T04:37:56.4309580Z","15dd0cba6b215d94396b94c8337d8330c0c33e72653257c2425a6067c2ffbd79"
"untracked","docs/project-modular-diagnostics/F01C-documentation-tooling-history/review-log.md","9229","2026-07-10T12:04:28.3565344Z","5a8102ffc2c1c1eba916ba644ec0267f549faa12384df2160905a20f2ca853b8"
"untracked","docs/project-modular-diagnostics/F01D-shared-test-harness-governance/evidence/extraction-analysis.md","4006","2026-07-10T11:43:37.1480719Z","95cb485463b8ce323eff124ff95ba4290df041c648674bd281bbd72eb494d81b"
"untracked","docs/project-modular-diagnostics/F01D-shared-test-harness-governance/evidence/performance-analysis.md","4375","2026-07-10T11:43:37.1461955Z","5a858f4dfcd5a8e146f473e1528702c81c7015dc46751d19fc11521bd0772f1c"
"untracked","docs/project-modular-diagnostics/F01D-shared-test-harness-governance/evidence/runtime-validation-plan.md","3873","2026-07-10T11:43:37.1493057Z","dfbcbaf2b5160911380082d789affdcbd6c43735d27c922976258c105011349e"
"untracked","docs/project-modular-diagnostics/F01D-shared-test-harness-governance/evidence/scope-manifest.md","5358","2026-07-10T11:43:37.1439193Z","a53a2d0d38b681b4cc3742b84c63f6897429d8d884a5dfb774e7ac099267807e"
"untracked","docs/project-modular-diagnostics/F01D-shared-test-harness-governance/evidence/security-analysis.md","4171","2026-07-10T11:43:37.1451967Z","a7f44553a1e0328c6c9fc0f2fff44127322bb2e7aff153a78f68a633c5e42564"
"untracked","docs/project-modular-diagnostics/F01D-shared-test-harness-governance/issue.md","12312","2026-07-13T02:52:20.2924511Z","dfa3a37768eabbc1dceb33591992e02915d6045c0e7d1f3843eb92eb1259ed22"
"untracked","docs/project-modular-diagnostics/F01D-shared-test-harness-governance/review-log.md","6663","2026-07-10T11:56:14.7563727Z","b04bc42e474de141c76dcf36a087864358d482a7afb3bbfe626d6cfb14f817ad"
"untracked","docs/project-modular-diagnostics/F02-dataverse-connection-foundation/evidence/extraction-analysis.md","6871","2026-07-10T12:36:18.8220016Z","67e19b10eff1ee7d5379fea3e5614d0290f86424d802508f5de0c83ec94c89c8"
"untracked","docs/project-modular-diagnostics/F02-dataverse-connection-foundation/evidence/performance-analysis.md","6522","2026-07-10T12:36:18.8200020Z","94f94bda73345e27633579e65458e3201a7e73757a1670666df485de60b37f38"
"untracked","docs/project-modular-diagnostics/F02-dataverse-connection-foundation/evidence/runtime-validation-plan.md","5461","2026-07-10T12:36:18.8230016Z","80f9475a4859b63c0dd55441739fbd4b59ef2e586920175edb851a5019b60289"
"untracked","docs/project-modular-diagnostics/F02-dataverse-connection-foundation/evidence/scope-manifest.md","9433","2026-07-10T12:36:18.8160040Z","4e0d79b41c3901fab7f3b1930da113a06d7c92dcb53f6b2930fed42a6a139f46"
"untracked","docs/project-modular-diagnostics/F02-dataverse-connection-foundation/evidence/security-analysis.md","7972","2026-07-10T12:36:18.8180695Z","e42a5592a2996d06c08d527f2738bbd82456d2ec7168e7adc3f778a095b927ce"
"untracked","docs/project-modular-diagnostics/F02-dataverse-connection-foundation/issue.md","17201","2026-07-13T02:52:20.2974514Z","ac99f7281e22fac56f92a41b5c59b3fbc523b4b061118aba66f8ba7419965a6f"
"untracked","docs/project-modular-diagnostics/F02-dataverse-connection-foundation/review-log.md","11753","2026-07-13T05:41:19.6725597Z","d0491b2c41ef7d6e7a457ec6f4aba5e26a53ecdb296d990f12037cfa844afc1e"
"untracked","docs/project-modular-diagnostics/F03A-crm-operations-library/evidence/extraction-analysis.md","3921","2026-07-10T12:43:06.4037925Z","3300c9fe323ee7cb1c9bbd3247c3004d398dfa020a72dbb741d2c035adedeb79"
"untracked","docs/project-modular-diagnostics/F03A-crm-operations-library/evidence/performance-analysis.md","5166","2026-07-10T12:43:06.4037925Z","f2b72e875e1e5b6130878bb77ab1343c96b130b492c6a315ac61349cc8fcea31"
"untracked","docs/project-modular-diagnostics/F03A-crm-operations-library/evidence/runtime-validation-plan.md","1927","2026-07-10T12:43:06.4047923Z","5c82d03baeac28368d1615772b70eea4cfb2a3d74c7936ddc875135c8ba87a3e"
"untracked","docs/project-modular-diagnostics/F03A-crm-operations-library/evidence/scope-manifest.md","3739","2026-07-10T12:43:06.4007928Z","9329f0d02616f29d2abf52f4916dd875e82e367f05ac9640f7ce981843c3d299"
"untracked","docs/project-modular-diagnostics/F03A-crm-operations-library/evidence/security-analysis.md","4712","2026-07-10T12:43:06.4027925Z","87eeeab24da916410cad8d27b89aabf16ddabcad531f12e3f135f71596abc8a0"
"untracked","docs/project-modular-diagnostics/F03A-crm-operations-library/issue.md","17125","2026-07-13T05:04:11.2823228Z","654177dbebd61bff54dc145794d8834ebb0a3ebaf58e508c2da2f06ecdcbe277"
"untracked","docs/project-modular-diagnostics/F03A-crm-operations-library/review-log.md","6895","2026-07-13T05:41:19.6740641Z","f1579ff3501f03f95963b91e4824a88edb56d1e8a54a7f7c2d8c5c18552ea5b4"
"untracked","docs/project-modular-diagnostics/F03B-toolutility-line-adapter/evidence/extraction-analysis.md","6176","2026-07-10T13:34:58.2039607Z","0079ea3eaf1ee8797fc38b123cbee1aaa7c3c20cc87db26f8e12cb9ff3918e22"
"untracked","docs/project-modular-diagnostics/F03B-toolutility-line-adapter/evidence/performance-analysis.md","4940","2026-07-10T13:34:58.2008477Z","15099024a180919008617183838d4fa14ef697eaa4d1c695b61e36854bf526ed"
"untracked","docs/project-modular-diagnostics/F03B-toolutility-line-adapter/evidence/runtime-validation-plan.md","3695","2026-07-10T13:16:39.2653915Z","ab2c2851300657abf0d04d863fd60b3a24f89968f41096d284f91bf09f474e86"
"untracked","docs/project-modular-diagnostics/F03B-toolutility-line-adapter/evidence/scope-manifest.md","7407","2026-07-10T13:34:58.2008477Z","7e80c5145ff8ed67bcc3fa436baab53d30ed8f3cb53e8130ee11a1defdd0c404"
"untracked","docs/project-modular-diagnostics/F03B-toolutility-line-adapter/evidence/security-analysis.md","5196","2026-07-10T13:34:58.1944234Z","e3733c49eab76bd7926de9057192e3e36534ed6cfb627872341d4e49a692d3ab"
"untracked","docs/project-modular-diagnostics/F03B-toolutility-line-adapter/issue.md","16484","2026-07-13T05:04:11.2833235Z","842b64c13ceb1fdb43a4b25a650924307729710f0ad6a8c2939c30f6ec1860c2"
"untracked","docs/project-modular-diagnostics/F03B-toolutility-line-adapter/review-log.md","6754","2026-07-10T13:37:37.7942730Z","ca3d8ec37bfefe30a2f1c9586d30a0f9cf3a1c4f86d7f18f8661356bd42b17a3"
"untracked","docs/project-modular-diagnostics/F03Q-toolutility-mixed-facade-quarantine/evidence/extraction-analysis.md","6538","2026-07-10T13:26:37.6533301Z","7c759147d19745daf2c59c7add4fac796ebb4f0c6c94a6e66dfddd68563f1f3f"
"untracked","docs/project-modular-diagnostics/F03Q-toolutility-mixed-facade-quarantine/evidence/performance-analysis.md","4270","2026-07-10T13:08:37.9195109Z","79ba083e97843ada18a34031ac7888a0d2da78ad74fb6d4b2fe0b81fb5fefb4e"
"untracked","docs/project-modular-diagnostics/F03Q-toolutility-mixed-facade-quarantine/evidence/runtime-validation-plan.md","3022","2026-07-10T13:08:37.9353674Z","bdb913de506a575038e0ec3c7d44432b7729103fde52204badaac0969838f809"
"untracked","docs/project-modular-diagnostics/F03Q-toolutility-mixed-facade-quarantine/evidence/scope-manifest.md","4742","2026-07-10T13:26:37.6447899Z","a9ff394d9863542f3f44e95fb306a8e0c86b5cc3367d63d4b1202c1c0ae03b5e"
"untracked","docs/project-modular-diagnostics/F03Q-toolutility-mixed-facade-quarantine/evidence/security-analysis.md","3941","2026-07-10T13:26:37.6447899Z","66d038f061b3c9cc9087c2d41563d1fcf2d1719c8fecf55dd5ecb627522f5b9d"
"untracked","docs/project-modular-diagnostics/F03Q-toolutility-mixed-facade-quarantine/issue.md","17199","2026-07-13T05:04:11.2848333Z","8749382a0f67735bb8c64e966cc73cb0a8a46efb6fbc733499f1802c291e4bad"
"untracked","docs/project-modular-diagnostics/F03Q-toolutility-mixed-facade-quarantine/review-log.md","7505","2026-07-13T05:41:19.6740641Z","410cab11cb272b2084e73b24e83ffa54a0d5690bf7fa1cd56638f94281d8ed0e"
"untracked","docs/project-modular-diagnostics/F04-line-messaging-sdk/evidence/extraction-analysis.md","4849","2026-07-10T14:04:04.0062582Z","5470a2d2dfd976804c33fa842550042d35b55c8968dd50b9b700fe14eeff61b2"
"untracked","docs/project-modular-diagnostics/F04-line-messaging-sdk/evidence/performance-analysis.md","4202","2026-07-10T14:04:04.0062582Z","bd5243f05eeb101fd5f5f00a46f7823310d09233850ab92d5164e625d85fcc8d"
"untracked","docs/project-modular-diagnostics/F04-line-messaging-sdk/evidence/runtime-validation-plan.md","5224","2026-07-10T14:30:04.8735550Z","a486ed423a664fb87376f46c5ea403872c00235e78b353d2f4fa2bda71e418d9"
"untracked","docs/project-modular-diagnostics/F04-line-messaging-sdk/evidence/scope-manifest.md","6090","2026-07-10T14:04:03.9992033Z","3d168e780ab19abc9161e8bc5f16062040e058fdc09d62307f5cf34699581a5a"
"untracked","docs/project-modular-diagnostics/F04-line-messaging-sdk/evidence/security-analysis.md","4359","2026-07-10T14:04:04.0043361Z","be4fbc0f08434f517afdb6179b60cf1d42f1d2aa3abe246ef66b7f1765eed2a1"
"untracked","docs/project-modular-diagnostics/F04-line-messaging-sdk/issue.md","29150","2026-07-13T05:04:11.2868490Z","e8f2cfeac7bc198a477c1a71d44c1a5b3603b6fcc0bbd967f896b7bd7ccaf28b"
"untracked","docs/project-modular-diagnostics/F04-line-messaging-sdk/review-log.md","5868","2026-07-10T14:30:04.8755518Z","76b52b524f40b2d5e24d7583df3b2e0966969e56434a1ac4f384656dbaa4d9b2"
"untracked","docs/project-modular-diagnostics/F05A-line-processor-core/evidence/extraction-analysis.md","6800","2026-07-10T14:09:51.4253306Z","dac3ec13684dc3ad165344bc117cd167f636f892e2c7b98089f1cc7d682665f7"
"untracked","docs/project-modular-diagnostics/F05A-line-processor-core/evidence/performance-analysis.md","5736","2026-07-10T14:09:51.4233292Z","cf2b66ef22cfeb5a65d6b19d68f3c509c3fbfe4cd10c4c1e373d93b69388b479"
"untracked","docs/project-modular-diagnostics/F05A-line-processor-core/evidence/runtime-validation-plan.md","6114","2026-07-10T14:09:51.4263315Z","80255db58572fd86549ae1a4dce0ad409f45b5493e19ce8103b0ab5a22591898"
"untracked","docs/project-modular-diagnostics/F05A-line-processor-core/evidence/scope-manifest.md","7746","2026-07-10T14:09:51.4203308Z","124280ee0110ba8512bf16214392fcb4b04c23dcde2ecc74fbc2a185fbee4542"
"untracked","docs/project-modular-diagnostics/F05A-line-processor-core/evidence/security-analysis.md","5684","2026-07-10T14:09:51.4213346Z","badd1aefca9da606679bc0a96d88ea4e87f15ef37f5f6ccdf79519dd19262e88"
"untracked","docs/project-modular-diagnostics/F05A-line-processor-core/issue.md","24505","2026-07-13T05:04:11.2878572Z","1618558bb822045ff94644310abc56a09cc17f330af4f11a6d2f45d1dc4f53c4"
"untracked","docs/project-modular-diagnostics/F05A-line-processor-core/review-log.md","9330","2026-07-10T14:29:19.3545934Z","3730c5625c9323b2a1f46f82cbf71c483286be2b7b0362564576d83690d0ad5c"
"untracked","docs/project-modular-diagnostics/F05B-line-aspnetcore-composition-adapter/evidence/extraction-analysis.md","4588","2026-07-10T14:51:48.7808948Z","a0e6a27053ff80d4337f63aae8ed763514f9df444ee26245e656d379cb10dad2"
"untracked","docs/project-modular-diagnostics/F05B-line-aspnetcore-composition-adapter/evidence/performance-analysis.md","4703","2026-07-10T14:51:48.7798944Z","32c053c67564f0a8cb2ca73392318f4a5596e7b0417d73354d2b70d2b8f33674"
"untracked","docs/project-modular-diagnostics/F05B-line-aspnetcore-composition-adapter/evidence/runtime-validation-plan.md","5539","2026-07-10T14:51:48.7828948Z","da2e85ca42df21b8df8612c58f0d8c2e0fd21b393c63d0d0ee21a1ecd42cb019"
"untracked","docs/project-modular-diagnostics/F05B-line-aspnetcore-composition-adapter/evidence/scope-manifest.md","6504","2026-07-10T14:51:48.7778976Z","f64e2273caeab6f9b66f12f7f481ef51f8d8028ee64b2161ab31c7a30dea8a67"
"untracked","docs/project-modular-diagnostics/F05B-line-aspnetcore-composition-adapter/evidence/security-analysis.md","4428","2026-07-10T14:51:48.7788953Z","bcd1bd3d190f444343b1f00123bd0ab43119d0f89044c0b11ebeb31deba80fc1"
"untracked","docs/project-modular-diagnostics/F05B-line-aspnetcore-composition-adapter/issue.md","18275","2026-07-13T02:52:20.3232738Z","53cb1bb0d26206903498e71955372d25d225023afadbc9e26b074a6e00e4097a"
"untracked","docs/project-modular-diagnostics/F05B-line-aspnetcore-composition-adapter/review-log.md","9614","2026-07-10T15:09:33.1291352Z","5acef6ebacfa259f2a587fe9eaf85366396ffe79911fa52d366a308dc361d62b"
"untracked","docs/project-modular-diagnostics/F06-line-notification-reply-workflows/evidence/extraction-analysis.md","6992","2026-07-10T15:01:12.7074937Z","ec1e2e709cf6c8e12a76566ce9c03cbf27edd3f5a348ba8754ba98b5c49cd50a"
"untracked","docs/project-modular-diagnostics/F06-line-notification-reply-workflows/evidence/performance-analysis.md","4411","2026-07-10T15:00:39.2091868Z","d45ef25332bd4ab8cdbb257dd92a9563d9b5b91f97ba5e3b857737c03cf17760"
"untracked","docs/project-modular-diagnostics/F06-line-notification-reply-workflows/evidence/runtime-validation-plan.md","6158","2026-07-10T15:01:40.9469740Z","1ebabfd5cd5503e38b3b47e181d42ebc62347607210ce0fbd8b80700372d3134"
"untracked","docs/project-modular-diagnostics/F06-line-notification-reply-workflows/evidence/scope-manifest.md","7317","2026-07-10T14:59:47.6141984Z","ca7d3196c3258f4dac630206f27cca507a169107400753d3ba8a0ed616699310"
"untracked","docs/project-modular-diagnostics/F06-line-notification-reply-workflows/evidence/security-analysis.md","5105","2026-07-10T15:00:15.8820804Z","f047e6f1cbc5456d1b743114dbecd5710eeb4adb6a706aa4f368118f90a4fe61"
"untracked","docs/project-modular-diagnostics/F06-line-notification-reply-workflows/issue.md","24844","2026-07-13T05:04:11.2898565Z","49ae5a959fbfa76c0a025a9c8b516f062e46e4d882bb97142da2adad49a50944"
"untracked","docs/project-modular-diagnostics/F06-line-notification-reply-workflows/review-log.md","8618","2026-07-11T03:07:31.6479033Z","58e011296d230d7c7b70cbbfac51a2edd1ea8f685e7950377a327b0419b3c745"
"untracked","docs/project-modular-diagnostics/F07-line-richmenu-engine/evidence/extraction-analysis.md","5046","2026-07-11T03:34:28.8549042Z","d31850e1e66709c03d605e792b193f5e6a8fc7cc42d8d8c3ab58fb302e106113"
"untracked","docs/project-modular-diagnostics/F07-line-richmenu-engine/evidence/performance-analysis.md","6741","2026-07-11T03:34:28.8539042Z","418df83909d25afd2870ca9fd4cc5cc77e33af01cc1abefd5335c99b7307c94e"
"untracked","docs/project-modular-diagnostics/F07-line-richmenu-engine/evidence/runtime-validation-plan.md","2849","2026-07-11T03:34:28.8559035Z","1ba012be260fb2c58856c5438d287e5eae0ef925e301a7ddc3833ec18bf5407a"
"untracked","docs/project-modular-diagnostics/F07-line-richmenu-engine/evidence/scope-manifest.md","7661","2026-07-11T03:32:11.5074725Z","5a45f2ded87eb7c29ef64af48d1043a00ca11040b5cca72d10c9faaad7544453"
"untracked","docs/project-modular-diagnostics/F07-line-richmenu-engine/evidence/security-analysis.md","8040","2026-07-11T03:34:28.8519046Z","1db0c0a1281f4fa03af2477c35ea6b29a909d5b63da4604c7201c49426348c6f"
"untracked","docs/project-modular-diagnostics/F07-line-richmenu-engine/issue.md","13467","2026-07-13T04:37:56.4339576Z","1bf28cb7ab1a97254c5b9dd618e054915f2a963efd8ac18c051d61fa5f37f777"
"untracked","docs/project-modular-diagnostics/F07-line-richmenu-engine/review-log.md","6232","2026-07-11T03:46:44.4856812Z","43b1e1b77b6a11281d497eb6b74aacb913b183f9c4577d24e93d19be9b39155c"
"untracked","docs/project-modular-diagnostics/F08-payment-provider-core/evidence/extraction-analysis.md","5551","2026-07-11T03:33:15.7460959Z","9011be953d26461135169ef331a5f589b06ddf4a563c5c971519de1ccae244af"
"untracked","docs/project-modular-diagnostics/F08-payment-provider-core/evidence/performance-analysis.md","5390","2026-07-11T03:33:15.7428639Z","37855cfbdfaafd4db7be17a1bd262c6373af03349dbc3df54eef162d29213c1b"
"untracked","docs/project-modular-diagnostics/F08-payment-provider-core/evidence/runtime-validation-plan.md","2289","2026-07-11T03:33:15.7470955Z","b3058dcb79e12ceb48dfed3a013ee48cc91cfd10ea217e9355de34611f98e9d6"
"untracked","docs/project-modular-diagnostics/F08-payment-provider-core/evidence/scope-manifest.md","5511","2026-07-11T03:33:15.7480965Z","49079fd002a859b4606025270adb4047c350cfb6e76ec64abf8d711255daaf51"
"untracked","docs/project-modular-diagnostics/F08-payment-provider-core/evidence/security-analysis.md","9134","2026-07-11T03:33:15.7428639Z","5f8cb8fc8f57b38fd806cf4da45ad8300e63c479d91d76bd3fc0953c011d3867"
"untracked","docs/project-modular-diagnostics/F08-payment-provider-core/issue.md","11419","2026-07-13T04:37:56.4339576Z","8c597932f0d23514e669ce050d5d26829ff7a363cbb98b7a05edf8532fb9cb49"
"untracked","docs/project-modular-diagnostics/F08-payment-provider-core/review-log.md","5887","2026-07-11T03:51:58.4071480Z","ee55cd4635a0c07b49f06e7b544bb3fb99785e6121a95d739fad952db0d06f56"
"untracked","docs/project-modular-diagnostics/F09-payment-workflows-host-adapter/evidence/extraction-analysis.md","3642","2026-07-11T04:26:07.2195188Z","f6e95c59ba88537f18ac3c9e1cfb631977c2346dea835118194f0ddd39f6595e"
"untracked","docs/project-modular-diagnostics/F09-payment-workflows-host-adapter/evidence/performance-analysis.md","3228","2026-07-11T04:26:07.2175255Z","5fbb91b30298da82c0cd609f19c8b2a9044b03ff8cb94c2733e4a976edc15b92"
"untracked","docs/project-modular-diagnostics/F09-payment-workflows-host-adapter/evidence/runtime-validation-plan.md","2333","2026-07-11T04:26:07.2205206Z","9ae3eb1536539db9f84cf886eff10db9a3a54725047d0364f6ccbc8945dd4e7a"
"untracked","docs/project-modular-diagnostics/F09-payment-workflows-host-adapter/evidence/scope-manifest.md","5662","2026-07-11T04:26:07.2145224Z","c8b99777886e74c397214cb973f172f07f47a3350b8aa1f5682829db176e8e11"
"untracked","docs/project-modular-diagnostics/F09-payment-workflows-host-adapter/evidence/security-analysis.md","5797","2026-07-11T04:32:57.2197697Z","f8aea3308489ecc1dc1b22321030d73debd068ec42d780e4adae682dc453af0c"
"untracked","docs/project-modular-diagnostics/F09-payment-workflows-host-adapter/issue.md","10419","2026-07-13T04:37:56.4354644Z","8f8d508aa882919ae44bc2f04ff5e6c7e8bba1fafe09f4bb2bfbc1479a5ac0ea"
"untracked","docs/project-modular-diagnostics/F09-payment-workflows-host-adapter/review-log.md","3357","2026-07-11T04:33:57.9705715Z","3239f8d88e5602c230550d53edb40a98c6fd8ae73412da4329bc40737cd79ba1"
"untracked","docs/project-modular-diagnostics/isolation-zone-diagnostic-workflow.md","31954","2026-07-13T03:23:45.5484327Z","20d6f85bb69e2ac18ba9d25871979030482a728eca57cc4dcd4583f862d33d2e"
"untracked","docs/project-modular-diagnostics/module-boundaries-and-optimization-map.md","50629","2026-07-10T09:15:49.9771870Z","734f417dfd4dc1aabf2b339ae85bd6228d4deeda8d660027646855646788f22d"
"untracked","docs/project-modular-diagnostics/X01-host-composition-routes-lifetimes/evidence/extraction-analysis.md","2210","2026-07-11T09:23:01.0586729Z","58f6aa543f8818ea77a26dc8c250044c9d93fab295e4b42ea21dd1e9d2f547c5"
"untracked","docs/project-modular-diagnostics/X01-host-composition-routes-lifetimes/evidence/performance-analysis.md","2945","2026-07-11T09:23:01.0576719Z","24621e0eac65bbef4b6d05440d88e2ab5006949546ca094fd8d2bcf44c292d71"
"untracked","docs/project-modular-diagnostics/X01-host-composition-routes-lifetimes/evidence/runtime-validation-plan.md","2073","2026-07-11T09:23:01.0596729Z","e2ceda254ab6a5d10bc339c8136a8891e1f7765ae767ad57d628864a4bc79e63"
"untracked","docs/project-modular-diagnostics/X01-host-composition-routes-lifetimes/evidence/scope-manifest.md","2526","2026-07-11T09:23:01.0546743Z","7457e4aee4f2a2507901132cfd761bfca80c1044bbeef60e839250090d460a17"
"untracked","docs/project-modular-diagnostics/X01-host-composition-routes-lifetimes/evidence/security-analysis.md","2751","2026-07-11T09:23:01.0576719Z","cc960abda5f357d41a8481dd3be197878fa3df4634159b228c69263c794c5797"
"untracked","docs/project-modular-diagnostics/X01-host-composition-routes-lifetimes/issue.md","5136","2026-07-13T04:38:27.7019357Z","973c1c3698f4dcacabee769df90740686bb04ed1485f0db052fbd5b1c74b93bc"
"untracked","docs/project-modular-diagnostics/X01-host-composition-routes-lifetimes/review-log.md","4070","2026-07-13T05:41:19.6755722Z","4fc2c303cb1c56e8354ba377dd0f29d418481fcec46a4735cac067fe5392a4f6"
"untracked","docs/project-modular-diagnostics/X02A-shared-cache-foundation/evidence/extraction-analysis.md","2778","2026-07-11T09:33:38.2839327Z","487877c4b5db126f6e7bd6e43cfed7083dbd4a208b8456749e2cc1c20625bf53"
"untracked","docs/project-modular-diagnostics/X02A-shared-cache-foundation/evidence/performance-analysis.md","3396","2026-07-11T09:33:38.2839327Z","0156be591a84ffb0ce5534874716edf676206f41c81f558418930f2fa8309e7e"
"untracked","docs/project-modular-diagnostics/X02A-shared-cache-foundation/evidence/runtime-validation-plan.md","2921","2026-07-11T09:33:38.2839327Z","74d7ea5f8ae8bc801138093c66db1334898052bf74e0ade61bacb25944a5db60"
"untracked","docs/project-modular-diagnostics/X02A-shared-cache-foundation/evidence/scope-manifest.md","3107","2026-07-11T09:33:38.2839327Z","b3fd0ae0143acc0d340ae9cd9dee08a17d120411ef8fab478eef954d8fa975d8"
"untracked","docs/project-modular-diagnostics/X02A-shared-cache-foundation/evidence/security-analysis.md","2577","2026-07-11T09:33:38.2839327Z","590356ff9731c5135c598b350260229fd36519c802fc153ec276691a2560e868"
"untracked","docs/project-modular-diagnostics/X02A-shared-cache-foundation/issue.md","10357","2026-07-13T04:38:27.7029377Z","f6d1ce035bddef021c9e62d794330fe800b62b4529de04d34671a091e5f5825c"
"untracked","docs/project-modular-diagnostics/X02A-shared-cache-foundation/review-log.md","4014","2026-07-13T05:41:19.6765820Z","d3f8283595f48cfc859f30b1c6928161f876514e3ff4db16daebec23b1d493b2"
"untracked","docs/project-modular-diagnostics/X02B-observability-health-logging/evidence/extraction-analysis.md","3404","2026-07-11T09:42:51.6544641Z","e6a7992e22eeb608c2a26d4f242df6df629a4b8f3685b8a9ef2732dfd24ec192"
"untracked","docs/project-modular-diagnostics/X02B-observability-health-logging/evidence/performance-analysis.md","3207","2026-07-11T09:42:51.6544641Z","6d02f8d86eaa024e849c5b19bac36a93bb56945816aea34f99c9698b2db4244c"
"untracked","docs/project-modular-diagnostics/X02B-observability-health-logging/evidence/runtime-validation-plan.md","2587","2026-07-11T09:42:51.6544641Z","9beb472116bce34f40e657f66aab04178e063b06a22237b3d4c1e652a72a5cab"
"untracked","docs/project-modular-diagnostics/X02B-observability-health-logging/evidence/scope-manifest.md","2578","2026-07-11T09:42:51.6522845Z","7efbfab567dcba1d5c3d2bfe24dbf610b2f7f26ba3c6f6b17bbb31f5cb60d75a"
"untracked","docs/project-modular-diagnostics/X02B-observability-health-logging/evidence/security-analysis.md","3779","2026-07-11T09:42:51.6522845Z","93c3c4ca7eef0f9ebe96b0fad7ea5005ded401cf5bec081bde23ae00af728799"
"untracked","docs/project-modular-diagnostics/X02B-observability-health-logging/issue.md","4115","2026-07-13T04:38:27.7049378Z","cfa21cfefeb4a7f81367596cfbc82c2bfb6e4d34a5741026070f0354f8ab0985"
"untracked","docs/project-modular-diagnostics/X02B-observability-health-logging/review-log.md","3890","2026-07-13T05:41:19.6775826Z","65958b558d9fed773eac868833c302f443dac4af377f62691db091630c1a26be"
"untracked","docs/project-modular-diagnostics/X02C-performance-profiling/evidence/extraction-analysis.md","955","2026-07-11T09:55:07.1748222Z","b5102bb36a00a7e4fcaff1f3f2bb4c3f11f17a528335ab2dace129f754a3084b"
"untracked","docs/project-modular-diagnostics/X02C-performance-profiling/evidence/performance-analysis.md","1330","2026-07-11T09:55:07.1738189Z","3f3f39168ce1bb9fedaa413ac87ffb41ff3395bcb004c52804f3555fc0acff46"
"untracked","docs/project-modular-diagnostics/X02C-performance-profiling/evidence/runtime-validation-plan.md","982","2026-07-11T09:55:07.1748222Z","ac19e4a17b8e20515b083c5ad69d5bc2738fca2fbdf7f366945cd60065db4356"
"untracked","docs/project-modular-diagnostics/X02C-performance-profiling/evidence/scope-manifest.md","2166","2026-07-11T09:55:07.1718199Z","d4fb105d06590fb196066c50e8882a631fd4b0d5fe0bb468ae88572bb20e12e7"
"untracked","docs/project-modular-diagnostics/X02C-performance-profiling/evidence/security-analysis.md","1483","2026-07-11T09:55:07.1728191Z","22cf82f27bb61ba5cf1e13dc440a6ae30756a7ad20c530606c71f89b12eecf45"
"untracked","docs/project-modular-diagnostics/X02C-performance-profiling/issue.md","6833","2026-07-13T04:38:27.7054456Z","98d6f8f045f751bf651fa8b82a0c1dfa0a714c9bb9816391e6f1484d35606723"
"untracked","docs/project-modular-diagnostics/X02C-performance-profiling/review-log.md","14427","2026-07-13T05:41:19.6775826Z","c735f762acc7ab57610e7e53ff041a049ce3589fb035704f100dabdd2a0b529a"
"untracked","docs/project-modular-diagnostics/X02Q-legacy-trace-quarantine/evidence/extraction-analysis.md","1536","2026-07-11T10:05:59.9916271Z","c84aacc7061f2441a3effc999aa97b69e081ea03f857e5e1dede13539ae1e866"
"untracked","docs/project-modular-diagnostics/X02Q-legacy-trace-quarantine/evidence/performance-analysis.md","1356","2026-07-11T10:05:59.9906288Z","00a97d51b1cdc07ed07e2bee4f9f0bd8995133e6a24694f70a15f78ff3c4046f"
"untracked","docs/project-modular-diagnostics/X02Q-legacy-trace-quarantine/evidence/runtime-validation-plan.md","1604","2026-07-11T10:05:59.9926265Z","e10bb8b786cf659a56a3f15b8a4d0b19ac96a0a736ed1295e2e49efdbdd65be0"
"untracked","docs/project-modular-diagnostics/X02Q-legacy-trace-quarantine/evidence/scope-manifest.md","2143","2026-07-11T10:05:59.9886278Z","4ea4d24046e13f1246e3d22aaf2ca646cec13b3013dd9fa0342ad4c63e12f31b"
"untracked","docs/project-modular-diagnostics/X02Q-legacy-trace-quarantine/evidence/security-analysis.md","1543","2026-07-11T10:05:59.9896273Z","881d3ba5357495dd23d137c6a530067510c8a1cf7b0ac177ad6f3def6a25d201"
"untracked","docs/project-modular-diagnostics/X02Q-legacy-trace-quarantine/issue.md","6289","2026-07-13T04:38:27.7069533Z","53da2a79678113da6431642608a2cb24761bea144c9cb1cc4443d1ad6b09f175"
"untracked","docs/project-modular-diagnostics/X02Q-legacy-trace-quarantine/review-log.md","2965","2026-07-13T05:41:19.6785832Z","e5e2e5ceb1423dd5647a2b824057ae1ae2727e8512836721f7799e340504f95b"
"untracked","docs/project-modular-diagnostics/X03-shared-web-ui-assets/evidence/extraction-analysis.md","2994","2026-07-11T10:13:32.4370818Z","a24ae5150ccdfb7aa24a6d2e9a6fdcedd88655ce1142fed82a9dfcd5684bbe16"
"untracked","docs/project-modular-diagnostics/X03-shared-web-ui-assets/evidence/performance-analysis.md","3105","2026-07-11T10:13:32.4380796Z","c25e2d00d1ac24bf0bbf3086c9d02721560d3e087f918e0533a1d890461bf9f3"
"untracked","docs/project-modular-diagnostics/X03-shared-web-ui-assets/evidence/runtime-validation-plan.md","2271","2026-07-11T10:13:32.4380796Z","b6e0e8af5c902ca25025377091780472684d3025aa122c4eab7039f134c75e69"
"untracked","docs/project-modular-diagnostics/X03-shared-web-ui-assets/evidence/scope-manifest.md","2952","2026-07-11T10:13:32.4390805Z","f15fbf87ca80cd7180024503a563506e24e1dd95b6836202a4ae1ce7cb9b3e2d"
"untracked","docs/project-modular-diagnostics/X03-shared-web-ui-assets/evidence/security-analysis.md","2885","2026-07-11T10:13:32.4400804Z","5966a5526fd8f87b0472891ca3e72ea8db41bf9fa59593da8bfe0ce776d716db"
"untracked","docs/project-modular-diagnostics/X03-shared-web-ui-assets/issue.md","11087","2026-07-13T04:38:27.7079600Z","51cd9c5b7d363b26793e8fff4e016dd8f4e4fbf7cc3740933d78daf49be50ad5"
"untracked","docs/project-modular-diagnostics/X03-shared-web-ui-assets/review-log.md","3757","2026-07-13T05:41:19.6795840Z","8b370b51910f5cc3c38e5acc26adb36099dbf52e439a710a93712805733ee888"
"untracked","docs/project-modular-diagnostics/X04A-runtime-configuration-secrets/evidence/extraction-analysis.md","2583","2026-07-12T05:53:35.8306853Z","b888b45288da16df4d1c92176b84958b5c3fa3a3a75faaa3cccc4f5057dc07cd"
"untracked","docs/project-modular-diagnostics/X04A-runtime-configuration-secrets/evidence/performance-analysis.md","3401","2026-07-12T05:53:35.8296841Z","005794b887dfc725a6f8abb315e0d80c3de8f986f4fc8c36513bee3d8e4f11ee"
"untracked","docs/project-modular-diagnostics/X04A-runtime-configuration-secrets/evidence/runtime-validation-plan.md","2239","2026-07-12T05:53:35.8316863Z","9b1af595aa07dfffdf27307f5818bd13cf83fa0c10e99b08f47e20a98e5a24b6"
"untracked","docs/project-modular-diagnostics/X04A-runtime-configuration-secrets/evidence/scope-manifest.md","2774","2026-07-12T05:45:16.6637885Z","f6918af3b57d1f4254f84b085cbc6cfd597ad404cf5c51f9c20bfb707245e8d7"
"untracked","docs/project-modular-diagnostics/X04A-runtime-configuration-secrets/evidence/security-analysis.md","3847","2026-07-12T05:53:35.8286840Z","01718d655ac75307075783243d8c17dc1f404ca142867f5fea59d1e91e36cadb"
"untracked","docs/project-modular-diagnostics/X04A-runtime-configuration-secrets/issue.md","12761","2026-07-13T04:38:27.7089619Z","4ca39c89eea7be35e0caebfc6265446d47f54f59c853fb9dfc29cbf703355b24"
"untracked","docs/project-modular-diagnostics/X04A-runtime-configuration-secrets/review-log.md","2443","2026-07-13T04:22:03.5391913Z","20731e95056ca5d19662216a59786812eb92dd50a2f85a1ce30f91877707dfb6"
"untracked","docs/project-modular-diagnostics/X04B-deployment-package-sources/evidence/extraction-analysis.md","2790","2026-07-12T06:01:58.6031495Z","fd206722dbe2a6a61689821c6aa7988a963d2c9a7fd779bc1a8b7986c26d1526"
"untracked","docs/project-modular-diagnostics/X04B-deployment-package-sources/evidence/performance-analysis.md","3001","2026-07-12T06:01:58.6006367Z","dd8c34c5956d5e55d52a9402e83f66d290dde60049029e5f2a3a14f8bd785d48"
"untracked","docs/project-modular-diagnostics/X04B-deployment-package-sources/evidence/runtime-validation-plan.md","2500","2026-07-12T06:01:58.6051484Z","309b6bc96fc186a1ed51aba64e8b6ba14a42f8855390fb233823bd076e4e2aeb"
"untracked","docs/project-modular-diagnostics/X04B-deployment-package-sources/evidence/scope-manifest.md","3221","2026-07-12T06:01:58.5976387Z","adf371695bbcd1cf4b33cb95c7f59c9ab7b5d116055f4b186d15a4771e8e3132"
"untracked","docs/project-modular-diagnostics/X04B-deployment-package-sources/evidence/security-analysis.md","3453","2026-07-12T06:01:58.5986399Z","3bb3dc3bc37d4b7fe32192fe23e2b62eebbc2e64c8c419bb25b994c44ee815ba"
"untracked","docs/project-modular-diagnostics/X04B-deployment-package-sources/issue.md","14137","2026-07-13T04:38:27.7099633Z","ebbcd0224aa4b4d04e2cc8bc29628ed96bdfeb16a634650dd95b4afb913481cd"
"untracked","docs/project-modular-diagnostics/X04B-deployment-package-sources/review-log.md","3823","2026-07-13T05:41:19.6805851Z","db1df688eef58ec26956dd8b4ba0ea2f8cfde323f7a0ea11506b9a56125c1f7d"
"untracked","docs/project-modular-diagnostics/X05Q-churchreport-legacy-boundary-quarantine/evidence/extraction-analysis.md","3980","2026-07-12T05:26:35.1786838Z","888ec357736054eee9ddcf5e344b2c9eff5b5104a7e2ac05bcbc5ae7f50231ff"
"untracked","docs/project-modular-diagnostics/X05Q-churchreport-legacy-boundary-quarantine/evidence/performance-analysis.md","3873","2026-07-12T05:26:35.1776844Z","7f94b92a98f86ef063f6c259c06fe3b046f7d11d70ad8bea37f958647947296f"
"untracked","docs/project-modular-diagnostics/X05Q-churchreport-legacy-boundary-quarantine/evidence/runtime-validation-plan.md","3558","2026-07-13T03:19:04.6865680Z","3068d433561c298a53fe2f140e3536ac7707d60fc8d29fc8d1a28c5c1dee4036"
"untracked","docs/project-modular-diagnostics/X05Q-churchreport-legacy-boundary-quarantine/evidence/scope-manifest.md","3808","2026-07-12T05:26:35.1766818Z","40caafc06a02d836530ce7a63a47d330a8ade06e8a5ff353776cc668029cc703"
"untracked","docs/project-modular-diagnostics/X05Q-churchreport-legacy-boundary-quarantine/evidence/security-analysis.md","4546","2026-07-12T05:26:35.1776844Z","82e9501c3723fef030eca37d09d80a4545726b35de6871f307cdc9288efa9001"
"untracked","docs/project-modular-diagnostics/X05Q-churchreport-legacy-boundary-quarantine/issue.md","13478","2026-07-13T04:38:27.7109619Z","50aaa9d4ca2f73b279c629de68039934c841721851191d11f72bf9d580c8018b"
"untracked","docs/project-modular-diagnostics/X05Q-churchreport-legacy-boundary-quarantine/review-log.md","3351","2026-07-13T03:24:50.1305865Z","feee973248ca38ccb3623e0303187ae9e53a7ef753eede889fcb184ca32ff647"
